-- phpMyAdmin SQL Dump
-- version 5.2.1
-- https://www.phpmyadmin.net/
--
-- 主機： 127.0.0.1
-- 產生時間： 2024-01-06 12:25:14
-- 伺服器版本： 10.4.28-MariaDB
-- PHP 版本： 8.2.4

SET SQL_MODE = "NO_AUTO_VALUE_ON_ZERO";
START TRANSACTION;
SET time_zone = "+00:00";


/*!40101 SET @OLD_CHARACTER_SET_CLIENT=@@CHARACTER_SET_CLIENT */;
/*!40101 SET @OLD_CHARACTER_SET_RESULTS=@@CHARACTER_SET_RESULTS */;
/*!40101 SET @OLD_COLLATION_CONNECTION=@@COLLATION_CONNECTION */;
/*!40101 SET NAMES utf8mb4 */;

--
-- 資料庫： `group4web`
--

-- --------------------------------------------------------

--
-- 資料表結構 `act`
--

CREATE TABLE `act` (
  `Act_Id` int(11) NOT NULL,
  `Act_Name` varchar(6) CHARACTER SET utf8 COLLATE utf8_general_ci DEFAULT NULL,
  `Act_Parent` int(11) DEFAULT NULL
) ENGINE=InnoDB DEFAULT CHARSET=utf8mb4 COLLATE=utf8mb4_general_ci;

--
-- 傾印資料表的資料 `act`
--

INSERT INTO `act` (`Act_Id`, `Act_Name`, `Act_Parent`) VALUES
(1, '餵食', 0),
(2, '廁所', 0),
(3, '運動', 0),
(4, '洗澡美容', 0),
(5, '醫療', 0),
(6, '其他', 0),
(7, '乾食', 1),
(8, '濕食', 1),
(9, '罐頭', 1),
(10, '點心', 1),
(11, '大便', 2),
(12, '尿尿', 2),
(13, '散步', 3),
(14, '坐下起立運動', 3),
(16, '重心移轉運動', 3),
(17, '洗澡', 4),
(18, '梳毛', 4),
(19, '剪指甲', 4),
(20, '剪毛', 4),
(21, '疫苗注射', 5),
(22, '化毛膏', 5),
(23, '成長紀錄', 5),
(24, '體溫', 5),
(36, '123', 4);

-- --------------------------------------------------------

--
-- 資料表結構 `basiclist`
--

CREATE TABLE `basiclist` (
  `Pet_Id` int(11) NOT NULL,
  `sid` varchar(6) CHARACTER SET utf8 COLLATE utf8_general_ci DEFAULT NULL,
  `pet_type` varchar(1) CHARACTER SET utf8 COLLATE utf8_general_ci DEFAULT NULL,
  `pet_breed` varchar(6) CHARACTER SET utf8 COLLATE utf8_general_ci DEFAULT NULL,
  `Pet_Name` varchar(2) CHARACTER SET utf8 COLLATE utf8_general_ci DEFAULT NULL,
  `Pet_Birthday` datetime DEFAULT NULL,
  `Pet_Chip_ID` bigint(20) DEFAULT NULL,
  `Pet_Gender` varchar(1) CHARACTER SET utf8 COLLATE utf8_general_ci DEFAULT NULL
) ENGINE=InnoDB DEFAULT CHARSET=utf8mb4 COLLATE=utf8mb4_general_ci;

--
-- 傾印資料表的資料 `basiclist`
--

INSERT INTO `basiclist` (`Pet_Id`, `sid`, `pet_type`, `pet_breed`, `Pet_Name`, `Pet_Birthday`, `Pet_Chip_ID`, `Pet_Gender`) VALUES
(1, 'mem112', '貓', '英國短毛貓', '小紅', '2013-05-06 00:00:00', 715066248328030, '女'),
(2, 'mem099', '狗', '哈士奇', '小橙', '2022-01-26 00:00:00', 103540354190132, '女'),
(3, 'mem112', '貓', '埃及貓', '小黃', '2015-10-07 00:00:00', 228787245888912, '男'),
(4, 'mem049', '貓', '布偶貓', '小綠', '2019-02-16 00:00:00', 355474109808510, '女'),
(5, 'mem049', '貓', '波斯貓', '小藍', '2018-05-03 00:00:00', 419991798003738, '女'),
(6, 'mem071', '狗', '吉娃娃', '小靛', '2022-12-06 00:00:00', 575328787377824, '女'),
(7, 'mem108', '狗', '哈士奇', '小紫', '2019-08-24 00:00:00', 665918518904690, '男'),
(8, 'mem103', '狗', '吉娃娃', '大紅', '2016-05-12 00:00:00', 777337070413349, '男'),
(9, 'mem046', '貓', '埃及貓', '大橙', '2019-01-13 00:00:00', 805471047375091, '男'),
(10, 'mem177', '狗', '米格魯', '大黃', '2014-11-14 00:00:00', 946154856286554, '男'),
(11, 'mem046', '貓', '英國短毛貓', '大綠', '2015-03-06 00:00:00', 63652684924440, '男'),
(12, 'mem112', '貓', '蘇格蘭摺耳貓', '大藍', '2018-12-02 00:00:00', 16011105436178, '女'),
(13, 'mem121', '狗', '哈士奇', '大靛', '2020-02-28 00:00:00', 26138630043710, '女'),
(14, 'mem200', '貓', '布偶貓', '大紫', '2017-07-21 00:00:00', 34828383997368, '女'),
(15, 'mem184', '狗', '米格魯', '中紅', '2021-05-02 00:00:00', 40883647810553, '女'),
(16, 'mem142', '狗', '貴賓狗', '中橙', '2016-03-11 00:00:00', 52798013738427, '男'),
(17, 'mem171', '貓', '蘇格蘭摺耳貓', '中黃', '2013-05-28 00:00:00', 66744198742168, '女'),
(18, 'mem121', '貓', '波斯貓', '中綠', '2021-10-03 00:00:00', 72899261660240, '男'),
(19, 'mem184', '狗', '米格魯', '中藍', '2013-09-27 00:00:00', 82889257360553, '女'),
(20, 'mem148', '貓', '埃及貓', '中靛', '2015-10-06 00:00:00', 95177394415269, '女'),
(21, 'mem112', '狗', '吉娃娃', '中紫', '2012-05-25 00:00:00', 4408021050, '男'),
(22, 'mem142', '狗', '貴賓狗', '阿紅', '2023-06-11 00:00:00', 1356727435, '女'),
(23, 'mem078', '貓', '布偶貓', '阿橙', '2020-11-10 00:00:00', 2022541029, '女'),
(24, 'mem142', '狗', '米格魯', '阿黃', '2014-06-02 00:00:00', 3108269080, '女'),
(25, 'mem188', '狗', '柯基', '阿綠', '2011-10-23 00:00:00', 4044246206, '男'),
(26, 'mem135', '貓', '英國短毛貓', '阿藍', '2020-11-04 00:00:00', 5272679629, '女'),
(27, 'mem121', '貓', '暹羅貓', '阿靛', '2016-10-24 00:00:00', 6984976642, '男'),
(28, 'mem085', '狗', '米格魯', '阿紫', '2018-11-24 00:00:00', 7157738340, '女'),
(29, 'mem183', '狗', '黃金獵犬', 'A紅', '2013-10-02 00:00:00', 8245226412, '女'),
(30, 'mem108', '貓', '埃及貓', 'A橙', '2014-11-08 00:00:00', 9922913769, '男'),
(31, 'mem161', '狗', '米格魯', 'A黃', '2020-02-10 00:00:00', 231526404254, '女'),
(32, 'mem121', '狗', '哈士奇', 'A綠', '2017-08-10 00:00:00', 314467590532, '男'),
(33, 'mem184', '貓', '暹羅貓', 'A藍', '2019-06-15 00:00:00', 493047974448, '女'),
(34, 'mem153', '貓', '蘇格蘭摺耳貓', 'A靛', '2012-09-27 00:00:00', 500288307351, '女'),
(35, 'mem068', '狗', '米格魯', 'A紫', '2021-07-17 00:00:00', 668016788676, '女'),
(36, 'mem071', '狗', '柯基', '紅', '2023-03-28 00:00:00', 747554140178, '男'),
(37, 'mem133', '狗', '米格魯', '橙', '2023-12-04 00:00:00', 815909934338, '男'),
(38, 'mem068', '貓', '布偶貓', '黃', '2018-06-04 00:00:00', 923178702855, '男'),
(39, 'mem041', '貓', '暹羅貓', '綠', '2017-11-21 00:00:00', 23777601300, '男'),
(40, 'mem066', '狗', '貴賓狗', '藍', '2018-01-11 00:00:00', 18739759214, '女'),
(41, 'mem200', '貓', '蘇格蘭摺耳貓', '靛', '2023-08-21 00:00:00', 24654247063, '女'),
(42, 'mem041', '狗', '米格魯', '紫', '2015-06-22 00:00:00', 30377857203, '女'),
(43, 'mem002', '狗', '柯基', '一紅', '2012-10-25 00:00:00', 42532574249, '女'),
(44, 'mem108', '狗', '黃金獵犬', '一橙', '2019-08-09 00:00:00', 50686670141, '女'),
(45, 'mem002', '貓', '波斯貓', '一黃', '2016-03-03 00:00:00', 61328265951, '男'),
(46, 'mem155', '狗', '貴賓狗', '一綠', '2022-02-04 00:00:00', 76072678772, '男'),
(47, 'mem017', '貓', '暹羅貓', '一藍', '2020-10-29 00:00:00', 83320481286, '女'),
(48, 'mem155', '貓', '英國短毛貓', '一靛', '2014-05-23 00:00:00', 93447324337, '女'),
(49, 'mem136', '狗', '哈士奇', '一紫', '2011-09-09 00:00:00', 26824361245, '女'),
(50, 'mem071', '貓', '蘇格蘭摺耳貓', '一白', '2012-03-16 00:00:00', 39460164772, '女');

-- --------------------------------------------------------

--
-- 資料表結構 `diary_content`
--

CREATE TABLE `diary_content` (
  `sid` int(11) NOT NULL,
  `Pet_Id` int(11) DEFAULT NULL,
  `Diary_date` date DEFAULT NULL,
  `Diary_Time` varchar(8) CHARACTER SET utf8 COLLATE utf8_general_ci DEFAULT NULL,
  `Act_Id` int(11) DEFAULT NULL,
  `Quantity_G` int(11) DEFAULT NULL,
  `Duration_min` int(11) DEFAULT NULL,
  `Body_Temperature` decimal(3,1) DEFAULT NULL,
  `Height_cm` int(11) DEFAULT NULL,
  `Weight_Kg` decimal(3,1) DEFAULT NULL,
  `Memo` int(11) DEFAULT NULL
) ENGINE=InnoDB DEFAULT CHARSET=utf8mb4 COLLATE=utf8mb4_general_ci;

--
-- 傾印資料表的資料 `diary_content`
--

INSERT INTO `diary_content` (`sid`, `Pet_Id`, `Diary_date`, `Diary_Time`, `Act_Id`, `Quantity_G`, `Duration_min`, `Body_Temperature`, `Height_cm`, `Weight_Kg`, `Memo`) VALUES
(1, 1, '2023-10-10', '09:00:00', 7, 500, NULL, NULL, NULL, NULL, NULL),
(2, 1, '2023-10-10', '10:00:00', 13, NULL, 50, NULL, NULL, NULL, NULL),
(3, 1, '2023-10-10', '10:30:00', 11, NULL, NULL, NULL, NULL, NULL, NULL),
(4, 1, '2023-10-10', '15:00:00', 13, NULL, 20, NULL, NULL, NULL, NULL),
(5, 1, '2023-10-10', '16:00:00', 12, NULL, NULL, NULL, NULL, NULL, NULL),
(6, 1, '2023-10-10', '19:00:00', 8, 500, NULL, NULL, NULL, NULL, NULL),
(7, 1, '2023-10-11', '09:00:00', 7, 600, NULL, NULL, NULL, NULL, NULL),
(8, 1, '2023-10-11', '10:20:00', 13, NULL, 40, NULL, NULL, NULL, NULL),
(9, 1, '2023-10-11', '10:30:00', 11, NULL, NULL, NULL, NULL, NULL, NULL),
(10, 1, '2023-10-11', '15:30:00', 13, NULL, 20, NULL, NULL, NULL, NULL),
(11, 1, '2023-10-11', '16:30:00', 12, NULL, NULL, NULL, NULL, NULL, NULL),
(12, 1, '2023-10-11', '19:00:00', 8, 300, NULL, NULL, NULL, NULL, NULL),
(13, 1, '2023-10-12', '09:30:00', 7, 600, NULL, NULL, NULL, NULL, NULL),
(14, 1, '2023-10-12', '10:10:00', 13, NULL, 90, NULL, NULL, NULL, NULL),
(15, 1, '2023-10-12', '11:30:00', 11, NULL, NULL, NULL, NULL, NULL, NULL),
(16, 1, '2023-10-12', '14:30:00', 13, NULL, 10, NULL, NULL, NULL, NULL),
(17, 1, '2023-10-12', '15:30:00', 12, NULL, NULL, NULL, NULL, NULL, NULL),
(18, 1, '2023-10-12', '19:00:00', 8, 450, NULL, NULL, NULL, NULL, NULL),
(19, 1, '2023-10-12', '20:00:00', 18, NULL, 20, NULL, NULL, NULL, NULL),
(20, 1, '2023-10-13', '09:00:00', 7, 450, NULL, NULL, NULL, NULL, NULL),
(21, 1, '2023-10-13', '10:10:00', 17, NULL, 90, NULL, NULL, NULL, NULL),
(22, 1, '2023-10-13', '13:10:00', 11, NULL, NULL, NULL, NULL, NULL, NULL),
(23, 1, '2023-10-13', '14:40:00', 13, NULL, 40, NULL, NULL, NULL, NULL),
(24, 1, '2023-10-13', '16:30:00', 12, NULL, NULL, NULL, NULL, NULL, NULL),
(25, 1, '2023-10-13', '19:30:00', 8, 400, NULL, NULL, NULL, NULL, NULL),
(26, 1, '2023-10-14', '09:00:00', 7, 500, NULL, NULL, NULL, NULL, NULL),
(27, 1, '2023-10-14', '09:30:00', 11, NULL, NULL, NULL, NULL, NULL, NULL),
(28, 1, '2023-10-14', '14:10:00', 13, NULL, 60, NULL, NULL, NULL, NULL),
(29, 1, '2023-10-14', '14:40:00', 11, NULL, NULL, NULL, NULL, NULL, NULL),
(30, 1, '2023-10-14', '17:30:00', 20, NULL, NULL, NULL, NULL, NULL, NULL),
(31, 1, '2023-10-14', '19:30:00', 8, 600, NULL, NULL, NULL, NULL, NULL),
(32, 1, '2023-10-15', '09:00:00', 7, 600, NULL, NULL, NULL, NULL, NULL),
(33, 1, '2023-10-15', '10:30:00', 13, NULL, 80, NULL, NULL, NULL, NULL),
(34, 1, '2023-10-15', '10:40:00', 11, NULL, NULL, NULL, NULL, NULL, NULL),
(35, 1, '2023-10-15', '15:30:00', 12, NULL, NULL, NULL, NULL, NULL, NULL),
(36, 1, '2023-10-15', '19:00:00', 8, 700, NULL, NULL, NULL, NULL, NULL),
(37, 1, '2023-10-16', '09:00:00', 7, 650, NULL, NULL, NULL, NULL, NULL),
(38, 1, '2023-10-16', '10:15:00', 13, NULL, 50, NULL, NULL, NULL, NULL),
(39, 1, '2023-10-16', '10:30:00', 11, NULL, NULL, NULL, NULL, NULL, NULL),
(40, 1, '2023-10-16', '13:30:00', 12, NULL, NULL, NULL, NULL, NULL, NULL),
(41, 1, '2023-10-16', '15:00:00', 24, NULL, NULL, 38.0, NULL, NULL, NULL),
(42, 1, '2023-10-16', '15:30:00', 23, NULL, NULL, NULL, 25, 4.0, NULL),
(43, 1, '2023-10-16', '19:30:00', 8, 500, NULL, NULL, NULL, NULL, NULL),
(44, 2, '2023-10-10', '10:00:00', 13, NULL, 50, NULL, NULL, NULL, NULL),
(45, 2, '2023-10-10', '11:00:00', 12, NULL, NULL, NULL, NULL, NULL, NULL),
(46, 2, '2023-10-10', '12:30:00', 7, 500, NULL, NULL, NULL, NULL, NULL),
(47, 2, '2023-10-10', '15:00:00', 9, 200, NULL, NULL, NULL, NULL, NULL),
(48, 2, '2023-10-10', '16:00:00', 12, NULL, NULL, NULL, NULL, NULL, NULL),
(49, 2, '2023-10-11', '10:20:00', 13, NULL, 40, NULL, NULL, NULL, NULL),
(50, 2, '2023-10-11', '10:30:00', 11, NULL, NULL, NULL, NULL, NULL, NULL),
(51, 2, '2023-10-11', '15:30:00', 13, NULL, 20, NULL, NULL, NULL, NULL),
(52, 2, '2023-10-11', '16:30:00', 12, NULL, NULL, NULL, NULL, NULL, NULL),
(53, 2, '2023-10-11', '19:00:00', 8, 300, NULL, NULL, NULL, NULL, NULL),
(54, 2, '2023-10-12', '10:10:00', 14, NULL, 30, NULL, NULL, NULL, NULL),
(55, 2, '2023-10-12', '11:00:00', 11, NULL, NULL, NULL, NULL, NULL, NULL),
(56, 2, '2023-10-12', '14:00:00', 9, 300, NULL, NULL, NULL, NULL, NULL),
(57, 2, '2023-10-12', '15:30:00', 12, NULL, NULL, NULL, NULL, NULL, NULL),
(58, 2, '2023-10-12', '16:00:00', 8, 550, NULL, NULL, NULL, NULL, NULL),
(59, 2, '2023-10-12', '16:30:00', 17, NULL, 20, NULL, NULL, NULL, NULL),
(60, 2, '2023-10-12', '17:00:00', 18, NULL, 20, NULL, NULL, NULL, NULL),
(61, 2, '2023-10-12', '20:00:00', 7, 200, NULL, NULL, NULL, NULL, NULL),
(62, 2, '2023-10-13', '11:10:00', 16, NULL, 60, NULL, NULL, NULL, NULL),
(63, 2, '2023-10-13', '12:10:00', 11, NULL, NULL, NULL, NULL, NULL, NULL),
(64, 2, '2023-10-13', '14:40:00', 7, 450, NULL, NULL, NULL, NULL, NULL),
(65, 2, '2023-10-13', '15:00:00', 12, NULL, NULL, NULL, NULL, NULL, NULL),
(66, 2, '2023-10-13', '16:00:00', 24, NULL, NULL, 37.9, NULL, NULL, NULL),
(67, 2, '2023-10-13', '16:10:00', 23, NULL, NULL, NULL, 52, 20.0, NULL),
(68, 2, '2023-10-14', '14:10:00', 15, NULL, 60, NULL, NULL, NULL, NULL),
(69, 2, '2023-10-14', '14:40:00', 9, 300, NULL, NULL, NULL, NULL, NULL),
(70, 2, '2023-10-14', '15:30:00', 11, NULL, NULL, NULL, NULL, NULL, NULL),
(71, 2, '2023-10-14', '16:30:00', 12, NULL, NULL, NULL, NULL, NULL, NULL),
(72, 2, '2023-10-14', '19:40:00', 8, 600, NULL, NULL, NULL, NULL, NULL),
(73, 2, '2023-10-15', '10:30:00', 13, NULL, 90, NULL, NULL, NULL, NULL),
(74, 2, '2023-10-15', '10:40:00', 11, NULL, NULL, NULL, NULL, NULL, NULL),
(75, 2, '2023-10-15', '12:30:00', 8, 700, NULL, NULL, NULL, NULL, NULL),
(76, 2, '2023-10-15', '14:00:00', 16, NULL, 50, NULL, NULL, NULL, NULL),
(77, 2, '2023-10-15', '15:20:00', 10, 300, NULL, NULL, NULL, NULL, NULL),
(78, 2, '2023-10-15', '16:30:00', 11, NULL, NULL, NULL, NULL, NULL, NULL),
(79, 2, '2023-10-15', '19:30:00', 19, NULL, NULL, NULL, NULL, NULL, NULL),
(80, 2, '2023-10-15', '20:00:00', 18, NULL, 10, NULL, NULL, NULL, NULL),
(81, 2, '2023-10-16', '12:10:00', 13, NULL, 35, NULL, NULL, NULL, NULL),
(82, 2, '2023-10-16', '14:40:00', 8, 600, NULL, NULL, NULL, NULL, NULL),
(83, 2, '2023-10-16', '15:30:00', 11, NULL, NULL, NULL, NULL, NULL, NULL),
(84, 2, '2023-10-16', '16:00:00', 12, NULL, NULL, NULL, NULL, NULL, NULL),
(85, 2, '2023-10-16', '19:40:00', 8, 550, NULL, NULL, NULL, NULL, NULL),
(86, 2, '2023-10-16', '20:00:00', 24, NULL, NULL, 38.5, NULL, NULL, NULL),
(87, 3, '2023-10-10', '09:00:00', 7, 500, NULL, NULL, NULL, NULL, NULL),
(88, 3, '2023-10-10', '10:00:00', 13, NULL, 50, NULL, NULL, NULL, NULL),
(89, 3, '2023-10-10', '10:30:00', 11, NULL, NULL, NULL, NULL, NULL, NULL),
(90, 3, '2023-10-10', '15:00:00', 13, NULL, 20, NULL, NULL, NULL, NULL),
(91, 3, '2023-10-10', '16:00:00', 12, NULL, NULL, NULL, NULL, NULL, NULL),
(92, 3, '2023-10-10', '19:00:00', 8, 500, NULL, NULL, NULL, NULL, NULL),
(93, 4, '2023-10-11', '09:00:00', 7, 600, NULL, NULL, NULL, NULL, NULL),
(94, 4, '2023-10-11', '10:20:00', 13, NULL, 40, NULL, NULL, NULL, NULL),
(95, 4, '2023-10-11', '10:30:00', 11, NULL, NULL, NULL, NULL, NULL, NULL),
(96, 4, '2023-10-11', '15:30:00', 13, NULL, 20, NULL, NULL, NULL, NULL),
(97, 4, '2023-10-11', '16:30:00', 12, NULL, NULL, NULL, NULL, NULL, NULL),
(98, 4, '2023-10-11', '19:00:00', 8, 300, NULL, NULL, NULL, NULL, NULL),
(99, 5, '2023-10-12', '09:30:00', 7, 600, NULL, NULL, NULL, NULL, NULL),
(100, 5, '2023-10-12', '10:10:00', 13, NULL, 80, NULL, NULL, NULL, NULL),
(101, 5, '2023-10-12', '11:30:00', 11, NULL, NULL, NULL, NULL, NULL, NULL),
(102, 5, '2023-10-12', '14:30:00', 13, NULL, 10, NULL, NULL, NULL, NULL),
(103, 5, '2023-10-12', '15:30:00', 12, NULL, NULL, NULL, NULL, NULL, NULL),
(104, 5, '2023-10-12', '19:00:00', 8, 450, NULL, NULL, NULL, NULL, NULL),
(105, 5, '2023-10-12', '20:00:00', 18, NULL, 20, NULL, NULL, NULL, NULL),
(106, 6, '2023-10-13', '09:00:00', 7, 450, NULL, NULL, NULL, NULL, NULL),
(107, 6, '2023-10-13', '10:10:00', 17, NULL, 60, NULL, NULL, NULL, NULL),
(108, 6, '2023-10-13', '13:10:00', 11, NULL, NULL, NULL, NULL, NULL, NULL),
(109, 6, '2023-10-13', '14:40:00', 13, NULL, 40, NULL, NULL, NULL, NULL),
(110, 6, '2023-10-13', '16:30:00', 12, NULL, NULL, NULL, NULL, NULL, NULL),
(111, 6, '2023-10-13', '19:30:00', 8, 400, NULL, NULL, NULL, NULL, NULL),
(112, 7, '2023-10-14', '09:00:00', 7, 500, NULL, NULL, NULL, NULL, NULL),
(113, 7, '2023-10-14', '09:30:00', 11, NULL, NULL, NULL, NULL, NULL, NULL),
(114, 7, '2023-10-14', '14:10:00', 13, NULL, 60, NULL, NULL, NULL, NULL),
(115, 7, '2023-10-14', '14:40:00', 11, NULL, NULL, NULL, NULL, NULL, NULL),
(116, 7, '2023-10-14', '17:30:00', 20, NULL, NULL, NULL, NULL, NULL, NULL),
(117, 7, '2023-10-14', '19:30:00', 8, 600, NULL, NULL, NULL, NULL, NULL),
(118, 8, '2023-10-15', '09:00:00', 7, 600, NULL, NULL, NULL, NULL, NULL),
(119, 8, '2023-10-15', '10:30:00', 13, NULL, 80, NULL, NULL, NULL, NULL),
(120, 8, '2023-10-15', '10:40:00', 11, NULL, NULL, NULL, NULL, NULL, NULL),
(121, 8, '2023-10-15', '15:30:00', 12, NULL, NULL, NULL, NULL, NULL, NULL),
(122, 8, '2023-10-15', '19:00:00', 8, 700, NULL, NULL, NULL, NULL, NULL),
(123, 9, '2023-10-16', '09:00:00', 7, 650, NULL, NULL, NULL, NULL, NULL),
(124, 9, '2023-10-16', '10:15:00', 13, NULL, 50, NULL, NULL, NULL, NULL),
(125, 9, '2023-10-16', '10:30:00', 11, NULL, NULL, NULL, NULL, NULL, NULL),
(126, 9, '2023-10-16', '13:30:00', 12, NULL, NULL, NULL, NULL, NULL, NULL),
(127, 9, '2023-10-16', '15:00:00', 24, NULL, NULL, 40.0, NULL, NULL, NULL),
(128, 9, '2023-10-16', '15:30:00', 23, NULL, NULL, NULL, 23, 5.0, NULL),
(129, 9, '2023-10-16', '19:30:00', 8, 500, NULL, NULL, NULL, NULL, NULL),
(130, 10, '2023-10-10', '10:00:00', 13, NULL, 50, NULL, NULL, NULL, NULL),
(131, 10, '2023-10-10', '11:00:00', 12, NULL, NULL, NULL, NULL, NULL, NULL),
(132, 10, '2023-10-10', '12:30:00', 7, 500, NULL, NULL, NULL, NULL, NULL),
(133, 10, '2023-10-10', '15:00:00', 9, 200, NULL, NULL, NULL, NULL, NULL),
(134, 10, '2023-10-10', '16:00:00', 12, NULL, NULL, NULL, NULL, NULL, NULL),
(135, 11, '2023-10-11', '10:20:00', 13, NULL, 40, NULL, NULL, NULL, NULL),
(136, 11, '2023-10-11', '10:30:00', 11, NULL, NULL, NULL, NULL, NULL, NULL),
(137, 11, '2023-10-11', '15:30:00', 13, NULL, 20, NULL, NULL, NULL, NULL),
(138, 11, '2023-10-11', '16:30:00', 12, NULL, NULL, NULL, NULL, NULL, NULL),
(139, 11, '2023-10-11', '19:00:00', 8, 300, NULL, NULL, NULL, NULL, NULL),
(140, 12, '2023-10-12', '10:10:00', 14, NULL, 30, NULL, NULL, NULL, NULL),
(141, 12, '2023-10-12', '11:00:00', 11, NULL, NULL, NULL, NULL, NULL, NULL),
(142, 12, '2023-10-12', '14:00:00', 9, 300, NULL, NULL, NULL, NULL, NULL),
(143, 12, '2023-10-12', '15:30:00', 12, NULL, NULL, NULL, NULL, NULL, NULL),
(144, 12, '2023-10-12', '16:00:00', 8, 550, NULL, NULL, NULL, NULL, NULL),
(145, 12, '2023-10-12', '16:30:00', 17, NULL, 20, NULL, NULL, NULL, NULL),
(146, 12, '2023-10-12', '17:00:00', 18, NULL, 20, NULL, NULL, NULL, NULL),
(147, 12, '2023-10-12', '20:00:00', 7, 200, NULL, NULL, NULL, NULL, NULL),
(148, 13, '2023-10-13', '11:10:00', 16, NULL, 60, NULL, NULL, NULL, NULL),
(149, 13, '2023-10-13', '12:10:00', 11, NULL, NULL, NULL, NULL, NULL, NULL),
(150, 13, '2023-10-13', '14:40:00', 7, 450, NULL, NULL, NULL, NULL, NULL),
(151, 13, '2023-10-13', '15:00:00', 12, NULL, NULL, NULL, NULL, NULL, NULL),
(152, 13, '2023-10-13', '16:00:00', 24, NULL, NULL, 38.2, NULL, NULL, NULL),
(153, 13, '2023-10-13', '16:10:00', 23, NULL, NULL, NULL, 54, 22.0, NULL),
(154, 14, '2023-10-14', '14:10:00', 15, NULL, 60, NULL, NULL, NULL, NULL),
(155, 14, '2023-10-14', '14:40:00', 9, 300, NULL, NULL, NULL, NULL, NULL),
(156, 14, '2023-10-14', '15:30:00', 11, NULL, NULL, NULL, NULL, NULL, NULL),
(157, 14, '2023-10-14', '16:30:00', 12, NULL, NULL, NULL, NULL, NULL, NULL),
(158, 14, '2023-10-14', '19:40:00', 8, 600, NULL, NULL, NULL, NULL, NULL),
(159, 15, '2023-10-15', '10:30:00', 13, NULL, 90, NULL, NULL, NULL, NULL),
(160, 15, '2023-10-15', '10:40:00', 11, NULL, NULL, NULL, NULL, NULL, NULL),
(161, 15, '2023-10-15', '12:30:00', 8, 700, NULL, NULL, NULL, NULL, NULL),
(162, 15, '2023-10-15', '14:00:00', 16, NULL, 50, NULL, NULL, NULL, NULL),
(163, 15, '2023-10-15', '15:20:00', 10, 300, NULL, NULL, NULL, NULL, NULL),
(164, 15, '2023-10-15', '16:30:00', 11, NULL, NULL, NULL, NULL, NULL, NULL),
(165, 15, '2023-10-15', '19:30:00', 19, NULL, NULL, NULL, NULL, NULL, NULL),
(166, 15, '2023-10-15', '20:00:00', 18, NULL, 15, NULL, NULL, NULL, NULL),
(167, 16, '2023-10-16', '12:10:00', 13, NULL, 35, NULL, NULL, NULL, NULL),
(168, 16, '2023-10-16', '14:40:00', 8, 600, NULL, NULL, NULL, NULL, NULL),
(169, 16, '2023-10-16', '15:30:00', 11, NULL, NULL, NULL, NULL, NULL, NULL),
(170, 16, '2023-10-16', '16:00:00', 12, NULL, NULL, NULL, NULL, NULL, NULL),
(171, 16, '2023-10-16', '19:40:00', 8, 550, NULL, NULL, NULL, NULL, NULL),
(172, 16, '2023-10-16', '20:00:00', 24, NULL, NULL, 38.6, NULL, NULL, NULL),
(173, 17, '2023-10-10', '09:00:00', 7, 500, NULL, NULL, NULL, NULL, NULL),
(174, 17, '2023-10-10', '10:00:00', 13, NULL, 50, NULL, NULL, NULL, NULL),
(175, 17, '2023-10-10', '10:30:00', 11, NULL, NULL, NULL, NULL, NULL, NULL),
(176, 17, '2023-10-10', '15:00:00', 13, NULL, 20, NULL, NULL, NULL, NULL),
(177, 17, '2023-10-10', '16:00:00', 12, NULL, NULL, NULL, NULL, NULL, NULL),
(178, 17, '2023-10-10', '19:00:00', 8, 500, NULL, NULL, NULL, NULL, NULL),
(179, 18, '2023-10-11', '09:00:00', 7, 600, NULL, NULL, NULL, NULL, NULL),
(180, 18, '2023-10-11', '10:20:00', 13, NULL, 40, NULL, NULL, NULL, NULL),
(181, 18, '2023-10-11', '10:30:00', 11, NULL, NULL, NULL, NULL, NULL, NULL),
(182, 18, '2023-10-11', '15:30:00', 13, NULL, 20, NULL, NULL, NULL, NULL),
(183, 18, '2023-10-11', '16:30:00', 12, NULL, NULL, NULL, NULL, NULL, NULL),
(184, 18, '2023-10-11', '19:00:00', 8, 300, NULL, NULL, NULL, NULL, NULL),
(185, 19, '2023-10-12', '09:30:00', 7, 600, NULL, NULL, NULL, NULL, NULL),
(186, 19, '2023-10-12', '10:10:00', 13, NULL, 90, NULL, NULL, NULL, NULL),
(187, 19, '2023-10-12', '11:30:00', 11, NULL, NULL, NULL, NULL, NULL, NULL),
(188, 19, '2023-10-12', '14:30:00', 13, NULL, 25, NULL, NULL, NULL, NULL),
(189, 19, '2023-10-12', '15:30:00', 12, NULL, NULL, NULL, NULL, NULL, NULL),
(190, 19, '2023-10-12', '19:00:00', 8, 450, NULL, NULL, NULL, NULL, NULL),
(191, 19, '2023-10-12', '20:00:00', 18, NULL, 35, NULL, NULL, NULL, NULL),
(192, 20, '2023-10-13', '09:00:00', 7, 450, NULL, NULL, NULL, NULL, NULL),
(193, 20, '2023-10-13', '10:10:00', 17, NULL, 70, NULL, NULL, NULL, NULL),
(194, 20, '2023-10-13', '13:10:00', 11, NULL, NULL, NULL, NULL, NULL, NULL),
(195, 20, '2023-10-13', '14:40:00', 13, NULL, 40, NULL, NULL, NULL, NULL),
(196, 20, '2023-10-13', '16:30:00', 12, NULL, NULL, NULL, NULL, NULL, NULL),
(197, 20, '2023-10-13', '19:30:00', 8, 400, NULL, NULL, NULL, NULL, NULL),
(198, 21, '2023-10-14', '09:00:00', 7, 500, NULL, NULL, NULL, NULL, NULL),
(199, 21, '2023-10-14', '09:30:00', 11, NULL, NULL, NULL, NULL, NULL, NULL),
(200, 21, '2023-10-14', '14:10:00', 13, NULL, 60, NULL, NULL, NULL, NULL),
(201, 21, '2023-10-14', '14:40:00', 11, NULL, NULL, NULL, NULL, NULL, NULL),
(202, 21, '2023-10-14', '17:30:00', 20, NULL, NULL, NULL, NULL, NULL, NULL),
(203, 21, '2023-10-14', '19:30:00', 8, 600, NULL, NULL, NULL, NULL, NULL),
(204, 22, '2023-10-15', '09:00:00', 7, 600, NULL, NULL, NULL, NULL, NULL),
(205, 22, '2023-10-15', '10:30:00', 13, NULL, 80, NULL, NULL, NULL, NULL),
(206, 22, '2023-10-15', '10:40:00', 11, NULL, NULL, NULL, NULL, NULL, NULL),
(207, 22, '2023-10-15', '15:30:00', 12, NULL, NULL, NULL, NULL, NULL, NULL),
(208, 22, '2023-10-15', '19:00:00', 8, 700, NULL, NULL, NULL, NULL, NULL),
(209, 23, '2023-10-16', '09:00:00', 7, 650, NULL, NULL, NULL, NULL, NULL),
(210, 23, '2023-10-16', '10:15:00', 13, NULL, 50, NULL, NULL, NULL, NULL),
(211, 23, '2023-10-16', '10:30:00', 11, NULL, NULL, NULL, NULL, NULL, NULL),
(212, 23, '2023-10-16', '13:30:00', 12, NULL, NULL, NULL, NULL, NULL, NULL),
(213, 23, '2023-10-16', '15:00:00', 24, NULL, NULL, 39.5, NULL, NULL, NULL),
(214, 23, '2023-10-16', '15:30:00', 23, NULL, NULL, NULL, 24, 4.6, NULL),
(215, 23, '2023-10-16', '19:30:00', 8, 500, NULL, NULL, NULL, NULL, NULL),
(216, 24, '2023-10-10', '10:00:00', 13, NULL, 50, NULL, NULL, NULL, NULL),
(217, 24, '2023-10-10', '11:00:00', 12, NULL, NULL, NULL, NULL, NULL, NULL),
(218, 24, '2023-10-10', '12:30:00', 7, 500, NULL, NULL, NULL, NULL, NULL),
(219, 24, '2023-10-10', '15:00:00', 9, 200, NULL, NULL, NULL, NULL, NULL),
(220, 24, '2023-10-10', '16:00:00', 12, NULL, NULL, NULL, NULL, NULL, NULL),
(221, 25, '2023-10-11', '10:20:00', 13, NULL, 40, NULL, NULL, NULL, NULL),
(222, 25, '2023-10-11', '10:30:00', 11, NULL, NULL, NULL, NULL, NULL, NULL),
(223, 25, '2023-10-11', '15:30:00', 13, NULL, 45, NULL, NULL, NULL, NULL),
(224, 25, '2023-10-11', '16:30:00', 12, NULL, NULL, NULL, NULL, NULL, NULL),
(225, 25, '2023-10-11', '19:00:00', 8, 300, NULL, NULL, NULL, NULL, NULL),
(226, 26, '2023-10-12', '10:10:00', 14, NULL, 30, NULL, NULL, NULL, NULL),
(227, 26, '2023-10-12', '11:00:00', 11, NULL, NULL, NULL, NULL, NULL, NULL),
(228, 26, '2023-10-12', '14:00:00', 9, 300, NULL, NULL, NULL, NULL, NULL),
(229, 26, '2023-10-12', '15:30:00', 12, NULL, NULL, NULL, NULL, NULL, NULL),
(230, 26, '2023-10-12', '16:00:00', 8, 550, NULL, NULL, NULL, NULL, NULL),
(231, 26, '2023-10-12', '16:30:00', 17, NULL, 20, NULL, NULL, NULL, NULL),
(232, 26, '2023-10-12', '17:00:00', 18, NULL, 20, NULL, NULL, NULL, NULL),
(233, 26, '2023-10-12', '20:00:00', 7, 200, NULL, NULL, NULL, NULL, NULL),
(234, 27, '2023-10-13', '11:10:00', 16, NULL, 70, NULL, NULL, NULL, NULL),
(235, 27, '2023-10-13', '12:10:00', 11, NULL, NULL, NULL, NULL, NULL, NULL),
(236, 27, '2023-10-13', '14:40:00', 7, 450, NULL, NULL, NULL, NULL, NULL),
(237, 27, '2023-10-13', '15:00:00', 12, NULL, NULL, NULL, NULL, NULL, NULL),
(238, 27, '2023-10-13', '16:00:00', 24, NULL, NULL, 37.6, NULL, NULL, NULL),
(239, 27, '2023-10-13', '16:10:00', 23, NULL, NULL, NULL, 27, 5.0, NULL),
(240, 28, '2023-10-14', '14:10:00', 15, NULL, 60, NULL, NULL, NULL, NULL),
(241, 28, '2023-10-14', '14:40:00', 9, 300, NULL, NULL, NULL, NULL, NULL),
(242, 28, '2023-10-14', '15:30:00', 11, NULL, NULL, NULL, NULL, NULL, NULL),
(243, 28, '2023-10-14', '16:30:00', 12, NULL, NULL, NULL, NULL, NULL, NULL),
(244, 28, '2023-10-14', '19:40:00', 8, 600, NULL, NULL, NULL, NULL, NULL),
(245, 29, '2023-10-15', '10:30:00', 13, NULL, 100, NULL, NULL, NULL, NULL),
(246, 29, '2023-10-15', '10:40:00', 11, NULL, NULL, NULL, NULL, NULL, NULL),
(247, 29, '2023-10-15', '12:30:00', 8, 700, NULL, NULL, NULL, NULL, NULL),
(248, 29, '2023-10-15', '14:00:00', 16, NULL, 50, NULL, NULL, NULL, NULL),
(249, 29, '2023-10-15', '15:20:00', 10, 300, NULL, NULL, NULL, NULL, NULL),
(250, 29, '2023-10-15', '16:30:00', 11, NULL, NULL, NULL, NULL, NULL, NULL),
(251, 29, '2023-10-15', '19:30:00', 19, NULL, NULL, NULL, NULL, NULL, NULL),
(252, 29, '2023-10-15', '20:00:00', 18, NULL, 30, NULL, NULL, NULL, NULL),
(253, 30, '2023-10-16', '12:10:00', 13, NULL, 35, NULL, NULL, NULL, NULL),
(254, 30, '2023-10-16', '14:40:00', 8, 600, NULL, NULL, NULL, NULL, NULL),
(255, 30, '2023-10-16', '15:30:00', 11, NULL, NULL, NULL, NULL, NULL, NULL),
(256, 30, '2023-10-16', '16:00:00', 12, NULL, NULL, NULL, NULL, NULL, NULL),
(257, 30, '2023-10-16', '19:40:00', 8, 550, NULL, NULL, NULL, NULL, NULL),
(258, 30, '2023-10-16', '20:00:00', 24, NULL, NULL, 38.3, NULL, NULL, NULL),
(259, 31, '2023-10-10', '09:00:00', 7, 500, NULL, NULL, NULL, NULL, NULL),
(260, 31, '2023-10-10', '10:00:00', 13, NULL, 50, NULL, NULL, NULL, NULL),
(261, 31, '2023-10-10', '10:30:00', 11, NULL, NULL, NULL, NULL, NULL, NULL),
(262, 31, '2023-10-10', '15:00:00', 13, NULL, 20, NULL, NULL, NULL, NULL),
(263, 31, '2023-10-10', '16:00:00', 12, NULL, NULL, NULL, NULL, NULL, NULL),
(264, 31, '2023-10-10', '19:00:00', 8, 500, NULL, NULL, NULL, NULL, NULL),
(265, 32, '2023-10-11', '09:00:00', 7, 600, NULL, NULL, NULL, NULL, NULL),
(266, 32, '2023-10-11', '10:20:00', 13, NULL, 40, NULL, NULL, NULL, NULL),
(267, 32, '2023-10-11', '10:30:00', 11, NULL, NULL, NULL, NULL, NULL, NULL),
(268, 32, '2023-10-11', '15:30:00', 13, NULL, 20, NULL, NULL, NULL, NULL),
(269, 32, '2023-10-11', '16:30:00', 12, NULL, NULL, NULL, NULL, NULL, NULL),
(270, 32, '2023-10-11', '19:00:00', 8, 300, NULL, NULL, NULL, NULL, NULL),
(271, 33, '2023-10-12', '09:30:00', 7, 600, NULL, NULL, NULL, NULL, NULL),
(272, 33, '2023-10-12', '10:10:00', 13, NULL, 75, NULL, NULL, NULL, NULL),
(273, 33, '2023-10-12', '11:30:00', 11, NULL, NULL, NULL, NULL, NULL, NULL),
(274, 33, '2023-10-12', '14:30:00', 13, NULL, 15, NULL, NULL, NULL, NULL),
(275, 33, '2023-10-12', '15:30:00', 12, NULL, NULL, NULL, NULL, NULL, NULL),
(276, 33, '2023-10-12', '19:00:00', 8, 450, NULL, NULL, NULL, NULL, NULL),
(277, 34, '2023-10-12', '20:00:00', 18, NULL, 35, NULL, NULL, NULL, NULL),
(278, 34, '2023-10-13', '09:00:00', 7, 450, NULL, NULL, NULL, NULL, NULL),
(279, 34, '2023-10-13', '10:10:00', 17, NULL, 60, NULL, NULL, NULL, NULL),
(280, 34, '2023-10-13', '13:10:00', 11, NULL, NULL, NULL, NULL, NULL, NULL),
(281, 34, '2023-10-13', '14:40:00', 13, NULL, 40, NULL, NULL, NULL, NULL),
(282, 34, '2023-10-13', '16:30:00', 12, NULL, NULL, NULL, NULL, NULL, NULL),
(283, 34, '2023-10-13', '19:30:00', 8, 400, NULL, NULL, NULL, NULL, NULL),
(284, 35, '2023-10-14', '09:00:00', 7, 500, NULL, NULL, NULL, NULL, NULL),
(285, 35, '2023-10-14', '09:30:00', 11, NULL, NULL, NULL, NULL, NULL, NULL),
(286, 35, '2023-10-14', '14:10:00', 13, NULL, 60, NULL, NULL, NULL, NULL),
(287, 35, '2023-10-14', '14:40:00', 11, NULL, NULL, NULL, NULL, NULL, NULL),
(288, 35, '2023-10-14', '17:30:00', 20, NULL, NULL, NULL, NULL, NULL, NULL),
(289, 35, '2023-10-14', '19:30:00', 8, 600, NULL, NULL, NULL, NULL, NULL),
(290, 36, '2023-10-15', '09:00:00', 7, 600, NULL, NULL, NULL, NULL, NULL),
(291, 36, '2023-10-15', '10:30:00', 13, NULL, 80, NULL, NULL, NULL, NULL),
(292, 36, '2023-10-15', '10:40:00', 11, NULL, NULL, NULL, NULL, NULL, NULL),
(293, 36, '2023-10-15', '15:30:00', 12, NULL, NULL, NULL, NULL, NULL, NULL),
(294, 36, '2023-10-15', '19:00:00', 8, 700, NULL, NULL, NULL, NULL, NULL),
(295, 37, '2023-10-16', '09:00:00', 7, 650, NULL, NULL, NULL, NULL, NULL),
(296, 37, '2023-10-16', '10:15:00', 13, NULL, 50, NULL, NULL, NULL, NULL),
(297, 37, '2023-10-16', '10:30:00', 11, NULL, NULL, NULL, NULL, NULL, NULL),
(298, 37, '2023-10-16', '13:30:00', 12, NULL, NULL, NULL, NULL, NULL, NULL),
(299, 37, '2023-10-16', '15:00:00', 24, NULL, NULL, 39.4, NULL, NULL, NULL),
(300, 37, '2023-10-16', '15:30:00', 23, NULL, NULL, NULL, 38, 10.0, NULL),
(301, 37, '2023-10-16', '19:30:00', 8, 500, NULL, NULL, NULL, NULL, NULL),
(302, 38, '2023-10-10', '10:00:00', 13, NULL, 50, NULL, NULL, NULL, NULL),
(303, 38, '2023-10-10', '11:00:00', 12, NULL, NULL, NULL, NULL, NULL, NULL),
(304, 38, '2023-10-10', '12:30:00', 7, 500, NULL, NULL, NULL, NULL, NULL),
(305, 38, '2023-10-10', '15:00:00', 9, 200, NULL, NULL, NULL, NULL, NULL),
(306, 38, '2023-10-10', '16:00:00', 12, NULL, NULL, NULL, NULL, NULL, NULL),
(307, 39, '2023-10-11', '10:20:00', 13, NULL, 40, NULL, NULL, NULL, NULL),
(308, 39, '2023-10-11', '10:30:00', 11, NULL, NULL, NULL, NULL, NULL, NULL),
(309, 39, '2023-10-11', '15:30:00', 13, NULL, 55, NULL, NULL, NULL, NULL),
(310, 39, '2023-10-11', '16:30:00', 12, NULL, NULL, NULL, NULL, NULL, NULL),
(311, 39, '2023-10-11', '19:00:00', 8, 300, NULL, NULL, NULL, NULL, NULL),
(312, 40, '2023-10-12', '10:10:00', 14, NULL, 30, NULL, NULL, NULL, NULL),
(313, 40, '2023-10-12', '11:00:00', 11, NULL, NULL, NULL, NULL, NULL, NULL),
(314, 40, '2023-10-12', '14:00:00', 9, 300, NULL, NULL, NULL, NULL, NULL),
(315, 40, '2023-10-12', '15:30:00', 12, NULL, NULL, NULL, NULL, NULL, NULL),
(316, 40, '2023-10-12', '16:00:00', 8, 550, NULL, NULL, NULL, NULL, NULL),
(317, 40, '2023-10-12', '16:30:00', 17, NULL, 20, NULL, NULL, NULL, NULL),
(318, 40, '2023-10-12', '17:00:00', 18, NULL, 20, NULL, NULL, NULL, NULL),
(319, 40, '2023-10-12', '20:00:00', 7, 200, NULL, NULL, NULL, NULL, NULL),
(320, 41, '2023-10-13', '11:10:00', 16, NULL, 60, NULL, NULL, NULL, NULL),
(321, 41, '2023-10-13', '12:10:00', 11, NULL, NULL, NULL, NULL, NULL, NULL),
(322, 41, '2023-10-13', '14:40:00', 7, 450, NULL, NULL, NULL, NULL, NULL),
(323, 41, '2023-10-13', '15:00:00', 12, NULL, NULL, NULL, NULL, NULL, NULL),
(324, 41, '2023-10-13', '16:00:00', 24, NULL, NULL, 39.2, NULL, NULL, NULL),
(325, 41, '2023-10-13', '16:10:00', 23, NULL, NULL, NULL, 22, 3.5, NULL),
(326, 42, '2023-10-14', '14:10:00', 15, NULL, 60, NULL, NULL, NULL, NULL),
(327, 42, '2023-10-14', '14:40:00', 9, 300, NULL, NULL, NULL, NULL, NULL),
(328, 42, '2023-10-14', '15:30:00', 11, NULL, NULL, NULL, NULL, NULL, NULL),
(329, 42, '2023-10-14', '16:30:00', 12, NULL, NULL, NULL, NULL, NULL, NULL),
(330, 42, '2023-10-14', '19:40:00', 8, 600, NULL, NULL, NULL, NULL, NULL),
(331, 43, '2023-10-15', '10:30:00', 13, NULL, 90, NULL, NULL, NULL, NULL),
(332, 43, '2023-10-15', '10:40:00', 11, NULL, NULL, NULL, NULL, NULL, NULL),
(333, 43, '2023-10-15', '12:30:00', 8, 700, NULL, NULL, NULL, NULL, NULL),
(334, 43, '2023-10-15', '14:00:00', 16, NULL, 50, NULL, NULL, NULL, NULL),
(335, 43, '2023-10-15', '15:20:00', 10, 300, NULL, NULL, NULL, NULL, NULL),
(336, 43, '2023-10-15', '16:30:00', 11, NULL, NULL, NULL, NULL, NULL, NULL),
(337, 43, '2023-10-15', '19:30:00', 19, NULL, NULL, NULL, NULL, NULL, NULL),
(338, 43, '2023-10-15', '20:00:00', 18, NULL, 20, NULL, NULL, NULL, NULL),
(339, 44, '2023-10-16', '12:10:00', 13, NULL, 35, NULL, NULL, NULL, NULL),
(340, 44, '2023-10-16', '14:40:00', 8, 600, NULL, NULL, NULL, NULL, NULL),
(341, 44, '2023-10-16', '15:30:00', 11, NULL, NULL, NULL, NULL, NULL, NULL),
(342, 44, '2023-10-16', '16:00:00', 12, NULL, NULL, NULL, NULL, NULL, NULL),
(343, 44, '2023-10-16', '19:40:00', 8, 550, NULL, NULL, NULL, NULL, NULL),
(344, 44, '2023-10-16', '20:00:00', 24, NULL, NULL, 38.4, NULL, NULL, NULL),
(345, 45, '2023-10-10', '09:00:00', 7, 500, NULL, NULL, NULL, NULL, NULL),
(346, 45, '2023-10-10', '10:00:00', 13, NULL, 50, NULL, NULL, NULL, NULL),
(347, 45, '2023-10-10', '10:30:00', 11, NULL, NULL, NULL, NULL, NULL, NULL),
(348, 45, '2023-10-10', '15:00:00', 13, NULL, 20, NULL, NULL, NULL, NULL),
(349, 45, '2023-10-10', '16:00:00', 12, NULL, NULL, NULL, NULL, NULL, NULL),
(350, 45, '2023-10-10', '19:00:00', 8, 500, NULL, NULL, NULL, NULL, NULL),
(351, 46, '2023-10-11', '09:00:00', 7, 600, NULL, NULL, NULL, NULL, NULL),
(352, 46, '2023-10-11', '10:20:00', 13, NULL, 40, NULL, NULL, NULL, NULL),
(353, 46, '2023-10-11', '10:30:00', 11, NULL, NULL, NULL, NULL, NULL, NULL),
(354, 46, '2023-10-11', '15:30:00', 13, NULL, 20, NULL, NULL, NULL, NULL),
(355, 46, '2023-10-11', '16:30:00', 12, NULL, NULL, NULL, NULL, NULL, NULL),
(356, 46, '2023-10-11', '19:00:00', 8, 300, NULL, NULL, NULL, NULL, NULL),
(357, 47, '2023-10-12', '09:30:00', 7, 600, NULL, NULL, NULL, NULL, NULL),
(358, 47, '2023-10-12', '10:10:00', 13, NULL, 90, NULL, NULL, NULL, NULL),
(359, 47, '2023-10-12', '11:30:00', 11, NULL, NULL, NULL, NULL, NULL, NULL),
(360, 47, '2023-10-12', '14:30:00', 13, NULL, 25, NULL, NULL, NULL, NULL),
(361, 47, '2023-10-12', '15:30:00', 12, NULL, NULL, NULL, NULL, NULL, NULL),
(362, 47, '2023-10-12', '19:00:00', 8, 450, NULL, NULL, NULL, NULL, NULL),
(363, 47, '2023-10-12', '20:00:00', 18, NULL, 20, NULL, NULL, NULL, NULL),
(364, 48, '2023-10-13', '09:00:00', 7, 450, NULL, NULL, NULL, NULL, NULL),
(365, 48, '2023-10-13', '10:10:00', 17, NULL, 60, NULL, NULL, NULL, NULL),
(366, 48, '2023-10-13', '13:10:00', 11, NULL, NULL, NULL, NULL, NULL, NULL),
(367, 48, '2023-10-13', '14:40:00', 13, NULL, 40, NULL, NULL, NULL, NULL),
(368, 48, '2023-10-13', '16:30:00', 12, NULL, NULL, NULL, NULL, NULL, NULL),
(369, 48, '2023-10-13', '19:30:00', 8, 400, NULL, NULL, NULL, NULL, NULL),
(370, 49, '2023-10-14', '09:00:00', 7, 500, NULL, NULL, NULL, NULL, NULL),
(371, 49, '2023-10-14', '09:30:00', 11, NULL, NULL, NULL, NULL, NULL, NULL),
(372, 49, '2023-10-14', '14:10:00', 13, NULL, 60, NULL, NULL, NULL, NULL),
(373, 49, '2023-10-14', '14:40:00', 11, NULL, NULL, NULL, NULL, NULL, NULL),
(374, 49, '2023-10-14', '17:30:00', 20, NULL, NULL, NULL, NULL, NULL, NULL),
(375, 49, '2023-10-14', '19:30:00', 8, 600, NULL, NULL, NULL, NULL, NULL),
(376, 50, '2023-10-15', '09:00:00', 7, 600, NULL, NULL, NULL, NULL, NULL),
(377, 50, '2023-10-15', '10:30:00', 13, NULL, 90, NULL, NULL, NULL, NULL),
(378, 50, '2023-10-15', '10:40:00', 11, NULL, NULL, NULL, NULL, NULL, NULL),
(379, 50, '2023-10-15', '15:30:00', 12, NULL, NULL, NULL, NULL, NULL, NULL),
(380, 50, '2023-10-15', '19:00:00', 8, 700, NULL, NULL, NULL, NULL, NULL);

-- --------------------------------------------------------

--
-- 資料表結構 `forum_article_1023`
--

CREATE TABLE `forum_article_1023` (
  `article_id_post` varchar(7) CHARACTER SET utf8 COLLATE utf8_general_ci DEFAULT NULL,
  `member_id_post` varchar(6) CHARACTER SET utf8 COLLATE utf8_general_ci DEFAULT NULL,
  `board_category_CH` varchar(5) CHARACTER SET utf8 COLLATE utf8_general_ci DEFAULT NULL,
  `title` varchar(70) CHARACTER SET utf8 COLLATE utf8_general_ci DEFAULT NULL,
  `content` varchar(1134) CHARACTER SET utf8 COLLATE utf8_general_ci DEFAULT NULL,
  `release_time` varchar(16) CHARACTER SET utf8 COLLATE utf8_general_ci DEFAULT NULL,
  `update_time` varchar(16) CHARACTER SET utf8 COLLATE utf8_general_ci DEFAULT NULL
) ENGINE=InnoDB DEFAULT CHARSET=utf8mb4 COLLATE=utf8mb4_general_ci;

--
-- 傾印資料表的資料 `forum_article_1023`
--

INSERT INTO `forum_article_1023` (`article_id_post`, `member_id_post`, `board_category_CH`, `title`, `content`, `release_time`, `update_time`) VALUES
('post001', 'mem074', '浪你喜翻我', '給想領養貓的人', '因為養貓接觸了很多社團，也去了幾間收容所，比起很多中途跟愛媽嚴苛的條件，真的覺得給收容所的貓一點機會，他們只是缺乏曝光機會而已～\r\n\r\n這麼漂亮的貓，在收容所也幾個月了，求大家給這些貓一點機會～（她真的超漂亮，我有在現場看過）還有一隻超美的賓士（可惜得過貓瘟，有後遺症）\r\n比起在社團很多人搶一隻漂亮的貓，更希望大家能多花時間去收容所看看！政府也有補助，不過領養小貓還是要小心貓瘟\r\n\r\n我自己一開始也是在社團找了一段時間，最後在跟在收容所合作的動物醫院領養到了，那個醫生真的超好，大家有興趣我再推薦（在新北\r\n\r\n附上我家的ok繃', '2023.3.26.1.12', '2023.3.26.1.13'),
('post002', 'mem075', '可愛貓狗', '貓咪罐頭比較?', '先出賣幾張主子的崩壞照～\r\n\r\n（一種皇上鄙視奴才的表情．．．）', '2017.10.14.1.45', '2017.10.14.1.46'),
('post003', 'mem083', '喵汪生活', '新手養貓咪', '第一次養貓咪\r\n是一隻英短紫丁香賓士妹妹\r\n她的名字叫愛醬\r\n從上周貓舍帶回家已經滿十天了\r\n每天都覺得生活變得很不一樣\r\n每天都想擼貓吸貓跟貓咪玩\r\n每次她呼嚕呼嚕的時候\r\n我和太太也覺得幸福感油然而生\r\n附上一些她的照片和IG', '2012.7.15.16.15', '2012.7.15.16.16'),
('post004', 'mem022', '浪你喜翻我', '貓咪求收養', '9月初颱風前幾天遇到的小貓咪\r\n因為身上都是貓癬治療了一個月\r\n現在快好了 可以認養嘍！\r\n第一位小?是小男森～\r\n兩個月大 已會用貓砂，也會吃乾乾了?\r\n個性超好，治療貓癬三天就要洗一次藥浴，每次洗都超乖不反抗，一張發票自己就可以玩很久?\r\n貓毛還沒長好，長出來一定會超級清秀又有顏值的?', '2020.11.21.21.33', '2020.11.21.21.34'),
('post005', 'mem007', '浪你喜翻我', '小貓送養?', '地點：桃園中壢區\r\n年齡：2個月\r\n名字：奶酒 （但通常叫小胖子比較會回頭）\r\n性別：公\r\n個性：活潑好動、親人\r\n會用貓砂盆、不挑食、睡覺會呼嚕呼嚕\r\n撿到的時候有帶去給獸醫檢查過都沒問題\r\n因個人因素沒辦法繼續照顧希望能幫他找到一個新家?', '2020.10.5.11.3', '2020.10.5.11.4'),
('post006', 'mem146', '喵汪生活', '反推 台中胖胖動物醫院', '我們家的毛孩三歲了乳牙沒掉，\r\n版上搜尋了萬中選一的寵物外科，\r\n殊不知這是把我心愛的博美推入地獄的開端。\r\n\r\n開端不贅述，一般問診及上次門診拿的鎮靜藥在醫師的指示下都配合的吃。\r\n簽完同意書，下午兩點半進入麻醉下洗拔牙，\r\n邱鈺淇醫師表示約兩個小時後可以接回。\r\n下午四點醫院打電話來表示已經急救了20分鐘，電話中說麻醉30分鐘後跳血壓血氧不穩，需要飼主趕過去。（在急救也不趕快打給飼主，居心何在？）\r\n\r\n到了醫院之後說無法自主呼吸還沒拔呼吸管，\r\n說我家的毛孩心臟可能不好balabala……。\r\n\r\n邱鈺淇真是一派胡言，我家的博美三歲術前抽血胸部X光都是正常，上麻給藥開始的心電圖也都是正常的， 在麻醉風險分級是ASA1，出事後一切問題推託到毛孩身上。急救中電話詢問心律不整是跳什麼心律也不會判斷，最後有個女院長說跳VPC，又開始騙，VPC最好會心跳血壓血氧全部掉？一整間醫院的醫師都沒人有唸書。由此可見這家胖胖真的不能去！\r\n\r\n他們胖胖外科晚間無診，「要飼主自行聯絡轉診醫院」，自行聯絡可轉診醫院表示7點才可以接，殊不知胖胖又自行聯絡轉診問可否提早轉出，因為他們只到五點半。毛孩在呼吸喘又小又會吐口水步態不穩的情形下被迫離開胖胖。（中間因為太喘又回到胖胖診所，診所院長？表示情形有好轉要趕快送）在半推半就的形象下轉診至另外一家醫院。\r\n\r\n我還在美好的幻想中，想著我家寶貝麻醉太深了，留院觀察一晚就恢復正常。\r\n\r\n第二天早上轉診醫院簡訊表示呼吸正常但是無法正常走路，剎那間我的世界崩潰了！\r\n轉診醫院要我回胖胖在做神經檢查。\r\n\r\n反正胖胖醫院的邱醫師說腦部受損神經損傷，\r\n完全不認為他們有醫療業務疏失，表示我已經簽了麻醉同意書，我想問問邱醫師，簽了麻醉同意書不是代表你麻醉呼吸道可以有問題。\r\n\r\n—————重點在此—————\r\n在術中血氧低也會導致心律不整最終整個休克，\r\n偏執的說有處理，還表示黏膜顏色都是正常的，拜託，正常人都是看監視器數據，誰在術中掀開布單看黏膜。你們處理就是不行，倒是想問問麻醉醫師（堅持有一位專責麻醫）是誰還是叫護理師（說不定也沒醫療執照的普通人）擠ambu ？\r\n醫師一直說謊，最後電話中終於脫出在術中有心跳停止，已有急救給升壓藥。\r\n但是，醫師，我是不知道獸醫需不需要有ACLS證照，依照ACLS protocol，心跳停止是要壓胸給epinephrine，不是妳說的dopamine,還死鴨子嘴硬說每個醫院流程不一樣。你沒唸書不要騙有念過書的人。我真的不知道屏科大怎麼給你畢業證書的，雞腿換的嗎？！ \r\n總之，我家的寶貝麻糬右側偏癱，需要人家照顧吃飯喝水大小便，我真的不知台中胖胖醫院良心何在？\r\n\r\n給我家的寶貝', '2019.4.21.17.27', '2019.4.21.17.28'),
('post007', 'mem010', '浪你喜翻我', '#送養#小貓 白底虎斑小公貓送養', '地點：雲林\r\n性別：公（未結紮）\r\n年齡：約50天大\r\n性格：親人親貓、活潑、活動力正常，可摸可抱可剪指甲，會用貓砂盆（目前使用礦砂）\r\n花色：白底虎斑\r\n驅蟲：已體內外驅蟲\r\n疫苗：無\r\n檢測：貓愛滋、貓白血、貓瘟皆未驗（太小）\r\n嫁妝：Ciao肉泥1包4入、小貓砂盆1個\r\n備註：在住處牆壁夾縫中撈起，撈起時已在該處叫了2天沒有大貓領取，已就醫身體健康無大礙，食慾佳、可正常進食貓飼料及排便。', '2023.11.10.1.27', '2023.11.10.1.28'),
('post008', 'mem014', '浪你喜翻我', '第一次帶貓回家', '帶的是大概2-3個月大的小貓回來，有在網上看了很多資料，有人說第一天讓他自己在一個環境就好，但又看到有人說跟他待一個環境，但不要理他，讓他習慣你、觀察你，想問哪種方法比較合適呢？\r\n帶回家大概10分鐘就有出籠+吃一些乾糧，整個房間大概繞過一遍，也有自己去看一下貓砂，但就一次，然後就去房間的小角落待著，但我出門吃個飯回來的時候發現他有換個小角落待！應該是有趁我不在的時候活動？\r\n\r\n附上我們家超可愛的小寶貝?！', '2016.9.23.1.4', '2016.9.23.1.5'),
('post009', 'mem186', '喵汪生活', '我家有六隻貓，誘捕經驗分享', '我家有六隻貓\r\n\r\n五隻是認養的，一隻是自己誘捕到的\r\n\r\n\r\n今天來分享我自己誘捕的貓的故事\r\n\r\n\r\n我記得那是下著梅雨的五月\r\n\r\n我從工地貨櫃出來，看到馬路對面有一隻白底帶花紋的小貓\r\n\r\n下著雨，我倆隔著馬路對望\r\n\r\n心中湧起想要幫助小貓的心情\r\n\r\n從那天開始，每天下班前都會開一個罐頭，放到貨櫃底下\r\n\r\n隔天罐頭都會被吃完\r\n\r\n偶爾晚上留晚一點，觀察小貓是否有出現\r\n\r\n就這樣餵了一個星期\r\n\r\n聯絡了以前認識的貓中途，借了一個誘捕籠\r\n\r\n但是在我借到誘捕籠的時候\r\n\r\n小貓突然不再出現\r\n\r\n\r\n我也從每天開一個罐頭，變成三天開一次\r\n\r\n持續了三個禮拜都沒有貓來吃\r\n\r\n直到有一天，我發現罐頭又被吃光了\r\n\r\n當天馬上回家拿誘捕籠\r\n\r\n心中希望這次一定要抓到他\r\n\r\n下班後將一切就定位，開車離開，想著過幾個小時再回來\r\n\r\n\r\n回來後，看到誘捕籠內成功抓到一隻白底花紋的貓\r\n\r\n馬上帶他去看醫生\r\n\r\n醫生看著這隻貓，好奇的問我「你為什麼會抓這隻貓？」\r\n\r\n我回答「我也不知道」\r\n\r\n醫生問「突然愛心爆棚嗎？」\r\n\r\n我尷尬地笑了\r\n\r\n\r\n醫生說他看起來已經是成貓了\r\n但是應該還不算老貓\r\n認真看了之後，發現他不是我原本遇到的那隻小貓\r\n這隻貓長得很像諧星\r\n身上的斑紋東一塊西一塊的\r\n雖然有像，不過身上花紋分佈不太一樣\r\n回頭問了我太太，我們能夠養他嗎\r\n我太太面露難色，擔心成貓會影響家中貓咪的平衡\r\n最後決定先帶回家，幫他送養看看\r\n帶回家之後，因為怕他影響其他貓咪\r\n先將他關在陽台的隔離籠（陽台不會曬到太陽）\r\n想說先開始親餵，讓他習慣人\r\n幾天之後的一個早上，我上班前到陽台餵早餐\r\n看到貓籠內空蕩蕩的（貓籠的門也是關緊的）\r\n我緊張的到處尋找，最後在洗衣機下方發現\r\n\r\n我想要叫他出來\r\n結果他一緊張\r\n就從陽台，跳到冷氣主機，再跳到隔壁冷氣主機，消失了\r\n當下非常自責\r\n覺得我為什麼要將他從外面帶回來\r\n現在他從野外來到陌生的都市\r\n一定更難生活\r\n之後的兩天\r\n我下班後都在社區內以及後面的巷子\r\n帶著罐頭尋找他的身影\r\n但是完全沒有任何貓的蹤跡\r\n第三天早上\r\n起床後不知道為什麼\r\n我走到陽台去\r\n頭抬起來，看了陽台上方加裝的半透明遮雨棚\r\n我看到貓的腳和肚子擠在半透明的塑膠玻璃上面\r\n馬上叫我太太一起過來看\r\n當下就哭了\r\n之後想辦法誘捕下來\r\n以及他在家中發情了三個月\r\n半夜要戴耳塞睡覺\r\n又是另外的故事了', '2015.7.2.3.28', '2015.7.2.3.29'),
('post010', 'mem081', '喵汪生活', '勾錐嘎', '他只有一個缺點，就是心情爽才理你，不想你時候把你當白癡 ', '2022.1.2.7.57', '2022.1.2.7.58'),
('post011', 'mem093', '可愛貓狗', '一圈貓', '放連假這幾天剛好有空，幫兒子洗一下陳年廢毛，結果洗完之後連三天都給我長這樣', '2023.8.13.7.40', '2023.8.13.7.41'),
('post012', 'mem021', '浪你喜翻我', '台中待認養小貓咪', '一窩小奶貓需要領養！\r\n都是橘貓\r\n11月底、12月開始開放認養\r\n\r\nsticker\r\n*必須是愛貓人士\r\n*認養人要年滿18歲\r\n*需獨立穩定經濟者\r\n*跟家人同住要取得家人同意、租屋或與室友同住需取得房東跟室友同意\r\n*不關籠、不放養、不綁繩\r\n*不可以把貓養廁所或潮濕不通風的地方\r\n*需簽認養切結書及（家人同意切結書）每週回傳照片', '2012.8.25.21.12', '2012.8.25.21.13'),
('post013', 'mem130', '喵汪生活', '分享 狗狗保姆日記！', '嗨大家好:))\r\n如題想跟大家分享我在西雅圖Woodinville當狗狗保姆一個月的心得～\r\n-\r\n前情提要一下，本人非常非常喜歡狗勾，特別是大狗。我小時候是跟一隻拉布拉多一起長大的，但是他在我15歲的時候離開我們了。在那之後我們家就沒有再養狗狗了，但是我一直一直很想再領養一隻大狗狗在西雅圖跟我一起生活。不過目前還住在公寓，平日白天也都要上學，擔心狗狗沒有辦法有充足的運動量還有空間。所以暫時放棄了這個念頭:(\r\n-\r\n先來介紹一下我這個月照顧的狗狗！她是一隻11個月（現在一歲了）的黃金獵犬，叫做奶糖（Toffee)', '2022.2.19.2.37', '2022.2.19.2.38'),
('post014', 'mem121', '可愛貓狗', '小時候vs長大後 part2（畫質也從Nokia305到iphone14pro?)', '米克斯真的是驚喜包\r\n剛把阿狗帶回家時才2公斤\r\n爸媽說頂多長到17-18公斤\r\n結果最後長到25公斤\r\n每次出去遛狗都被鄰居笑說\r\n「又被狗狗牽出來遛啦！」 \r\n\r\n剛領養回家時跟小烤箱一樣大\r\n現在站起來可以趴到我身高160的胸口', '2010.3.2.1.21', '2010.3.2.1.22'),
('post015', 'mem117', '可愛貓狗', '有黑眼圈及委屈臉的鼠鼠?', '第一次發現有黑眼圈的?\r\n每次閉眼都不知道他是在睡覺還是睜開眼?\r\n而且不知道為什麼我家的元寶會有委屈臉?\r\n不知道你們的鼠鼠有沒有這樣??\r\n（我家元寶很愛睡覺 不是沒在睡覺喔～）\r\n（我下班陪他10分鐘 他就回他小房間睡覺了?）', '2012.12.12.3.41', '2012.12.12.3.42'),
('post016', 'mem100', '喵汪生活', '(求救)永和中正橫移門有一隻流浪狗急需救治', '10/10凌晨兩點\r\n永和中正橫移門(綠光河岸停車場）\r\n靠河濱公園內的門口有兩隻狗一起行動\r\n一隻狗白色，看起來健康但偏瘦\r\n另一隻就是圖中這隻灰色狗狗\r\n嘴巴腫脹很大包\r\n嘴唇旁那時候貌似有一隻蟲\r\n但礙於沒任何養狗經驗\r\n平時也無認識相關資訊\r\n\r\n因此上來po看看\r\n希望有版友可以幫幫他\r\n他看起來真的很不舒服…', '2010.3.9.20.16', '2010.3.9.20.17'),
('post017', 'mem015', '可愛貓狗', '超進化', '除了狗以外 我還能看見什麼', '2022.1.13.19.8', '2022.1.13.19.9'),
('post018', 'mem158', '可愛貓狗', '看到別人養倉鼠合籠養打架…', '我很常滑滑哀居亂看 \r\n突然刷到這個 當下真的很問號？\r\n鼠鼠們都打架發出聲音了….還養在一起', '2024.4.16.22.29', '2024.4.16.22.30'),
('post019', 'mem042', '喵汪生活', '徵求寵物攝影麻豆', '嗨嗨，大家好這裡不知道可不可以徵求寵物攝影互惠練習！\r\n\r\n如有違反版規會刪文！\r\n\r\n我是新手業餘攝影\r\n因為很喜歡拍照，想要捕捉寵物跟主人相處的樣子！\r\n以貓/狗爲主\r\n想徵求讓我練習的對象，\r\n（或是想找尼采跑跑的歡迎）\r\n拍攝地點主要會是台北萬華的青年公園\r\n其他地點可以討論看看/雙北爲限\r\n\r\n時間上以星期一、四、日 且是晴天\r\n\r\n附上可愛的尼采IG:', '2018.2.26.22.32', '2018.2.26.22.33'),
('post020', 'mem087', '喵汪生活', '我好怕我的狗狗離開', '8月初退伍的時候 家裡狗狗就看起來怪怪的\r\n但是我8月中才帶去給寵物醫生看\r\n結果檢查出來乳腺惡性腫瘤 她今年16歲了\r\n大概在我小三的時候養的\r\n知道的當下我很難過 哭了很久\r\n醫生出於立場講了很多開刀的風險\r\n所以我們當下決定就配合藥物治療就好\r\n我們家是社區 有中庭 \r\n平常都是讓他在中庭跑一跑 上廁所\r\n真的很少帶他去外面走走 \r\n加上我大學又在外縣市讀書 機會又更少\r\n現在是每天一定會帶他出去看看 走走\r\n但是9月中的時候 \r\n突然又沒什麼胃口 也沒什麼精神\r\n這時候又在網路上爬文\r\n反而很多建議乳腺惡性腫瘤 儘早開刀\r\n我當下真的很想掐死自己 \r\n為什麼不早點做功課\r\n前幾天去照x光 已經擴散到肺部了\r\n連開刀的機會都沒有了 但是腫瘤不大顆\r\n目前也沒有真的壓迫到器官\r\n但是就是不怎麼吃 一天吃一口東西算進食嗎\r\n食物促進劑 保健食品也都按時吃\r\n但是都沒有好轉\r\n醫生說建議可以血檢跟電腦掃描\r\n但是家裡覺得順其自然就好\r\n狗狗不吃東西的原因有很多 \r\n牙齒問題 肝藏 腎臟 本身腫瘤\r\n全部檢查+治療下去 真的是不小的負擔\r\n如果要開刀或洗牙 又有麻醉上的風險\r\n我這禮拜六要去台東出差三天\r\n原本想著帶著她一起去 \r\n但是又好怕如果去了 突然發生什麼事怎麼辦\r\n我想把握最後跟他的時光 帶他去更多地方\r\n哪怕是當我在贖罪也好 我精神壓力真的好大\r\n我有幾天都陪著她睡覺 \r\n他只要有什麼動靜 我都會驚醒去看他\r\n結果就是我精神狀況越來越不好\r\n有沒有人能給最直接的建議 哪怕罵我也好\r\n或是能分享一些經驗跟看法 拜託了\r\n（他在9月之前都圓滾滾的很可愛 現在體重已經掉了1/3 現在摸下去都剩骨頭了?真的心好痛\r\n', '2010.10.22.6.58', '2010.10.22.6.59'),
('post021', 'mem155', '可愛貓狗', '黃金獵犬 蛋蛋', '不是我在說 但他的蛋蛋比我男生的好摸\r\n可能因為上面有毛吧 我現在有一個衝動很想過去彈他的蛋蛋 但是他一定會生77', '2010.7.17.14.57', '2010.7.17.14.58'),
('post022', 'mem086', '毛孩小毛病', '急！貓愛滋！！', '昨天撿到一隻浪浪貓?\r\n因為在發情 擔心懷孕 就帶他去結紮 順便做全身健康檢查還有打疫苗?他還適應的話就會領養\r\n餵食她有一段時間，要不是怕發情 附近又有公貓，應該不會養他，因為我不確定他想要什麼樣的生活，或許他很喜歡自由的感覺\r\n重點來了！\r\n他其他檢查都很正常\r\n但貓愛滋的試劑是兩條線\r\n醫生說他確定是經過20分鐘以後他才變兩條線的\r\n所以之前的案例診斷是陰性（他這間醫院，我不知道別間）\r\n有人有類似的經驗嗎\r\n真的真的很著急\r\n因為家裡有其他貓咪，很怕會因此被傳染\r\n有想要再帶他去一次檢查貓愛滋\r\n但如果結果還是陰性最後轉陽性\r\n就不知道該怎麼辦了\r\n所以想來問問 有沒有其他動物醫生可以給些建議\r\n拜託拜託了????????', '2010.6.5.2.29', '2010.6.5.2.30'),
('post023', 'mem120', '浪你喜翻我', '流氓貓 vs 氣質貓', '當貓咪吃最愛的肉泥時直接看出一隻貓的本性??\r\n不覺得貓咪吃東西的聲音很療癒嗎❤️❤️\r\n喜歡的話歡迎追蹤?', '2021.3.3.0.22', '2021.3.3.0.23'),
('post024', 'mem027', '喵汪生活', '超派！', '不要戳貓 ?', '2018.2.17.7.30', '2018.2.17.7.31'),
('post025', 'mem062', '喵汪生活', '你的包裹小貓已送達', '好可愛?', '2019.8.10.0.24', '2019.8.10.0.25'),
('post026', 'mem107', '可愛貓狗', '喜歡舔人的怪貓?', '我的貓真的不管誰的手來都舔 嚴重到我趴在他身上還要舔? （我沒用力趴 只是輕靠） ___更新___ 貓貓哈利現在有IG、FB囉? IG：itsharryla FB：胖橘哈利的日常 想看更多哈利日常可以幫我按個追蹤(≧ω≦)', '2015.11.26.7.35', '2015.11.26.7.36'),
('post027', 'mem041', '浪你喜翻我', '舒湖', '可愛', '2012.4.13.14.46', '2012.4.13.14.47'),
('post028', 'mem138', '喵汪生活', '早晨陽光', '一早起床就這麼天真無邪眼神 都不想去上班了', '2024.8.25.6.57', '2024.8.25.6.58'),
('post029', 'mem101', '可愛貓狗', '欸奴才 走了 去露營', '平常把露營椅攤開放在房間，終於等到主子主動坐上去的這一天了！！', '2021.2.27.3.38', '2021.2.27.3.39'),
('post030', 'mem105', '可愛貓狗', '晚安', '各位貓貓們晚安啦', '2019.1.5.17.6', '2019.1.5.17.7'),
('post031', 'mem004', '喵汪生活', '冬天前把握好天氣散步', '看什麼呀', '2014.12.16.13.22', '2014.12.16.13.23'),
('post032', 'mem032', '可愛貓狗', '一家人就要整整齊齊1', '我發現虎斑的腮邦子', '2013.11.6.3.44', '2013.11.6.3.45'),
('post033', 'mem097', '可愛貓狗', '每次搗蛋完都要裝可愛', '這隻貓居然有HDR', '2014.11.17.0.23', '2014.11.17.0.24'),
('post034', 'mem119', '喵汪生活', '我的貓是不是笨蛋⋯⋯', '在講述我家屁貓的惡跡前，\r\n先來看一下她可愛的樣子平復心情好了?\r\n從小小隻感冒、貓癬的可憐樣', '2021.3.10.16.12', '2021.3.10.16.13'),
('post035', 'mem076', '喵汪生活', '我的貓是笨蛋⋯⋯', '不知道大家有沒有看過一個短影片，\r\n是貓咪尿尿的時候明明在貓砂盆裡，但屁股朝外\r\n尿直接往貓砂盆外噴的影片？\r\n我看到的時候還拿給我老公看，笑著說你看這貓咪好笨！！\r\n（也有可能是貓砂盆太小）\r\n接著慶幸我家貓不會這樣\r\n雖然她上廁所很規律的大便?一定要在最裡面的邊邊\r\n尿尿一定要在最外面的邊邊\r\n但她從來到我們身邊開始都沒有尿到外面過\r\n', '2011.10.12.9.55', '2011.10.12.9.56'),
('post036', 'mem061', '可愛貓狗', '市售標榜寵物友善，大家真的放心嗎', '我們家是養貓咪，分享自己一點點看法，我不是獸醫 只是飼主，如果有誤也歡迎一起更新資訊哦！\r\n【滅蟑/香氛/精油/清潔劑】\r\n個人結論建議一律不要使用或少量\r\n凡是有味道的八九不離十都有害。毛孩容易掉毛，或食物碗長蟲，需要注重清潔，是很兩難的問題。\r\n寵物友善商品越來越多\r\n但是大家買的真的是寵物友善嗎？\r\n業者是專門做寵物商品的？還是做清潔用品的？\r\n老闆們了解寵物嗎？\r\n蝦皮賣家真的知道成分嗎？\r\n還是盜文案跟風標示寵物友善呢？', '2016.1.25.5.55', '2016.1.25.5.56'),
('post037', 'mem005', '毛孩小毛病', '小鳥凹嗚叫', '這隻是樹鵲 他從小到大的叫聲一直都是「嘎嘎嘎」 （就是凌晨聽到的鳥叫聲?‍?） 自從帶回來尖叫雞跟他玩之後 現在居然學會尖叫雞的聲音 沒事就在凹嗚 跟貓玩也凹嗚 飛來飛去也凹嗚 是不是要改名叫凹嗚了?', '2024.5.10.16.43', '2024.5.10.16.44'),
('post038', 'mem016', '浪你喜翻我', '貓咪認養', '地點：台南 性別：女 花紋：混暹羅', '2017.12.9.18.27', '2017.12.9.18.28'),
('post039', 'mem108', '可愛貓狗', '讓貓咪親人的方法', '我跟我女友是第一次養貓，從領養到現在一個月的小貓(目前五個半月大)，目前可抱可摸(大概摸抱30秒就會掙脫抓人)但不會主動找我們或在我們旁邊休息，偶爾會突然緊張炸毛在房間裡撞牆亂跑，平常都會花1個半到2小時左右陪他玩，偶爾用手餵他零食，每天都會跟他說話。 吃飯的話目前考量到他還在長大所以給他吃把費(還是應該定時定量)，請問養貓的毛爸媽們有什麼方法能讓貓更親人呢？謝謝? (附上我家小貓的照片）', '2019.12.27.12.21', '2019.12.27.12.22'),
('post040', 'mem024', '可愛貓狗', '秀出你家的小肥貓', '我家的是肥三花? 我的三花美女，他原本是一隻浪浪，因為緣分讓我們相遇，與其說我照顧他，我認為他療癒我更多，在你遇到難關的時候他就是療癒你的小伙伴? 給大家看看我的三花美女 剛遇見他的時候 （三個月大）', '2018.9.18.3.15', '2018.9.18.3.16'),
('post041', 'mem084', '可愛貓狗', '救命啊我的貓玩蟑螂！！', '我睡前看到小貓奇怪的蹲在角落，一直用手撥弄東西好像要找什麼？ 我一開始以為是他的玩具卡住了，就去幫他看，但那也沒有卡什麼玩具啊？ 我就去準備睡覺了，這時候…. 突然看見他嘴裡叼著一隻超大的蟑螂走出來，蟑螂掙脫，他還馬上用爪子拍住蟑螂，就這樣玩追逐到另一個角落…..', '2018.7.4.9.30', '2018.7.4.9.31'),
('post042', 'mem055', '可愛貓狗', '我竟然替柴柴找到妹妹了！', '後來，我仍不放棄的一直搜尋? 就在某一天，我終於找到了！ 而且真的超像', '2021.1.4.14.12', '2021.1.4.14.13'),
('post043', 'mem051', '可愛貓狗', '硬是要給我新鮮味。。。', '聽說貓咪會故意在主人鏟屎前才大， 是撒嬌的表現？ （貓咪讓主人看牠上廁所是代表信任？） 鏟完馬上跑去大號就是調皮？', '2022.9.22.1.28', '2022.9.22.1.29'),
('post044', 'mem159', '可愛貓狗', '被橘貓療癒的日常', '小時候因為常常跟臘腸相處，一直以為自己以後會是一生狗派，殊不知在遇到橘貓後一切都變了', '2015.9.26.22.53', '2015.9.26.22.54'),
('post045', 'mem141', '可愛貓狗', '阿貓饋咖', '覺得很好笑所以發上來分享 我的貓昨天突然跑到沙發上饋我的咖', '2016.4.25.0.34', '2016.4.25.0.35'),
('post046', 'mem151', '可愛貓狗', '我的貓好像在偷健身', '玩電腦玩到一半轉頭發現我家貓在引體向上', '2018.9.18.3.15', '2018.9.18.3.16'),
('post047', 'mem044', '可愛貓狗', '#開箱【iCat 寵喵樂】貓咪跑步機（貓滾輪）', '之前文章的留言有人說要開箱貓咪滾輪，所以我買了一段時間後，回來分享啦❗️ 【iCat 寵喵樂】貓跑步機健身器 超大滾輪轉輪貓玩具 3.0-自安裝款-S號（原木色 /黑色/粉色）(貓抓板)【3245元', '2018.7.4.9.30', '2018.7.4.9.31'),
('post048', 'mem194', '可愛貓狗', '1打2', '浪貓媽媽叼來附近工廠?請求支援，看到3隻，找到6隻貓仔XDD 為惹減少拆散，收編一組同胎兄弟： 奇異果?Kiwi （背部是奇異果色唷?）', '2021.1.4.14.12', '2021.1.4.14.12'),
('post049', 'mem034', '可愛貓狗', '在路邊發現手掌大的貓', '如標題，剛剛在路邊發現兩隻很瘦小又只有手掌大的小黑貓，想問有沒有人曾經也遇到這樣的情況，我該放著不管還是餵什麼食物比較好？因為他們身邊沒有母貓，身形也很瘦弱，不知道是母貓跑掉還是暫時離開⋯⋯', '2021.1.4.14.13', '2021.1.4.14.13'),
('post050', 'mem110', '可愛貓狗', '貓咪屁股很大', '香', '2021.1.4.14.14', '2021.1.4.14.14'),
('post051', 'mem092', '浪你喜翻我', '推行流浪狗餵食專區', '大家好，我們是參加司法院--創新行動方案競賽的小組，我們關注的議題是流浪動物。 在2017年零撲殺政策上路之後，流浪狗的數量不斷上升，今年的推估數量已有15萬隻。我們想從降低流浪狗數量、減少繁殖的方面下手，試著產出以下這一套行動方案： ●具體內容： 1️⃣以里為單位推行「流浪狗餵食專區」 規定只能在該區域餵食流浪狗，並立法處罰在此區域外餵食流浪狗之民眾。希望讓流浪狗只能在可餵食區域找尋到食物，進而使他們聚集於可餵食區域或是附近。 2️⃣接受餵食的犬隻都必須進行結紮 以是否剪耳做為結紮的辨認基礎，若發現犬隻未剪耳、未結紮則進行隔離，並在一周內執行TNVR。可由政府與民間相關動保組織或團體合作執行。 3️⃣取締與宣導 以取締現行犯並開罰罰緩為主，以宣揚犬隻相關養育之事為輔，也需加強取締隨意丟棄垃圾的行為與街道的清潔，防止流浪狗隨意翻找、撕咬垃圾導致環境髒亂。 4️⃣在餵食區外餵食，需證明狗狗是自己養的 若是能以晶片證明其餵食的犬隻為自己或其親友所有，就能在餵食區之外餵食，並不用被開罰。若另外發現其寵物狗並未結紮，可勸導為其進行結紮，若屢勸不聽，則可根據動物保護法進行開罰。此做法是為了確保寵物有確實施打晶片及結紮。 ●配套措施： 以「寵物臨檢」來落實寵物晶片的施打以及確定飼主資料登記的完整性。透過不定期不定點的在寵物犬高度密集的地點進行抽檢和宣導，提高寵物晶片的施打率，例如寵物醫院、繁殖場、收容所等。也需要遵循法律正當程序、注意比例原則。 ●最終欲達成之目的： 使流浪狗聚集於可餵食流浪狗區域，並藉此辨識出未結紮的流浪狗進行節紮，藉以減少現有流浪狗之數量以及提高結紮率，減少繁殖數量。 ●利益與影響： □提升社會安全(讓流浪狗只出現在特定區域) □提升市容及環境整潔 □降低流浪狗繁殖數量 □明確且控制現有流浪狗數量 以上是我們組內討論出的行動方案，目前也有投稿在公共政策網路參與平台上(還在審核中)，想請教大家對於這方案的看法，或是支持、反對的理由是甚麼？也歡迎大家提出不同意見一起討論！', '2016.11.9.20.21', '2016.11.9.20.21'),
('post052', 'mem091', '可愛貓狗', '閃亮三姐妹的遊戲時間', '可愛的毛蓬蓬三姊妹', '2020.10.5.11.3', '2020.10.5.11.4'),
('post053', 'mem036', '喵汪生活', '吃播', '（影片內是清蒸的雞胸肉有去皮一天一小塊當零食給她，她已經吃完正餐囉） 她叫屁屁 看更多屁屁：', '2019.4.21.17.27', '2019.4.21.17.28'),
('post054', 'mem169', '可愛貓狗', '封印', '三花貓有夠漂亮的，橘貓的手也好可愛', '2023.11.10.1.27', '2023.11.10.1.28'),
('post055', 'mem170', '可愛貓狗', '仨毛孩的爹 俺的人生三原色： 一窮二～白 起早貪～黑 面如死～灰 遇見橘貓讓世界亮起來 沒有什麼悲傷是養一隻橘貓無法療癒的 如果有～那就養仨', '一隻捲耳', '2016.9.23.1.4', '2016.9.23.1.5'),
('post056', 'mem150', '喵汪生活', '差點被可愛到沒辦法呼吸', '什麼沒辦法呼吸 當然是吸爆啊！！！', '2015.7.2.3.28', '2015.7.2.3.29'),
('post057', 'mem021', '喵汪生活', 'Bu媽需求問卷求助 抽超商100元禮卷 回收日倒數一天！！', '大家好 我是淡江大學碩士班的學生 目前在研究關於「後疫情時代網路投保意願因素之研究」 目前還需要大量的數據！！！！！！ 問卷內容不記名，僅供學術參考 不想被教授電 再麻煩大家幫忙了！ 祝一切順利 好人一生平安?✨', '2022.1.2.7.57', '2022.1.2.7.58'),
('post058', 'mem130', '可愛貓狗', '家裡也能拍出天空之鏡', '買了一組天空之鏡來實測一下 果然拍出了一個天使的無奈? 就如同打開商品的那個瞬間一樣我也是一個無奈呀！', '2023.8.13.7.40', '2023.8.13.7.41'),
('post059', 'mem121', '毛孩小毛病', '長貓', '某天把貓貓抱起來 就差點變成迷因長貓', '2012.8.25.21.12', '2012.8.25.21.13'),
('post060', 'mem117', '浪你喜翻我', '罐罐', '每天期待吃罐罐', '2022.2.19.2.37', '2022.2.19.2.38'),
('post061', 'mem100', '可愛貓狗', '驚奇箱', '想不到吧', '2010.3.2.1.21', '2010.3.2.1.22'),
('post062', 'mem015', '可愛貓狗', '才來一個月就沒有形象了', '1個月前的睡姿vs1個月後的睡姿 大家的主子都怎麼睡的呢？ ', '2012.12.12.3.41', '2012.12.12.3.42'),
('post063', 'mem158', '可愛貓狗', '可以下來嗎', '如題，牠叫烤雞，平常喜歡在上面層板休息，感受俯瞰奴才的視角，打遊戲到一半時突然跑到主機上(主機內已入毛許多)，怕關鍵時刻突然下來攪局?，很常看影片到一半突然下來壓鍵盤滑鼠', '2010.3.9.20.16', '2010.3.9.20.17'),
('post064', 'mem042', '可愛貓狗', '一起床就是擼貓，爽', '心情好時可以 心情不好都打我…', '2022.1.13.19.8', '2022.1.13.19.9'),
('post065', 'mem087', '可愛貓狗', '這是之前徵名字的小三花', '結果這個可愛的妹妹還是沒有名字 再麻煩各位廣大網友了！ 他的左臉眼睛有一條很長的眼線 個性有點皮', '2024.4.16.22.29', '2024.4.16.22.30'),
('post066', 'mem155', '可愛貓狗', '是英短還是美短呢？', '貓咪現在11個月大是剛領養回來的 那人跟我說貓喵是重點色英短 可是我看着又像美短 已經搞不清楚了 有人可以幫我分辨一下嗎', '2018.2.26.22.32', '2018.2.26.22.33'),
('post067', 'mem086', '可愛貓狗', '正宮抓小三', '室友的貓會來我床上偷蹭 這次被抓到，直接倒退走 超好笑', '2010.10.22.6.58', '2010.10.22.6.59'),
('post068', 'mem120', '可愛貓狗', '被抓住了！', '我家呆呆花花', '2010.7.17.14.57', '2010.7.17.14.58'),
('post069', 'mem027', '可愛貓狗', '可愛鼠了', '她的下巴好可愛', '2010.6.5.2.29', '2010.6.5.2.30'),
('post070', 'mem062', '可愛貓狗', '像巨型飛鼠', '夠了喔人類，把我放下來', '2021.3.3.0.22', '2021.3.3.0.23'),
('post071', 'mem107', '可愛貓狗', '剛睡醒', '是在叫我嗎', '2018.2.17.7.30', '2018.2.17.7.31'),
('post072', 'mem041', '可愛貓狗', '嚇到貓主子', '拿手機要拍2主子嚇一跳', '2019.8.10.0.24', '2019.8.10.0.25'),
('post073', 'mem138', '浪你喜翻我', '來文博會逛逛順便曬太陽', '牙～', '2015.11.26.7.35', '2015.11.26.7.36'),
('post074', 'mem101', '可愛貓狗', '我今天11歲了，能祝我生日快樂嗎', '當個快樂貓貓', '2012.4.13.14.46', '2012.4.13.14.47'),
('post075', 'mem173', '喵汪生活', 'Bruh', '像我嗎', '2024.8.25.6.57', '2024.8.25.6.58'),
('post076', 'mem103', '可愛貓狗', '整天都在睡', '晚上超清醒', '2021.2.27.3.38', '2021.2.27.3.39'),
('post077', 'mem012', '可愛貓狗', '噁 我的腳好臭', '主人都不幫我洗乾淨', '2019.1.5.17.6', '2019.1.5.17.7'),
('post078', 'mem165', '喵汪生活', '家裡的新成員—小梅西', '小梅西是家裡的新成員，品種是小步舞曲。 會叫小梅西是因為他很好動，而且喜歡玩球，然後家裡的貓咪都是M開頭命名的。 這張是他在跟家裡老貓隔離時拍的，透過柵欄間隙偷窺其他貓貓。', '2014.12.16.13.22', '2014.12.16.13.23'),
('post079', 'mem136', '喵汪生活', '把腳當抱枕的貓', '超Q 虎斑都超可愛！', '2013.11.6.3.44', '2013.11.6.3.45'),
('post080', 'mem064', '可愛貓狗', '宅宅是隻貓', '他有一個很宅的名字叫宅宅。 初次見面，大家好。', '2014.11.17.0.23', '2014.11.17.0.24'),
('post081', 'mem040', '毛孩小毛病', '我家的貓表情控管⋯', '應該是睡姿控管', '2021.3.10.16.12', '2021.3.10.16.13'),
('post082', 'mem154', '浪你喜翻我', '萬聖節?，大家的貓貓?呢！？', '如題！ 這是島力鬼！蓋一下萬聖節?鬼鬼貓大樓！', '2011.10.12.9.55', '2011.10.12.9.56'),
('post083', 'mem009', '可愛貓狗', '小貓送養', '地區：嘉義市（全台皆可送） 性別：妹妹（2-3月大） 個性：可摸可抱超級親人（一直討摸摸） 下巴有受傷，住院開刀一天下巴已經好很多了進食正常，醫生說有貫穿下顎做縫合沒後遺症 已檢測貓腸炎三合一(貓瘟/Fip/梨形鞭毛蟲)+二合一(貓愛滋/白血病）都陰性、體外驅蟲，一週後(10/26)拆線+體內驅蟲 領養條件 領養條件 1.不放養、不關籠養，需足夠空間活動 2.經濟條件許可，未成年需取得監護人同意 3.偶爾傳個近況照片就可以', '2016.1.25.5.55', '2016.1.25.5.56'),
('post084', 'mem099', '可愛貓狗', '請益幼犬飼料推薦', '不知道各位的會不會怕自家小朋友吃膩換飼料？ 我們家小朋友5個月大，剛換完牙齒，下禮拜要結紮從吃乾飼料以來就只有吃過halo幼犬飼料到現在，倒也不是halo有什麼不好，牠目前毛色漂亮便便也健康沒有非換不可，但希望能有多些選擇 一開始我選halo是想說小狗熱量需求高，它熱量是我看到有標示中最高的就選了，現在想換是考量到小朋友下禮拜要結紮（剛好飼料也見底了）希望能給牠更營養的選擇，當然也不排除繼續吃同牌子，還有一點是我也怕牠吃膩了想讓牠換換口味多點嘗試，希望大家能給我多點建議可參考謝謝大家 附上幾張小朋友的照片', '2024.5.10.16.43', '2024.5.10.16.44'),
('post085', 'mem185', '可愛貓狗', '徵台北貓狗陪我散步', '各位好， 鄙人孤身在逮八泣工作， 很喜歡貓貓狗狗(尤其中大型狗狗❤️） 但因為沒有固定房子不敢養寵物， 有沒有人的貓貓狗狗能讓我帶出場療癒一下？ For free 保證安全溜寵', '2017.12.9.18.27', '2017.12.9.18.28'),
('post086', 'mem085', '可愛貓狗', '彰化和美協尋狗狗', '和美的朋友，有看到這隻狗跟我聯繫一下！或是留住他?謝謝各位☺️ 疑似米克斯混哈士奇 公狗（未結紮）姓名：紅包（台語）項圈顏色：綠色點點 狗狗從伸港跑來和美，找不到回家的路 魯米 0968060685', '2019.12.27.12.21', '2019.12.27.12.22'),
('post087', 'mem166', '可愛貓狗', '充分了解到什麼叫緊迫盯人', '我叫余浩浩，獅子座，母胎單身 因為小時候眼睛太小所以我又名李榮浩.. 歡迎追蹤我IG haohao_____0802 ( _ 有5個底線) 看吧', '2018.9.18.3.15', '2018.9.18.3.16'),
('post088', 'mem018', '可愛貓狗', '求問 米克柴', '請問我們家狗狗有沒有可能混到柴犬', '2018.7.4.9.30', '2018.7.4.9.31'),
('post089', 'mem167', '可愛貓狗', '有關貓咪寄生蟲', '先放個防雷圖\r\n以下正文\r\n\r\n請問一下這隻是寄生蟲嗎？從小貓大便找出來的\r\n禮拜二的時候有帶去醫院做體內驅蟲，是因為做了才排出來的嗎？\r\n是快四個月的小貓，養貓新手請大家多多教育', '2021.1.4.14.12', '2021.1.4.14.13'),
('post090', 'mem153', '可愛貓狗', '狗狗性情大變', '品種：法鬥 年紀：5歲 自從狗狗IVDD二次開刀後，性情整個大變，開始會吠每天都見面的人甚至想要咬人，不知道是月經來的關係，最近抱她進圍欄睡覺，要幫她脫尿布這個動作，或者幫她換尿布，就會開始頭往後看然後歇斯底里想咬人，目前還沒結紮。 今天晚上要帶去散步幫她穿胸背帶也想要咬人', '2022.9.22.1.28', '2022.9.22.1.29'),
('post091', 'mem189', '可愛貓狗', '求解～玄鳳叫聲沙啞', '我想問問我家玄鳳咪乓 有時候會發出這種沙啞的叫聲 但又會瞬間變成愉悅的啾啾聲？！ 會在一段時間內兩種切換 不知道是什麼意思 去查都是可能呼吸道感染之類的 但他給我的感覺是他很嗨 因為都會伴隨著唱歌聲', '2015.9.26.22.53', '2015.9.26.22.54'),
('post092', 'mem037', '可愛貓狗', '貓貓超人', '喝啊！我準備好要出發拯救世界了！', '2016.4.25.0.34', '2016.4.25.0.35'),
('post093', 'mem026', '可愛貓狗', '高雄親人幼貓 求收養', '家裡附近 巷子有好幾隻很小的流浪貓 有沒有人剛好想要養貓咪的? 怕他們待太久會被附近的住戶趕走因為那個巷子很安靜，因為我住的地方房東一開始就說不能養寵物了，所以也沒辦法帶他們回家 貓咪都很親人帶罐頭去就會跑出來 還會跟在後面走', '2018.9.18.3.15', '2018.9.18.3.16'),
('post094', 'mem079', '可愛貓狗', '想領養小貓', '主要想領養一隻橘貓～ 目前已有一隻8個月的三花貓 想再養一隻貓貓作伴 儘量是在南部地區 謝謝?', '2018.7.4.9.30', '2018.7.4.9.31'),
('post095', 'mem007', '浪你喜翻我', '台南/高雄/屏東毛孩用品交流', '限制了地區這樣可以方便大家做面交，省掉運費及如何包裝的困擾！ 《社群內容》 ▫️發言内容只要是關於犬貓的都可以！ 其他的請不要在這邊聊，大家的時間都很寶貴? ▪️交易項目不限新舊（買了毛孩不愛也是很常見啊，把不需要的東西流傳下去大家也開心，也不會造成浪費?） 《某礎規範》 ▪️以尊重及溝通為原則，請大家過程中注意禮貌。 ▫️騷擾成員（騷擾，是指當事人感受是騷擾！若有不當言詞謮附截圖向管理員反應處理。）將退團&黑名單 ▪️️棄單/放鳥遭社群團員檢舉2次將退團&黑名單 ▫️詐欺遭社群團員檢舉2次將退團&黑名單 ▪️粗暴言論、惡言相向、吵架、引戰等不良行為將退團&黑名單 《交易規範》 ▪️應註明所在地區、商品品項、商品新舊、購入地點、商品效期、金額(贈送亦同) 、交易方式、付款方式 ▫️交易以記事本開團為主（群聊容易被洗掉），需符合格式，會嚴格執行，履犯且溝通無效者會請出群組。 ▪️️️使用表單/或直接給各通路下單連結，避免給予私人id 或ig 避免有人亂加！（不怕也可以給?） ▫️️️7日內每人三篇為限，3篇內容勿重複 ▪️️️視記事本數量多寡刪除（依貼文順序刪除） ▫️️如被棄單、放鳥請附截圖或相關證明向管理員反應處理 《注意事項》 ▪️請注意不要被詐騙！社群是個平台無法提供任何有用資料，下單前請衡量可能損失 ▫️交易過程自行截圖保留相關訊息 ▪️面交時請注意自身安全！', '2021.1.4.14.15', '2021.1.4.14.15'),
('post096', 'mem146', '可愛貓狗', '這是什麼品種的貓頭鷹啊', '抱歉照片有點糊，晚上要從學校離開的時候突然從樹上掉在面前，然後又飛上去樹上，感覺起來還是幼鳥，不知道板上大大們有人認識他嗎？ 在市區看到貓頭鷹真的覺得好稀有！', '2021.1.4.14.16', '2021.1.4.14.16'),
('post097', 'mem010', '喵汪生活', '寵物公園 v.s. 東森寵物雲', '自從養貓後寵物食衣住行所需都在網路上隨便買（看到好看就買沒有固定的商場），最近想改在固定的門市買，順便想了解美容的部分，帶我們家小咘去美毛一下（？ 我家附近比較近的兩間有東森寵物雲&寵物公園 想問大家就整體而言會選哪間呢❓ 有人在這兩家買過or美容過的比較心得可以提供參考嗎', '2021.1.4.14.17', '2021.1.4.14.17'),
('post098', 'mem014', '可愛貓狗', '狗狗吃海鮮這回事', '先破解大家對狗狗不能吃海鮮這個迷思 過敏~~ 過敏的狀況真的每隻狗不同，有的狗對雞肉過敏，有的狗對海鮮過敏 有的對牛肉過敏，還有遇過對所有種類的肉都過敏的狗，過敏真的要看每隻狗狗的體質 在知道你家毛寶貝吃甚麼會過敏以前不管甚麼種類的食物可以少量嘗試，抓癢不一定是過敏的徵兆 要看抓癢的頻率還有觀察皮膚以及最近的生活狀況而定喔！ 腹瀉~~ 比較偏向於食物的新鮮度以及有沒有煮熟，許多食物是存在很多細菌和微生物， 加熱是最常見的處理方式 而烘乾就是把水分去除，讓細菌失去生長的環境，保留原肉的營養， 生食級的肉類則是需要確認來源，不宜久放，食物一旦置入空氣中就會開始產生細菌，任何食物都一樣 健康程度~~ 海鮮可以說是優秀蛋白質來源，以及DHA和EPA，市面上也有許多寵物魚油，可以幫助狗狗的毛髮健康 目前已經有許多研究指出所有肉類都含有 Omega-3和Omega-6 而3和6達到平衡是可以達到抗發炎以及生體機能平衡 含有豐富的維生素D、維生素B6和維生素B12，對於狗的骨骼和免疫系統健康至關重要 此外，還提供了鈣、磷、鐵等礦物質，能夠幫助維持狗的整體健康狀態 而魚肉更容易消化，比較不會有消化負擔，適合各種年齡層的狗狗喔！ 狗狗吃海鮮要注意甚麼? 1.所有的魚類一定要剃除骨頭，甲殼類要剝除外殼，避免卡在食道 建議可以買已經處理過的魚片，以免自己剃除的不乾淨 2.一定要煮熟，水產的細菌很容易滋生，加熱的過程幾乎都可以消滅 尤其是鮭魚，未煮熟的鮭魚容易引發狗狗【鮭魚中毒症】，有興趣的朋友可以自行上網查一下 這裡就不贅述了 要怎麼給狗狗吃海鮮呢? 我建議用水煮或清蒸，連同湯汁一起給牠吃，最好搭配一些綠色蔬菜，增加非水溶性膳食纖維', '2016.11.9.20.21', '2016.11.9.20.21'),
('post099', 'mem186', '可愛貓狗', '詢問 有人家的貓咪也會一直吸自己的奶頭嗎', '吸到忘我 還會發出呼嚕聲? 有什麼方法可以戒掉吸自己的ㄋㄟㄋㄟ啊(｡ ́︿ ̀｡)', '2020.10.5.11.3', '2020.10.5.11.4'),
('post100', 'mem081', '喵汪生活', '大家家裡的狗也會這樣玩逗貓棒嗎？', '我知道這樣對小狗的關節不好 但是我每次跟貓玩不跟他玩都會哭的很慘?', '2019.4.21.17.27', '2019.4.21.17.28'),
('post101', 'mem093', '喵汪生活', '來曬毛孩醜照，看誰最醜（？', '今天來曬醜照，給大家看看', '2023.11.10.1.27', '2023.11.10.1.28'),
('post102', 'mem021', '可愛貓狗', '兔兔?愛挑食怎麼辦！', '我家兔寶已經快六個月ㄌ，最近才開始混提摩西給他吃可是他都會挑出來，想詢問各位有什麼方法可以讓她不要挑食！！ 還是需要換別家的草給?寶吃呢！有沒有推薦的店家', '2016.9.23.1.4', '2016.9.23.1.5'),
('post103', 'mem130', '毛孩小毛病', '更新#高雄小玳瑁再次送養(領養人反悔了', '10月20日(更) 妮妮的領養人在得知圓圓被退養後,提出了想要領養圓圓的請求,不到一天的時間裡,事情出垷了變化,我的心情如同洗三温暖一樣,之前失落,失望一掃而空,我沒想到上天能有這麼完美的安排,之前一直擔心圓圓沒辨法在新家適應,她的個性不是很親人,聽到什麼動靜一定會先躲起來,能有這麼棒的結局,太好了?妮妮和圓圓能一起快樂長大,謝謝?', '2015.7.2.3.28', '2015.7.2.3.29'),
('post104', 'mem121', '浪你喜翻我', '寄養小型寵可行嗎', '看國外都有幫忙遛狗或者到府餵養，我也一直在想或許我也可以幫忙一些飼主需要有人照顧家中小寵的 不知道可不可行 （價格一定是比外面專業的便宜，但一定都會做好功課', '2022.1.2.7.57', '2022.1.2.7.58'),
('post105', 'mem053', '可愛貓狗', '讓貓咪親人', '想請問一下怎麼讓浪貓親人？ 家裏有一隻原住民大概兩個月公貓（就一看很皮那種什麼都不怕） 領養兩個禮拜後，在收容所看到一隻大概三個月母貓（已經被結紮）在收容所的時間很短，好像是11號被抓進去，15號我就領養走了～ 母貓目前是感覺比較有野性，在籠子裡可以摸（會主動靠）但放風出來，就一直躲，但完全不會有攻擊性行為，但我們主要還是有點擔心牠野性問題，我們知道牠是被抓進去的，在所裡時間也很短，我們也想親近牠，但不知道有沒有比較好的方法？ 目前牠跟小貓相處沒問題，小貓一直追他，但還是希望牠能多親近我們點，但是不是有另外一隻貓的存在，所以牠不太想親近我們呢？', '2023.8.13.7.40', '2023.8.13.7.41'),
('post106', 'mem127', '可愛貓狗', '貓咪眉禿眉毛也斷掉', '我家阿雄最近眉禿變嚴重而且眉毛也都斷掉剩短短的', '2012.8.25.21.12', '2012.8.25.21.13'),
('post107', 'mem172', '可愛貓狗', '推薦的豹貓貓舍', '最近想養一隻貓 因為之前接觸過豹貓 愛上那美麗的花色 還有活潑親人的性格 決定選擇豹貓 目前有詢問到幾家 南部-金x 雙北-晶X 、凱x 中部-xx星球 請問人有推薦哪間貓舍嗎～', '2022.2.19.2.37', '2022.2.19.2.38'),
('post108', 'mem156', '可愛貓狗', '?歡迎給幼幼小橘貓一個家吧?共四隻（可拆送（高雄甲仙區', '?歡迎給幼幼小橘貓一個家吧?共四隻（可拆送 地點：高雄市甲仙區 年齡：約2個月大左右 性別：公母都有 個性：害羞內向賣萌 飲食：飼料 才藝：吃喝玩樂拉撒睡 #認養條件請自行來高雄市甲仙區接送。 #我會過濾黑名單，黑名單者請勿來詢問。 #讓浪浪不再流淚', '2010.3.2.1.21', '2010.3.2.1.22'),
('post109', 'mem047', '可愛貓狗', '媽咪看好了我來示範！', '前情提要：這紗窗我知道已經被弄破了，也早就知道他們都會從這裡跑到另一邊的陽台曬太陽，陽台是有做好防護措施的，請不必擔心）', '2012.12.12.3.41', '2012.12.12.3.42'),
('post110', 'mem025', '可愛貓狗', '廣收喜愛毛孩與各式動物與愛聊天成員', '廣收喜愛毛孩.交友.聊天.旅遊.拍照.運動.遊戲的成員加入 落櫻紛飛ʚ?ଓ彡Discord聊天交友群', '2010.3.9.20.16', '2010.3.9.20.17'),
('post111', 'mem088', '可愛貓狗', '分享 養貓黑名單 運動選手', '不知道是要醞釀什麼⋯ 也沒po文找，限動看了不是跑趴夜店就是唱歌的文，目前一句道歉也沒有，沒問就無要無緊，有著跑掉就算了的心態，本人有做認養同意書和到家家訪，還是無法避免遇到這種人?', '2022.1.13.19.8', '2022.1.13.19.9'),
('post112', 'mem128', '可愛貓狗', '貓咪吐了！', '請問吐飼料是不是因為吃太快？ 最近天氣變冷 發現他會躲在櫃子裡 還是因為天氣變化的關係嗎？', '2024.4.16.22.29', '2024.4.16.22.30'),
('post113', 'mem198', '可愛貓狗', '屏東貓咪送養', '小貓目前在屏東市 因為身體上的因素無法再繼續養貓貓 小貓目前兩個月大是小男生 體內外驅做過了 三合一疫苗打了第一劑 會吃乾飼料罐罐愛喝水 會用貓砂盆 會篩選認養人 如果確認認養會把 貓砂盆以及其他的飼料罐頭玩具貓抓板一起附上～ 希望找到一個愛他的主人', '2018.2.26.22.32', '2018.2.26.22.33'),
('post114', 'mem057', '可愛貓狗', '今年最後五包，免費的還不拿?', '課業很忙，沒什麼時間回家種草，冰箱裡就剩這最後五包，養貓的各位趕快拿回家吧!', '2010.10.22.6.58', '2010.10.22.6.59'),
('post115', 'mem157', '可愛貓狗', '大家有被狗鄙視的經驗嗎', '我家有一隻柴柴 他叫豆奶 不得不說狗狗真的是讓人又愛又恨 陪伴你的時候真的很可愛 但搞事的時候真的會讓人氣鼠', '2010.7.17.14.57', '2010.7.17.14.58'),
('post116', 'mem019', '可愛貓狗', '動保法立法是用兒童的命換來的', '10/20更新增加公報內容，請大家不要被動團資訊誤導&地方機關計畫案看法說明', '2010.6.5.2.29', '2010.6.5.2.30'),
('post117', 'mem046', '浪你喜翻我', '＃分享 喵喵們吃ㄉ乾乾罐罐', '之前有發過一篇文請益大家幼貓吃蝦米~ 很多卡友都有給建議、推薦 也有被打槍自己選的乾乾很大便? 立馬換掉ㄌ 後來就踏上了換乾乾旅途以及嘗試一些幼貓主食罐 今天想要來分享心得 因為換了之後貓貓的毛真的摸起來好順啦~ 聞起來也奶香奶香的 真的謝謝卡友們 ? 先介紹一下 他們是同一胎準備5個月的小朋友 ? 芒果 (女森)', '2021.3.3.0.22', '2021.3.3.0.23'),
('post118', 'mem114', '可愛貓狗', '這到底是公的還是母的', '那個底下兩塊凸凸的應該是蛋蛋吧 謝謝解惑', '2018.2.17.7.30', '2018.2.17.7.31'),
('post119', 'mem129', '喵汪生活', '貓主認證?各種愛吃', '這隻波吉(Poki)也默默來家裡一年了，想當初在貓社團一眼就看中他蠢蠢可愛的模樣 還在颱風夜從台北趕到台中把他接回來，想到還是有點瘋狂\r\n殊不知過了一年現在已變成家中小霸王（賓士貓真的是中二兼話癆）\r\n整天把家裡當遊樂園一樣在玩，有時候真的會被他氣得半死\r\n但被他蠢得要命的行為可愛爆擊，還是會心甘情願的鏟屎聽命', '2019.8.10.0.24', '2019.8.10.0.25'),
('post120', 'mem126', '可愛貓狗', '萬聖節扮什麼', '「小時候媽媽幫忙綁頭髮結果梳太緊的人」 （獲得鳳眼+很痛的頭） （綁的過程中亂動的話還會被髮圈上的裝飾彈）', '2015.11.26.7.35', '2015.11.26.7.36'),
('post121', 'mem148', '可愛貓狗', '這好像是第一次看到「藍色」阿瑪實體化', '滑手機滑到黃阿瑪的文章，說要推出立體悠遊卡了 黃阿瑪出悠遊卡不稀奇，稀奇的是阿瑪居然出藍色的!!', '2012.4.13.14.46', '2012.4.13.14.47'),
('post122', 'mem143', '喵汪生活', '開箱我兒子的生日點心-開凍', '謝乾媽的生日禮物~~~ 送了兩包開凍的點心 名字跟包裝很可愛 其實我是很少給貓咪吃點心的那一派 怕養成他不好的習慣 點心類的產品頂多會買肉泥 偶爾剪指甲當獎勵用 沒想到第一次過生日乾媽竟然送他凍乾 一包是雞肉口味 另一包是丁香魚 包裝就是很吸引人注意的粉紅色', '2024.8.25.6.57', '2024.8.25.6.58'),
('post123', 'mem003', '喵汪生活', '#詢問 狗狗到底要不要送去外面洗澡？', '因為我常在網絡上滑到一些有關寵物美容店的負面報道 讓我對寵物美容店的印象都沒有很好 所以我一直不敢帶我家小狗到外面洗 但最近去了朋友家發現他的小狗都很乾淨，皮膚也都很乾爽 相反我家那隻每次幫他洗完幾天後皮膚都會開始出油 朋友也有建議叫我送到外面洗，他說偶爾在外面洗洗得比較乾淨 且長期下來皮膚狀態會變得比較好 聽到朋友這麼說讓我更加心動想去 可是我又想到那些新聞報道，讓我心情感到很忐忑... 很擔心狗狗會受到不好的對待等 但又希望狗狗的毛髮可以跟朋友家的狗一樣 大家覺得我到底要不要帶狗狗到外面洗呢？', '2021.2.27.3.38', '2021.2.27.3.39'),
('post124', 'mem028', '可愛貓狗', '曬一下畫的貓咪?', '布偶貓', '2019.1.5.17.6', '2019.1.5.17.7'),
('post125', 'mem152', '毛孩小毛病', '新手養寵', '請問新手想養比熊犬 有推薦的犬舍及注意事項嗎', '2014.12.16.13.22', '2014.12.16.13.23'),
('post126', 'mem161', '浪你喜翻我', '#分享 貓咪牙齒保養', '哈囉～我是養了三隻同胎貓貓的Le 最近酵母菌對抗戰役終於來到尾聲 終於安心了許多決定分享一下日常用品 ⚠️以飼主角度的不專業分享 如果有更好的替代產品再麻煩大家推薦了！ 東西都是有實際買過也使用一段時間 ⚠️圖片取自網路 如有不妥會刪除！ 先放一張兇巴巴二寶', '2013.11.6.3.44', '2013.11.6.3.45'),
('post127', 'mem168', '可愛貓狗', '銀髮族飼養寵物專題問卷！麻煩大家了?', '希望大家可以幫幫我們填寫問卷? 家裡有銀髮族長輩們養寵物的都可以！ 沒有限制養什麼寵物❗️這份專題作為報告使用 並不會涉及到個人隱私部分??', '2014.11.17.0.23', '2014.11.17.0.24'),
('post128', 'mem182', '可愛貓狗', '貓咪送養', '約兩歲，黑貓，小女生，五公斤左右，親人愛撒嬌，米克斯，不怕生（不怕人）但對陌生環境需要時間適應，已結紮，疫苗也打過了，因私人原因無法繼續飼養，想替愛貓找個好人家，有自動貓砂機，可議價，貓咪在花蓮', '2021.3.10.16.12', '2021.3.10.16.13'),
('post129', 'mem090', '可愛貓狗', '喵對我好冷淡ฅ(⌯͒•̩̩̩́ ˑ̫ •̩̩̩̀⌯͒)ฅ', '回娘家住就帶波（貓名）一起住4天左右 近期波也因做截尾手術被戴頭套 想說回娘家剛好去拆線 因為尾巴還有點破皮 醫生就開抗生素 這幾天餵藥狀況都還可以 也會來找我跟我睡 回到老公家後 在沒注意的情況下 他又咬到尾巴 輕微的破皮 幫他上清理傷口+吃醫生開的抗生素 這幾天就開始變冷淡 但對家中另外一隻貓還好 還會互相舔 使用梳毛、肉泥、副食罐和貓草也都有來吃 吃完就閃了 沒有要合好的意思 怎麼辦 有人遇到類似情況嗎？？？', '2011.10.12.9.55', '2011.10.12.9.56'),
('post130', 'mem030', '可愛貓狗', '寵物保健品問卷調查', '大家好～ 我們正在調查大家對寵物保健品的需求和想法 有養貓貓狗狗或是有考慮要養的都可以填哦 再麻煩大家花3分鐘幫忙 非常感謝', '2016.1.25.5.55', '2016.1.25.5.56'),
('post131', 'mem056', '可愛貓狗', '狗狗也要護髮嗎？', '身為一位愛漂亮的女生，平常就很注重髮型 經歷過好幾次的染、燙髮，還有平時使用平板夾、電棒捲整理髮型，髮質變得很毛躁乾枯，所以每天都需要使用護髮產品來保養髮質? 上次和朋友聊天聊到護髮時，意外得知原來也有狗狗的護毛產品！！ 因為我們家狗狗雖然是短毛，但他真的很常掉毛！加上有時候帶去公園散步接觸到花花草草 很容易過敏或皮膚病造成部分脫毛', '2024.5.10.16.43', '2024.5.10.16.44'),
('post132', 'mem068', '可愛貓狗', '罐罐很招螞蟻', '想問問有沒有人有類似的經驗? 剛養貓大概一個月，貓2.4公斤，不是很愛吃正餐，很愛零食。我買主食罐，他都愛吃不吃，然後放在房間裡面，會很快有螞蟻出現，沒吃完的放在廚房也很容易壞掉。 但我自己煮肉肉給他吃的話，魚肉雞肉豬肉，都不太會生螞蟻，放在室溫也不太容易壞，但是主食罐他已經愛吃不吃，鮮食更是真的只吃幾口 不喜歡螞蟻所以想讓他都吃鮮食，但是貓貓不買帳，無奈QQ', '2017.12.9.18.27', '2017.12.9.18.28'),
('post133', 'mem073', '可愛貓狗', '大家去寵物展都會買什麼東西啊', '不知道大家都會買些什麼東西呢 有沒有什麼寶藏好物是必買的啊', '2019.12.27.12.21', '2019.12.27.12.22'),
('post134', 'mem187', '可愛貓狗', '自製貓草包大成功', '隆重邀請兩位小可愛當我的貓草包測試員? 一玩不得了?兩位小女森玩超嗨?? - 因為我貓草包做的尺寸比較小 （10x12cm） 所以貓貓們都抓不太住！！ 貓草跑就會一直飛來飛去 讓貓貓們更嗨? - 如果對我的貓草包有興趣 歡迎10/22(日) 來新北板橋大遠百的寵物市集找我喔? 販售時間：11:00 - 20:00', '2018.9.18.3.15', '2018.9.18.3.16'),
('post135', 'mem184', '可愛貓狗', '暌違6年！我！也！有！貓！了！', '以前的我是很堅定絕對不會養貓的狗派，因為表哥家的貓很高傲，會抓沙發，會因為表哥罵他幾句隔天就又是尿又是拉的在他枕頭旁邊示威，所以這種?掰生物，我是非常確定自己不可能想要擁有的。 BUT，就是這個BUT。 大學的時候，在半年內因為被劈腿失戀＋突然確診好不了的病＋被怪人跟蹤騷擾，那時我又自己一個人住，日子一度來到黑暗期，那時候我的情緒非常低落，真的每天都像行屍走肉一般。 直到我偶然看見了貓咪的影片，產生了久違的興致，為了看更多，又馬上加入貓咪社團，看著一張又一張貓咪照片，一段又一段的貓咪影片，我的內心在不知不覺中被溫暖、被療癒。 我會因為有人發的貓咪耍賤撥下桌上物品皺眉；會因為有人的貓咪手掌開花踩奶微笑；會因為有人的貓咪受傷過世難過，這些感受對好幾個月除了絕望沒有任何情緒的我來說仿佛讓我活過來，像個人。 然後我便無法自拔陷入了，也在那時我把所有帳號的狀態改成“會有貓的”，我不希望自己一時興起的飼養，而是有能力做好負責一個生命的準備才飼養，所以這一等我就等了六年～ 而現在——我的願望實現了！屬於我的貓貓降臨了！ 第一眼見到，我的腦海只有一個聲音！就是他了！ 頭上有根避雷針很頑固', '2018.7.4.9.30', '2018.7.4.9.31'),
('post136', 'mem118', '可愛貓狗', '那個阿九又在怪怪的', '從廚房出來時看見的阿九…… 我都不知道我不在家的時候你是怎麼活下來的', '2021.1.4.14.12', '2021.1.4.14.13'),
('post137', 'mem038', '可愛貓狗', '如何訓練貓咪習慣貓砂盆', '週末意外在路上撿到一隻浪貓 因為路上車子很多怕危險就先帶回家養 有帶去給醫生檢查順便掃描是否有植入晶片 檢查結果都正常，只是體態偏瘦 有去寵物店買法麗的飼料和罐罐 還有汪喵星球的豆腐砂稍微簡單佈置照顧 貓咪的胃口很好，吃飼料也吃得很香 尤其吃完順毛的時候真的好療癒(描～) 就跟家人討論打算成為家庭的一份子！ 但因為是新手貓奴，有幾個問題想詢問 1.因為貓咪偏瘦，除了飼料以外，是不是需要補充其他營養素？ 2.貓咪都不願意去貓砂上廁所，隨意尿真的有點頭痛 除了換貓砂盆以外，有沒有其他有效的訓練方式？ ', '2022.9.22.1.28', '2022.9.22.1.29'),
('post138', 'mem195', '可愛貓狗', '貓咪指甲斷裂', '貓咪前4天自己從冰箱下來時腳指甲斷掉整個歪掉，平常我們都有定期修剪不知道怎麼會這樣，我媽一直說但過了好幾天還是沒有好而且他的腳指甲還有一部分鉗再肉裡面，想問廣大的網友有人的貓也有相同情況過嘛，那個指甲之後會自行脱落嗎，還是這種情況一定需要就醫了，或者是有相同情況就醫過的人可以跟我分享一下當時情況以及花了多少錢嗚嗚，謝謝。', '2015.9.26.22.53', '2015.9.26.22.54'),
('post139', 'mem111', '浪你喜翻我', '吃貓貓的凍乾', '不知道有養毛小孩的大家 去逛寵物用品店的時候看到貓貓零食會不會有想吃的感覺？ 我每次逛到凍乾區，看到帆立貝啦、鱈魚凍乾啦、柳葉魚、雞肉等等，都好想吃? 上次買主子的凍乾，真的忍不住買一包帆立貝給自己吃 我家主子看到我拿他零食他吃對我用鄙視的眼神嗆了一聲「秒喵（拉長音」 請問我偷主子的食物吃是不是活該被鄙視', '2016.4.25.0.34', '2016.4.25.0.35'),
('post140', 'mem133', '可愛貓狗', '怪獸部落跟ZIWI貓糧比較 請益', '請問有人買過怪獸部落的鮮肉糧給貓吃嗎？ 原本買ZIWI，但就覺得太貴，想找高肉含量的替代品 但我家貓超挑嘴? 以下是兩款比較 ? 怪獸部落鮮肉糧 雞肉口味', '2018.9.18.3.15', '2018.9.18.3.16'),
('post141', 'mem199', '喵汪生活', '誰家的賓士那麼北爛', '如題 我家的賓士貓真的有夠北爛 半夜不睡覺踩我咬我就算了 今天下班回家上樓時 突然感覺有人摸我的頭 因為家裡只有我一人 所以我不由自主從背後毛起來…', '2018.7.4.9.30', '2018.7.4.9.31'),
('post142', 'mem008', '可愛貓狗', 'AirTag項圈', '有人知道台南哪裡買的到這個項圈嗎？ 最近貓貓常常想溜出門，擔心他ㄧ出去就找不到了', '2021.1.4.14.18', '2021.1.4.14.18'),
('post143', 'mem144', '可愛貓狗', '求推薦自己種草給狗狗（有選手', '如題 我們家的胖狗狗常常偷偷吃樓下鄰居的盆栽 知道可能狗狗吃草是腸胃不舒服之類的 但是她每天回家都超級快樂的吃那盆… （我對不起我的鄰居） 結論就是 覺得不能把別人的葉子都吃光光 想要來自己種！！！ 上網查了一些資料 想問大家有沒有種過？有推薦的嗎？ 想要比較好照顧的～ ①貓草（家裡也有貓 網路是說狗貓都適用？ ②茴香（用google搜尋葉子名稱出現「類似茴香」 ③香菜、羅勒（我也愛吃? 先謝過美女帥哥 回覆的人 毛孩都會超級健康！！！', '2021.1.4.14.19', '2021.1.4.14.19'),
('post144', 'mem013', '喵汪生活', '突然不喜歡撿回來的貓咪', '⚠️文長慎入，不太確定要不要發這板，但想說來問問大家的意見 前情提要： 我姐家有養一隻黑貓，同時也很喜歡餵社區的流浪貓，有勸過不要亂餵，但她都會拿那些貓咪會在外面還不是因為人類的關係來回嘴，因為她結婚是住在山上的社區，比較不會有衝到馬路的問題，所以久了我們也不想勸了。 正文： 她原本有在餵一隻老玳瑁，跟她很親近很喜歡牠，有一天貓咪好像受傷的很嚴重，所以就帶回家養，受傷的關係一直是把牠養在一個房間裡，黑貓在其他空間活動，但養著養著她就對那隻玳瑁很反感，沒有原因的那種，我幾個月前有去她家做客，一直聽到她在罵那隻玳瑁，她還是會照顧那隻玳瑁，會換水給飼料，但一進去那個房間她就會開始發作，她的說法是她看到那隻玳瑁對她喵喵叫就覺得很髒很噁心，靠過來她就會開始罵，我都懷疑我姐是不是生病，但她還是很愛家裡的黑貓，然後還是會去餵流浪貓，也很愛牠們，就唯獨玳瑁不知道為什麼很討厭。 剛剛我姐夫就打來想請我問問身邊有沒有人願意養，我姐這次好像抓狂的很嚴重，他說我姐每天都在罵，這樣也好幾個月我就覺得那隻玳瑁超可憐== 就算基本都有照顧，但誰能忍受一直被罵，但我跟我姐年紀差了一輪，身邊的人也都大學生或剛出社會，沒有人有能力養，所以我就有說要不要po看看fb，但我姐夫好像不太想要，可能是怕被罵翻之類的吧⋯⋯ ', '2021.1.4.14.20', '2021.1.4.14.20'),
('post145', 'mem060', '喵汪生活', '狐蒙肉球', '吃貨三橘之肉球 前面站更久，開始錄影之後只站這一下', '2016.11.9.20.21', '2016.11.9.20.21'),
('post146', 'mem191', '可愛貓狗', '兩貓日常', '看兩貓吃喝拉撒睡就莫名的舒壓', '2020.10.5.11.3', '2020.10.5.11.4'),
('post147', 'mem080', '毛孩小毛病', '啊～～～好幸福?', '可愛可愛', '2019.4.21.17.27', '2019.4.21.17.28'),
('post148', 'mem020', '浪你喜翻我', '小貓咪跟你說晚安', '我床都暖好ㄌ', '2023.11.10.1.27', '2023.11.10.1.28'),
('post149', 'mem162', '可愛貓狗', '好像被蜜蜂叮到的貓咪', '某天早上醒來看到他的臉變腫了?明明不想睡 眼睛卻都睜不開… P.S.影片是之前的，現在貓咪還活得好好的唷！別擔心', '2016.9.23.1.4', '2016.9.23.1.5'),
('post150', 'mem132', '可愛貓狗', '雞蛋不要放在同一個籃子裡', '俗話說的好 雞蛋不要放在同一個籃子裡? 三色蛋也是！ （來自準備要排蛋進籃子卻發現來了一個小搗蛋的奴才）', '2015.7.2.3.28', '2015.7.2.3.29'),
('post151', 'mem072', '可愛貓狗', '#哈醬 #蜜醬 全家品牌大使 IG', '恭喜朋友的愛貓✨哈醬和?蜜醬榮獲全家品牌大使❤️ IG @hami211015', '2022.1.2.7.57', '2022.1.2.7.58'),
('post152', 'mem140', '可愛貓狗', '錢變成牠喜歡的樣子', '上班賺錢就是為了買罐罐 養女友都沒養貓認真', '2023.8.13.7.40', '2023.8.13.7.41'),
('post153', 'mem181', '可愛貓狗', '橘貓口味冰棒', '融化了', '2012.8.25.21.12', '2012.8.25.21.13'),
('post154', 'mem122', '可愛貓狗', '兩星期ㄉ奶貓', '剛出生兩星期的奶貓', '2022.2.19.2.37', '2022.2.19.2.38'),
('post155', 'mem035', '可愛貓狗', '其實你是壁虎吧', '#浪浪 #橘貓 #吸貓日常 #奶貓養成新手', '2010.3.2.1.21', '2010.3.2.1.22'),
('post156', 'mem078', '可愛貓狗', '小奶貓成長日常', '你在看我嗎', '2012.12.12.3.41', '2012.12.12.3.42'),
('post157', 'mem125', '可愛貓狗', '人類有颱風假喔？我天天放假', '慕： 颱風天的大家要注意安全喔 沒事就躺在床上陪我吧', '2010.3.9.20.16', '2010.3.9.20.17'),
('post158', 'mem142', '可愛貓狗', '假小耳朵有夠可愛', '這兩搓假耳朵有個可愛', '2022.1.13.19.8', '2022.1.13.19.9'),
('post159', 'mem054', '可愛貓狗', '部隊起床', '叫你啦', '2024.4.16.22.29', '2024.4.16.22.30'),
('post160', 'mem052', '可愛貓狗', '蒙娜麗莎喵', '可愛又迷人的微笑', '2018.2.26.22.32', '2018.2.26.22.33'),
('post161', 'mem043', '浪你喜翻我', '豬咪進食記', '含蓄吃法不適合我們', '2010.10.22.6.58', '2010.10.22.6.59'),
('post162', 'mem049', '可愛貓狗', '好療癒(*¯︶¯*)', '親戚養的貓咪～ 在想以後要不要也養一隻(๑•́ ₃ •̀๑)', '2010.7.17.14.57', '2010.7.17.14.58'),
('post163', 'mem045', '喵汪生活', '其實...你是一隻\"博美\"吧', '還會搖尾巴', '2010.6.5.2.29', '2010.6.5.2.30'),
('post164', 'mem082', '可愛貓狗', '貓貓超愛喝我的水', '每次我的水杯裡面有水，她都會把頭埋進去?，她自己明明也有水', '2021.3.3.0.22', '2021.3.3.0.23'),
('post165', 'mem095', '可愛貓狗', '貓貓沒錢吃飯，心酸畫面流出', '貓貓沒錢吃飯，心酸畫面流出', '2018.2.17.7.30', '2018.2.17.7.31'),
('post166', 'mem116', '喵汪生活', '差點吵架', '看什麼看', '2019.8.10.0.24', '2019.8.10.0.25'),
('post167', 'mem102', '喵汪生活', '認真陪著我work from home的貓貓', '記得打卡', '2015.11.26.7.35', '2015.11.26.7.36'),
('post168', 'mem067', '可愛貓狗', '我兒子真的太可愛了', '好亮唷', '2012.4.13.14.46', '2012.4.13.14.47'),
('post169', 'mem070', '毛孩小毛病', '哩勒跨塞小', '奶凶奶凶的貓貓', '2024.8.25.6.57', '2024.8.25.6.58'),
('post170', 'mem065', '浪你喜翻我', '玩貓耳朵', 'dobby is freeeee ', '2021.2.27.3.38', '2021.2.27.3.39'),
('post171', 'mem058', '可愛貓狗', '我家貓寶', '五個月大的春嬌寶 正式上線！', '2019.1.5.17.6', '2019.1.5.17.7'),
('post172', 'mem059', '可愛貓狗', '農曆七月剛開始……..大白天你是看到什麼', '哈絲絲絲', '2014.12.16.13.22', '2014.12.16.13.23'),
('post173', 'mem147', '可愛貓狗', '貓咪布團', '噗噗噗', '2013.11.6.3.44', '2013.11.6.3.45'),
('post174', 'mem031', '可愛貓狗', '貓', '我是路霸，讚', '2014.11.17.0.23', '2014.11.17.0.24'),
('post175', 'mem077', '可愛貓狗', '這味道真讓貓上癮', '如題 這味道真是讓貓欲罷不能啊~', '2021.3.10.16.12', '2021.3.10.16.13'),
('post176', 'mem106', '可愛貓狗', '監工小貓', '要檢查主人有沒有認真工作', '2011.10.12.9.55', '2011.10.12.9.56'),
('post177', 'mem096', '可愛貓狗', '那些讓人看不懂的肥肉還有手手⋯', '然後她還一臉不屑在看我? 懶散更新的IG⋯', '2016.1.25.5.55', '2016.1.25.5.56'),
('post178', 'mem098', '可愛貓狗', '你在看我嗎？', '喜歡在制高點的小貓', '2024.5.10.16.43', '2024.5.10.16.44'),
('post179', 'mem123', '可愛貓狗', '很喜歡搶被子的貓', '雖然被搶被子了，但我怎麼很開心? 發現無論冬天、夏天，她都很喜歡鑽被子， 每次都用奶音攻勢，害我不知道怎麼跟他理論? 見諒風聲，因為在風扇旁邊', '2017.12.9.18.27', '2017.12.9.18.28'),
('post180', 'mem017', '可愛貓狗', '都要把拔餵喝水的小公主', '然後碗還是空的！', '2019.12.27.12.21', '2019.12.27.12.22'),
('post181', 'mem164', '可愛貓狗', '我家貓是雙性貓', '我家附近有幾隻浪貓，時間到都會固定來我家要飯 前幾個月圖中的小貓生過小孩，身上也有可以哺乳的奶頭(大概可以確定是母貓 但是她的蛋蛋又特別大，不知道的還以為他是公貓！ 有時候都會懷疑她無性生殖', '2018.9.18.3.15', '2018.9.18.3.16'),
('post182', 'mem134', '可愛貓狗', '白領巾白襪套', '我家主子とら有白白大領巾還有四腳白襪套，真的覺得襪套太太太可愛惹(*^ω^*)', '2018.7.4.9.30', '2018.7.4.9.31'),
('post183', 'mem071', '浪你喜翻我', '冬天到了 一隻毛球出現了', '想看更多顏色的球貓', '2021.1.4.14.12', '2021.1.4.14.13'),
('post184', 'mem175', '可愛貓狗', 'ㄌㄩㄝ', '好喜歡捕捉女鵝吐舌頭的瞬間(˶‾᷄ ⁻̫ ‾᷅˵)', '2022.9.22.1.28', '2022.9.22.1.29'),
('post185', 'mem007', '喵汪生活', '不爽要先說啊?怎麼可以直接咬人', '我就壞', '2015.9.26.22.53', '2015.9.26.22.54'),
('post186', 'mem146', '可愛貓狗', '曬兒子', '有人家裡的貓也會笑嗎，感覺很舒服', '2016.4.25.0.34', '2016.4.25.0.35'),
('post187', 'mem010', '可愛貓狗', '後面是我用倒的（賣萌', '真的有夠可愛', '2018.9.18.3.15', '2018.9.18.3.16'),
('post188', 'mem014', '喵汪生活', '這是一隻貓', '可愛貓貓', '2018.7.4.9.30', '2018.7.4.9.31'),
('post189', 'mem186', '喵汪生活', '冬日的閃光', '雖然白糖平常就很愛撒嬌 但冬天是我最幸福的時候', '2021.1.4.14.21', '2021.1.4.14.21'),
('post190', 'mem081', '可愛貓狗', '無標題，但有貓', '有可愛的貓貓，請下標題', '2021.1.4.14.22', '2021.1.4.14.22'),
('post191', 'mem093', '毛孩小毛病', '咬得腋下都濕了', '這個沈迷的小表情是怎麼回事', '2021.1.4.14.23', '2021.1.4.14.23'),
('post192', 'mem021', '浪你喜翻我', '鏟屎的 給你一個眼神 你自己體會', '對不起? 我馬上去開罐罐', '2016.11.9.20.21', '2016.11.9.20.21'),
('post193', 'mem130', '可愛貓狗', '好多人都誤會我是女生', '7m奶油端子 太可愛常常被誤會', '2020.10.5.11.3', '2020.10.5.11.4'),
('post194', 'mem007', '可愛貓狗', '12/15世界貓奴日', '雖然我不是貓奴 但是一樣放個浪浪貓照 祝板上鏟屎的快樂！貓貓也快樂！ 貓：怎樣？胖是胖到你身上了？', '2019.4.21.17.27', '2019.4.21.17.28'),
('post195', 'mem146', '可愛貓狗', '請開聲音', '撒嬌貓貓欸', '2023.11.10.1.27', '2023.11.10.1.28'),
('post196', 'mem010', '可愛貓狗', '第一天 橘白襪 兇狠紀錄 求賜名', '帶仙草愛玉驗愛滋 送養 剛好有人從高速公路水溝救了這隻 機緣撞臉 只好中途了? 目前都蠻痛苦哀嚎的 肛裂 脫水 鼻涕（照光後好轉 胃口還算ok', '2016.9.23.1.4', '2016.9.23.1.5'),
('post197', 'mem014', '可愛貓狗', 'GOGOGO！', '在這裡與我相遇好嗎 現在追蹤每天都有超棒的貓貓圖喔！ （好像手遊廣告XD）', '2015.7.2.3.28', '2015.7.2.3.29'),
('post198', 'mem186', '可愛貓狗', '偷窺！', '下班回家這個小傢伙用這種偷窺的方式看我也太可愛', '2022.1.2.7.57', '2022.1.2.7.58'),
('post199', 'mem081', '可愛貓狗', '人類 起來啊', '昨晚要睡覺時小屁貓跳上床監視 是不是想用可愛力量讓人無法睡覺！ (⑉･̆༥･̆⑉) @mimika.pop', '2023.8.13.7.40', '2023.8.13.7.41'),
('post200', 'mem093', '可愛貓狗', '你的門神已上線', '浪貓兼門神', '2012.8.25.21.12', '2012.8.25.21.13'),
('[value-', '[value', '[valu', '[value-4]', '[value-5]', '[value-6]', '[value-7]');

-- --------------------------------------------------------

--
-- 資料表結構 `forum_article_1024v3`
--

CREATE TABLE `forum_article_1024v3` (
  `justnumber` int(11) NOT NULL,
  `article_id_post` varchar(7) CHARACTER SET utf8 COLLATE utf8_general_ci DEFAULT NULL,
  `member_id_post` varchar(6) CHARACTER SET utf8 COLLATE utf8_general_ci DEFAULT NULL,
  `board_category_CH` varchar(5) CHARACTER SET utf8 COLLATE utf8_general_ci DEFAULT NULL,
  `title` varchar(70) CHARACTER SET utf8 COLLATE utf8_general_ci DEFAULT NULL,
  `content` varchar(1134) CHARACTER SET utf8 COLLATE utf8_general_ci DEFAULT NULL,
  `release_time` varchar(16) CHARACTER SET utf8 COLLATE utf8_general_ci DEFAULT NULL,
  `update_time` varchar(16) CHARACTER SET utf8 COLLATE utf8_general_ci DEFAULT NULL
) ENGINE=InnoDB DEFAULT CHARSET=utf8mb4 COLLATE=utf8mb4_general_ci;

--
-- 傾印資料表的資料 `forum_article_1024v3`
--

INSERT INTO `forum_article_1024v3` (`justnumber`, `article_id_post`, `member_id_post`, `board_category_CH`, `title`, `content`, `release_time`, `update_time`) VALUES
(1, 'post053', 'mem036', '喵汪生活', '吃播', '（影片內是清蒸的雞胸肉有去皮一天一小塊當零食給她，她已經吃完正餐囉） 她叫屁屁 看更多屁屁：', '2019-04-21-17:27', '2019-04-21-17-28'),
(2, 'post140', 'mem133', '可愛貓狗', '怪獸部落跟ZIWI貓糧比較 請益', '請問有人買過怪獸部落的鮮肉糧給貓吃嗎？ 原本買ZIWI，但就覺得太貴，想找高肉含量的替代品 但我家貓超挑嘴?? 以下是兩款比較 ?? 怪獸部落鮮肉糧 雞肉口味', '2019-04-21-17:28', '2018-09-18-03-16'),
(3, 'post113', 'mem198', '可愛貓狗', '屏東貓咪送養', '小貓目前在屏東市 因為身體上的因素無法再繼續養貓貓 小貓目前兩個月大是小男生 體內外驅做過了 三合一疫苗打了第一劑 會吃乾飼料罐罐愛喝水 會用貓砂盆 會篩選認養人 如果確認認養會把 貓砂盆以及其他的飼料罐頭玩具貓抓板一起附上～ 希望找到一個愛他的主人', '2019-04-21-17:29', '2018-02-26-22-33'),
(4, 'post145', 'mem060', '喵汪生活', '狐蒙肉球', '吃貨三橘之肉球 前面站更久，開始錄影之後只站這一下', '2019-04-21-17:30', '2016-11-09-20-21'),
(5, 'post130', 'mem030', '可愛貓狗', '寵物保健品問卷調查', '大家好～ 我們正在調查大家對寵物保健品的需求和想法 有養貓貓狗狗或是有考慮要養的都可以填哦 再麻煩大家花3分鐘幫忙 非常感謝', '2019-04-21-17:31', '2016-01-25-05-56'),
(6, 'post150', 'mem132', '可愛貓狗', '雞蛋不要放在同一個籃子裡', '俗話說的好 雞蛋不要放在同一個籃子裡?? 三色蛋也是！ （來自準備要排蛋進籃子卻發現來了一個小搗蛋的奴才）', '2019-04-21-17:32', '2015-07-02-03-29'),
(7, 'post173', 'mem147', '可愛貓狗', '貓咪布團', '噗噗噗', '2019-04-21-17:33', '2013-11-06-03-45'),
(8, 'post121', 'mem148', '可愛貓狗', '這好像是第一次看到「藍色」阿瑪實體化', '滑手機滑到黃阿瑪的文章，說要推出立體悠遊卡了 黃阿瑪出悠遊卡不稀奇，稀奇的是阿瑪居然出藍色的!!', '2019-04-21-17:34', '2012-04-13-14-47'),
(9, 'post162', 'mem049', '可愛貓狗', '好療癒(*¯︶¯*)', '親戚養的貓咪～ 在想以後要不要也養一隻(??? ? ???)', '2019-04-21-17:35', '2010-07-17-14-58'),
(10, 'post133', 'mem073', '可愛貓狗', '大家去寵物展都會買什麼東西啊', '不知道大家都會買些什麼東西呢 有沒有什麼寶藏好物是必買的啊', '2019-12-27-12:21', '2019-12-27-12-22'),
(11, 'post124', 'mem028', '可愛貓狗', '曬一下畫的貓咪??', '布偶貓', '2019-12-27-12:22', '2019-01-05-17-07'),
(12, 'post072', 'mem041', '可愛貓狗', '嚇到貓主子', '拿手機要拍2主子嚇一跳', '2019-12-27-12:22', '2019-08-10-00-25'),
(13, 'post094', 'mem079', '可愛貓狗', '想領養小貓', '主要想領養一隻橘貓～ 目前已有一隻8個月的三花貓 想再養一隻貓貓作伴 儘量是在南部地區 謝謝??', '2019-12-27-12:23', '2018-07-04-09-31'),
(14, 'post046', 'mem151', '可愛貓狗', '我的貓好像在偷健身', '玩電腦玩到一半轉頭發現我家貓在引體向上', '2019-12-27-12:23', '2018-09-18-03-16'),
(15, 'post006', 'mem146', '喵汪生活', '反推 台中胖胖動物醫院', '我們家的毛孩三歲了乳牙沒掉，\r\n版上搜尋了萬中選一的寵物外科，\r\n殊不知這是把我心愛的博美推入地獄的開端。\r\n\r\n開端不贅述，一般問診及上次門診拿的鎮靜藥在醫師的指示下都配合的吃。\r\n簽完同意書，下午兩點半進入麻醉下洗拔牙，\r\n邱鈺淇醫師表示約兩個小時後可以接回。\r\n下午四點醫院打電話來表示已經急救了20分鐘，電話中說麻醉30分鐘後跳血壓血氧不穩，需要飼主趕過去。（在急救也不趕快打給飼主，居心何在？）\r\n\r\n到了醫院之後說無法自主呼吸還沒拔呼吸管，\r\n說我家的毛孩心臟可能不好balabala……。\r\n\r\n邱鈺淇真是一派胡言，我家的博美三歲術前抽血胸部X光都是正常，上麻給藥開始的心電圖也都是正常的， 在麻醉風險分級是ASA1，出事後一切問題推託到毛孩身上。急救中電話詢問心律不整是跳什麼心律也不會判斷，最後有個女院長說跳VPC，又開始騙，VPC最好會心跳血壓血氧全部掉？一整間醫院的醫師都沒人有唸書。由此可見這家胖胖真的不能去！\r\n\r\n他們胖胖外科晚間無診，「要飼主自行聯絡轉診醫院」，自行聯絡可轉診醫院表示7點才可以接，殊不知胖胖又自行聯絡轉診問可否提早轉出，因為他們只到五點半。毛孩在呼吸喘又小又會吐口水步態不穩的情形下被迫離開胖胖。（中間因為太喘又回到胖胖診所，診所院長？表示情形有好轉要趕快送）在半推半就的形象下轉診至另外一家醫院。\r\n\r\n我還在美好的幻想中，想著我家寶貝麻醉太深了，留院觀察一晚就恢復正常。\r\n\r\n第二天早上轉診醫院簡訊表示呼吸正常但是無法正常走路，剎那間我的世界崩潰了！\r\n轉診醫院要我回胖胖在做神經檢查。\r\n\r\n反正胖胖醫院的邱醫師說腦部受損神經損傷，\r\n完全不認為他們有醫療業務疏失，表示我已經簽了麻醉同意書，我想問問邱醫師，簽了麻醉同意書不是代表你麻醉呼吸道可以有問題。\r\n\r\n—————重點在此—————\r\n在術中血氧低也會導致心律不整最終整個休克，\r\n偏執的說有處理，還表示黏膜顏色都是正常的，拜託，正常人都是看監視器數據，誰在術中掀開布單看黏膜。你們處理就是不行，倒是想問問麻醉醫師（堅持有一位專責麻醫）是誰還是叫護理師（說不定也沒醫療執照的普通人）擠ambu ？\r\n醫師一直說謊，最後電話中終於脫出在術中有心跳停止，已有急救給升壓藥。\r\n但是，醫師，我是不知道獸醫需不需要有ACLS證照，依照ACLS protocol，心跳停止是要壓胸給epinephrine，不是妳說的dopamine,還死鴨子嘴硬說每個醫院流程不一樣。你沒唸書不要騙有念過書的人。我真的不知道屏科大怎麼給你畢業證書的，雞腿換的嗎？！ \r\n總之，我家的寶貝麻糬右側偏癱，需要人家照顧吃飯喝水大小便，我真的不知台中胖胖醫院良心何在？\r\n\r\n給我家的寶貝', '2019-12-27-12:23', '2019-04-21-17-28'),
(16, 'post038', 'mem016', '浪你喜翻我', '貓咪認養', '地點：台南 性別：女 花紋：混暹羅', '2019-12-27-12:24', '2017-12-09-18-28'),
(17, 'post182', 'mem134', '可愛貓狗', '白領巾白襪套', '我家主子??有白白大領巾還有四腳白襪套，真的覺得襪套太太太可愛惹(*^ω^*)', '2019-12-27-12:24', '2018-07-04-09-31'),
(18, 'post134', 'mem187', '可愛貓狗', '自製貓草包大成功', '隆重邀請兩位小可愛當我的貓草包測試員?? 一玩不得了??兩位小女森玩超嗨???? - 因為我貓草包做的尺寸比較小 （10x12cm） 所以貓貓們都抓不太住！！ 貓草跑就會一直飛來飛去 讓貓貓們更嗨?? - 如果對我的貓草包有興趣 歡迎10/22(日) 來新北板橋大遠百的寵物市集找我喔?? 販售時間：11:00 - 20:00', '2019-12-27-12:24', '2018-09-18-03-16'),
(19, 'post196', 'mem010', '可愛貓狗', '第一天 橘白襪 兇狠紀錄 求賜名', '帶仙草愛玉驗愛滋 送養 剛好有人從高速公路水溝救了這隻 機緣撞臉 只好中途了?? 目前都蠻痛苦哀嚎的 肛裂 脫水 鼻涕（照光後好轉 胃口還算ok', '2019-12-27-12:25', '2016-09-23-01-05'),
(20, 'post179', 'mem123', '可愛貓狗', '很喜歡搶被子的貓', '雖然被搶被子了，但我怎麼很開心?? 發現無論冬天、夏天，她都很喜歡鑽被子， 每次都用奶音攻勢，害我不知道怎麼跟他理論?? 見諒風聲，因為在風扇旁邊', '2019-12-27-12:25', '2017-12-09-18-28'),
(21, 'post066', 'mem155', '可愛貓狗', '是英短還是美短呢？', '貓咪現在11個月大是剛領養回來的 那人跟我說貓喵是重點色英短 可是我看?又像美短 已經搞不清楚了 有人可以幫我分辨一下嗎', '2019-12-27-12:25', '2018-02-26-22-33'),
(22, 'post044', 'mem159', '可愛貓狗', '被橘貓療癒的日常', '小時候因為常常跟臘腸相處，一直以為自己以後會是一生狗派，殊不知在遇到橘貓後一切都變了', '2019-12-27-12:26', '2015-09-26-22-54'),
(23, 'post139', 'mem111', '浪你喜翻我', '吃貓貓的凍乾', '不知道有養毛小孩的大家 去逛寵物用品店的時候看到貓貓零食會不會有想吃的感覺？ 我每次逛到凍乾區，看到帆立貝啦、鱈魚凍乾啦、柳葉魚、雞肉等等，都好想吃?? 上次買主子的凍乾，真的忍不住買一包帆立貝給自己吃 我家主子看到我拿他零食他吃對我用鄙視的眼神嗆了一聲「秒喵（拉長音」 請問我偷主子的食物吃是不是活該被鄙視', '2019-12-27-12:26', '2016-04-25-00-35'),
(24, 'post098', 'mem014', '可愛貓狗', '狗狗吃海鮮這回事', '先破解大家對狗狗不能吃海鮮這個迷思 過敏~~ 過敏的狀況真的每隻狗不同，有的狗對雞肉過敏，有的狗對海鮮過敏 有的對牛肉過敏，還有遇過對所有種類的肉都過敏的狗，過敏真的要看每隻狗狗的體質 在知道你家毛寶貝吃甚麼會過敏以前不管甚麼種類的食物可以少量嘗試，抓癢不一定是過敏的徵兆 要看抓癢的頻率還有觀察皮膚以及最近的生活狀況而定喔！ 腹瀉~~ 比較偏向於食物的新鮮度以及有沒有煮熟，許多食物是存在很多細菌和微生物， 加熱是最常見的處理方式 而烘乾就是把水分去除，讓細菌失去生長的環境，保留原肉的營養， 生食級的肉類則是需要確認來源，不宜久放，食物一旦置入空氣中就會開始產生細菌，任何食物都一樣 健康程度~~ 海鮮可以說是優秀蛋白質來源，以及DHA和EPA，市面上也有許多寵物魚油，可以幫助狗狗的毛髮健康 目前已經有許多研究指出所有肉類都含有 Omega-3和Omega-6 而3和6達到平衡是可以達到抗發炎以及生體機能平衡 含有豐富的維生素D、維生素B6和維生素B12，對於狗的骨骼和免疫系統健康至關重要 此外，還提供了鈣、磷、鐵等礦物質，能夠幫助維持狗的整體健康狀態 而魚肉更容易消化，比較不會有消化負擔，適合各種年齡層的狗狗喔！ 狗狗吃海鮮要注意甚麼? 1-所有的魚類一定要剃除骨頭，甲殼類要剝除外殼，避免卡在食道 建議可以買已經處理過的魚片，以免自己剃除的不乾淨 2-一定要煮熟，水產的細菌很容易滋生，加熱的過程幾乎都可以消滅 尤其是鮭魚，未煮熟的鮭魚容易引發狗狗【鮭魚中毒症】，有興趣的朋友可以自行上網查一下 這裡就不贅述了 要怎麼給狗狗吃海鮮呢? 我建議用水煮或清蒸，連同湯汁一起給牠吃，最好搭配一些綠色蔬菜，增加非水溶性膳食纖維', '2019-12-27-12:26', '2016-11-09-20-21'),
(25, 'post033', 'mem097', '可愛貓狗', '每次搗蛋完都要裝可愛', '這隻貓居然有HDR', '2019-12-27-12:27', '2014-11-17-00-24'),
(26, 'post185', 'mem007', '喵汪生活', '不爽要先說啊??怎麼可以直接咬人', '我就壞', '2019-12-27-12:27', '2015-09-26-22-54'),
(27, 'post083', 'mem009', '可愛貓狗', '小貓送養', '地區：嘉義市（全台皆可送） 性別：妹妹（2-3月大） 個性：可摸可抱超級親人（一直討摸摸） 下巴有受傷，住院開刀一天下巴已經好很多了進食正常，醫生說有貫穿下顎做縫合沒後遺症 已檢測貓腸炎三合一(貓瘟/Fip/梨形鞭毛蟲)+二合一(貓愛滋/白血病）都陰性、體外驅蟲，一週後(10/26)拆線+體內驅蟲 領養條件 領養條件 1-不放養、不關籠養，需足夠空間活動 2-經濟條件許可，未成年需取得監護人同意 3-偶爾傳個近況照片就可以', '2019-12-27-12:27', '2016-01-25-05-56'),
(28, 'post059', 'mem121', '毛孩小毛病', '長貓', '某天把貓貓抱起來 就差點變成迷因長貓', '2019-12-27-12:28', '2012-08-25-21-13'),
(29, 'post174', 'mem031', '可愛貓狗', '貓', '我是路霸，讚', '2019-12-27-12:28', '2014-11-17-00-24'),
(30, 'post103', 'mem130', '毛孩小毛病', '更新#高雄小玳瑁再次送養(領養人反悔了', '10月20日(更) 妮妮的領養人在得知圓圓被退養後,提出了想要領養圓圓的請求,不到一天的時間裡,事情出?了變化,我的心情如同洗三?暖一樣,之前失落,失望一掃而空,我沒想到上天能有這麼完美的安排,之前一直擔心圓圓沒辨法在新家適應,她的個性不是很親人,聽到什麼動靜一定會先躲起來,能有這麼棒的結局,太好了??妮妮和圓圓能一起快樂長大,謝謝??', '2019-12-27-12:28', '2015-07-02-03-29'),
(31, 'post020', 'mem087', '喵汪生活', '我好怕我的狗狗離開', '8月初退伍的時候 家裡狗狗就看起來怪怪的\r\n但是我8月中才帶去給寵物醫生看\r\n結果檢查出來乳腺惡性腫瘤 她今年16歲了\r\n大概在我小三的時候養的\r\n知道的當下我很難過 哭了很久\r\n醫生出於立場講了很多開刀的風險\r\n所以我們當下決定就配合藥物治療就好\r\n我們家是社區 有中庭 \r\n平常都是讓他在中庭跑一跑 上廁所\r\n真的很少帶他去外面走走 \r\n加上我大學又在外縣市讀書 機會又更少\r\n現在是每天一定會帶他出去看看 走走\r\n但是9月中的時候 \r\n突然又沒什麼胃口 也沒什麼精神\r\n這時候又在網路上爬文\r\n反而很多建議乳腺惡性腫瘤 儘早開刀\r\n我當下真的很想掐死自己 \r\n為什麼不早點做功課\r\n前幾天去照x光 已經擴散到肺部了\r\n連開刀的機會都沒有了 但是腫瘤不大顆\r\n目前也沒有真的壓迫到器官\r\n但是就是不怎麼吃 一天吃一口東西算進食嗎\r\n食物促進劑 保健食品也都按時吃\r\n但是都沒有好轉\r\n醫生說建議可以血檢跟電腦掃描\r\n但是家裡覺得順其自然就好\r\n狗狗不吃東西的原因有很多 \r\n牙齒問題 肝藏 腎臟 本身腫瘤\r\n全部檢查+治療下去 真的是不小的負擔\r\n如果要開刀或洗牙 又有麻醉上的風險\r\n我這禮拜六要去台東出差三天\r\n原本想著帶著她一起去 \r\n但是又好怕如果去了 突然發生什麼事怎麼辦\r\n我想把握最後跟他的時光 帶他去更多地方\r\n哪怕是當我在贖罪也好 我精神壓力真的好大\r\n我有幾天都陪著她睡覺 \r\n他只要有什麼動靜 我都會驚醒去看他\r\n結果就是我精神狀況越來越不好\r\n有沒有人能給最直接的建議 哪怕罵我也好\r\n或是能分享一些經驗跟看法 拜託了\r\n（他在9月之前都圓滾滾的很可愛 現在體重已經掉了1/3 現在摸下去都剩骨頭了??真的心好痛\r\n', '2019-12-27-12:29', '2010-10-22-06-59'),
(32, 'post200', 'mem093', '可愛貓狗', '你的門神已上線', '浪貓兼門神', '2019-12-27-12:29', '2012-08-25-21-13'),
(33, 'post126', 'mem161', '浪你喜翻我', '#分享 貓咪牙齒保養', '哈囉～我是養了三隻同胎貓貓的Le 最近酵母菌對抗戰役終於來到尾聲 終於安心了許多決定分享一下日常用品 ??以飼主角度的不專業分享 如果有更好的替代產品再麻煩大家推薦了！ 東西都是有實際買過也使用一段時間 ??圖片取自網路 如有不妥會刪除！ 先放一張兇巴巴二寶', '2019-12-27-12:29', '2013-11-06-03-45'),
(34, 'post157', 'mem125', '可愛貓狗', '人類有颱風假喔？我天天放假', '慕： 颱風天的大家要注意安全喔 沒事就躺在床上陪我吧', '2019-12-27-12:30', '2010-03-09-20-17'),
(35, 'post161', 'mem043', '浪你喜翻我', '豬咪進食記', '含蓄吃法不適合我們', '2019-12-27-12:30', '2010-10-22-06-59'),
(36, 'post074', 'mem101', '可愛貓狗', '我今天11歲了，能祝我生日快樂嗎', '當個快樂貓貓', '2019-12-27-12:30', '2012-04-13-14-47'),
(37, 'post016', 'mem100', '喵汪生活', '(求救)永和中正橫移門有一隻流浪狗急需救治', '10/10凌晨兩點\r\n永和中正橫移門(綠光河岸停車場）\r\n靠河濱公園內的門口有兩隻狗一起行動\r\n一隻狗白色，看起來健康但偏瘦\r\n另一隻就是圖中這隻灰色狗狗\r\n嘴巴腫脹很大包\r\n嘴唇旁那時候貌似有一隻蟲\r\n但礙於沒任何養狗經驗\r\n平時也無認識相關資訊\r\n\r\n因此上來po看看\r\n希望有版友可以幫幫他\r\n他看起來真的很不舒服…', '2019-12-27-12:31', '2010-03-09-20-17'),
(38, 'post115', 'mem157', '可愛貓狗', '大家有被狗鄙視的經驗嗎', '我家有一隻柴柴 他叫豆奶 不得不說狗狗真的是讓人又愛又恨 陪伴你的時候真的很可愛 但搞事的時候真的會讓人氣鼠', '2019-12-27-12:31', '2010-07-17-14-58'),
(39, 'post155', 'mem035', '可愛貓狗', '其實你是壁虎吧', '#浪浪 #橘貓 #吸貓日常 #奶貓養成新手', '2019-12-27-12:32', '2010-03-02-01-22'),
(40, 'post005', 'mem007', '浪你喜翻我', '小貓送養??', '地點：桃園中壢區\r\n年齡：2個月\r\n名字：奶酒 （但通常叫小胖子比較會回頭）\r\n性別：公\r\n個性：活潑好動、親人\r\n會用貓砂盆、不挑食、睡覺會呼嚕呼嚕\r\n撿到的時候有帶去給獸醫檢查過都沒問題\r\n因個人因素沒辦法繼續照顧希望能幫他找到一個新家??', '2020-10-05-11:03', '2020-10-05-11-04'),
(41, 'post052', 'mem091', '可愛貓狗', '閃亮三姐妹的遊戲時間', '可愛的毛蓬蓬三姊妹', '2020-10-05-11:04', '2020-10-05-11-04'),
(42, 'post099', 'mem186', '可愛貓狗', '詢問 有人家的貓咪也會一直吸自己的奶頭嗎', '吸到忘我 還會發出呼嚕聲?? 有什麼方法可以戒掉吸自己的ㄋㄟㄋㄟ啊(? ?︿ ??)', '2020-10-05-11:05', '2020-10-05-11-04'),
(43, 'post146', 'mem191', '可愛貓狗', '兩貓日常', '看兩貓吃喝拉撒睡就莫名的舒壓', '2020-10-05-11:06', '2020-10-05-11-04'),
(44, 'post193', 'mem130', '可愛貓狗', '好多人都誤會我是女生', '7m奶油端子 太可愛常常被誤會', '2020-10-05-11:07', '2020-10-05-11-04'),
(45, 'post039', 'mem108', '可愛貓狗', '讓貓咪親人的方法', '我跟我女友是第一次養貓，從領養到現在一個月的小貓(目前五個半月大)，目前可抱可摸(大概摸抱30秒就會掙脫抓人)但不會主動找我們或在我們旁邊休息，偶爾會突然緊張炸毛在房間裡撞牆亂跑，平常都會花1個半到2小時左右陪他玩，偶爾用手餵他零食，每天都會跟他說話。 吃飯的話目前考量到他還在長大所以給他吃把費(還是應該定時定量)，請問養貓的毛爸媽們有什麼方法能讓貓更親人呢？謝謝?? (附上我家小貓的照片）', '2020-10-05-11:08', '2019-12-27-12-22'),
(46, 'post086', 'mem085', '可愛貓狗', '彰化和美協尋狗狗', '和美的朋友，有看到這隻狗跟我聯繫一下！或是留住他??謝謝各位?? 疑似米克斯混哈士奇 公狗（未結紮）姓名：紅包（台語）項圈顏色：綠色點點 狗狗從伸港跑來和美，找不到回家的路 魯米 0968060685', '2020-10-05-11:09', '2019-12-27-12-22'),
(47, 'post100', 'mem081', '喵汪生活', '大家家裡的狗也會這樣玩逗貓棒嗎？', '我知道這樣對小狗的關節不好 但是我每次跟貓玩不跟他玩都會哭的很慘??', '2020-10-05-11:10', '2019-04-21-17-28'),
(48, 'post180', 'mem017', '可愛貓狗', '都要把拔餵喝水的小公主', '然後碗還是空的！', '2020-10-05-11:10', '2019-12-27-12-22'),
(49, 'post147', 'mem080', '毛孩小毛病', '啊～～～好幸福??', '可愛可愛', '2020-10-05-11:11', '2019-04-21-17-28'),
(50, 'post025', 'mem062', '喵汪生活', '你的包裹小貓已送達', '好可愛??', '2020-10-05-11:11', '2019-08-10-00-25'),
(51, 'post171', 'mem058', '可愛貓狗', '我家貓寶', '五個月大的春嬌寶 正式上線！', '2020-10-05-11:12', '2019-01-05-17-07'),
(52, 'post194', 'mem007', '可愛貓狗', '12/15世界貓奴日', '雖然我不是貓奴 但是一樣放個浪浪貓照 祝板上鏟屎的快樂！貓貓也快樂！ 貓：怎樣？胖是胖到你身上了？', '2020-10-05-11:12', '2019-04-21-17-28'),
(53, 'post119', 'mem129', '喵汪生活', '貓主認證??各種愛吃', '這隻波吉(Poki)也默默來家裡一年了，想當初在貓社團一眼就看中他蠢蠢可愛的模樣 還在颱風夜從台北趕到台中把他接回來，想到還是有點瘋狂\r\n殊不知過了一年現在已變成家中小霸王（賓士貓真的是中二兼話癆）\r\n整天把家裡當遊樂園一樣在玩，有時候真的會被他氣得半死\r\n但被他蠢得要命的行為可愛爆擊，還是會心甘情願的鏟屎聽命', '2020-10-05-11:12', '2019-08-10-00-25'),
(54, 'post040', 'mem024', '可愛貓狗', '秀出你家的小肥貓', '我家的是肥三花?? 我的三花美女，他原本是一隻浪浪，因為緣分讓我們相遇，與其說我照顧他，我認為他療癒我更多，在你遇到難關的時候他就是療癒你的小伙伴?? 給大家看看我的三花美女 剛遇見他的時候 （三個月大）', '2020-10-05-11:13', '2018-09-18-03-16'),
(55, 'post030', 'mem105', '可愛貓狗', '晚安', '各位貓貓們晚安啦', '2020-10-05-11:13', '2019-01-05-17-07'),
(56, 'post166', 'mem116', '喵汪生活', '差點吵架', '看什麼看', '2020-10-05-11:13', '2019-08-10-00-25'),
(57, 'post135', 'mem184', '可愛貓狗', '暌違6年！我！也！有！貓！了！', '以前的我是很堅定絕對不會養貓的狗派，因為表哥家的貓很高傲，會抓沙發，會因為表哥罵他幾句隔天就又是尿又是拉的在他枕頭旁邊示威，所以這種??掰生物，我是非常確定自己不可能想要擁有的。 BUT，就是這個BUT。 大學的時候，在半年內因為被劈腿失戀＋突然確診好不了的病＋被怪人跟蹤騷擾，那時我又自己一個人住，日子一度來到黑暗期，那時候我的情緒非常低落，真的每天都像行屍走肉一般。 直到我偶然看見了貓咪的影片，產生了久違的興致，為了看更多，又馬上加入貓咪社團，看著一張又一張貓咪照片，一段又一段的貓咪影片，我的內心在不知不覺中被溫暖、被療癒。 我會因為有人發的貓咪耍賤撥下桌上物品皺眉；會因為有人的貓咪手掌開花踩奶微笑；會因為有人的貓咪受傷過世難過，這些感受對好幾個月除了絕望沒有任何情緒的我來說仿佛讓我活過來，像個人。 然後我便無法自拔陷入了，也在那時我把所有帳號的狀態改成“會有貓的”，我不希望自己一時興起的飼養，而是有能力做好負責一個生命的準備才飼養，所以這一等我就等了六年～ 而現在——我的願望實現了！屬於我的貓貓降臨了！ 第一眼見到，我的腦海只有一個聲音！就是他了！ 頭上有根避雷針很頑固', '2020-10-05-11:14', '2018-07-04-09-31'),
(58, 'post087', 'mem166', '可愛貓狗', '充分了解到什麼叫緊迫盯人', '我叫余浩浩，獅子座，母胎單身 因為小時候眼睛太小所以我又名李榮浩-- 歡迎追蹤我IG haohao_____0802 ( _ 有5個底線) 看吧', '2020-10-05-11:14', '2018-09-18-03-16'),
(59, 'post077', 'mem012', '可愛貓狗', '噁 我的腳好臭', '主人都不幫我洗乾淨', '2020-10-05-11:14', '2019-01-05-17-07'),
(60, 'post141', 'mem199', '喵汪生活', '誰家的賓士那麼北爛', '如題 我家的賓士貓真的有夠北爛 半夜不睡覺踩我咬我就算了 今天下班回家上樓時 突然感覺有人摸我的頭 因為家裡只有我一人 所以我不由自主從背後毛起來…', '2020-10-05-11:15', '2018-07-04-09-31'),
(61, 'post181', 'mem164', '可愛貓狗', '我家貓是雙性貓', '我家附近有幾隻浪貓，時間到都會固定來我家要飯 前幾個月圖中的小貓生過小孩，身上也有可以哺乳的奶頭(大概可以確定是母貓 但是她的蛋蛋又特別大，不知道的還以為他是公貓！ 有時候都會懷疑她無性生殖', '2020-10-05-11:15', '2018-09-18-03-16'),
(62, 'post093', 'mem026', '可愛貓狗', '高雄親人幼貓 求收養', '家裡附近 巷子有好幾隻很小的流浪貓 有沒有人剛好想要養貓咪的?? 怕他們待太久會被附近的住戶趕走因為那個巷子很安靜，因為我住的地方房東一開始就說不能養寵物了，所以也沒辦法帶他們回家 貓咪都很親人帶罐頭去就會跑出來 還會跟在後面走', '2020-10-05-11:15', '2018-09-18-03-16'),
(63, 'post085', 'mem185', '可愛貓狗', '徵台北貓狗陪我散步', '各位好， 鄙人孤身在逮八泣工作， 很喜歡貓貓狗狗(尤其中大型狗狗??） 但因為沒有固定房子不敢養寵物， 有沒有人的貓貓狗狗能讓我帶出場療癒一下？ For free 保證安全溜寵', '2020-10-05-11:16', '2017-12-09-18-28'),
(64, 'post188', 'mem014', '喵汪生活', '這是一隻貓', '可愛貓貓', '2020-10-05-11:16', '2018-07-04-09-31'),
(65, 'post187', 'mem010', '可愛貓狗', '後面是我用倒的（賣萌', '真的有夠可愛', '2020-10-05-11:16', '2018-09-18-03-16'),
(66, 'post132', 'mem068', '可愛貓狗', '罐罐很招螞蟻', '想問問有沒有人有類似的經驗? 剛養貓大概一個月，貓2-4公斤，不是很愛吃正餐，很愛零食。我買主食罐，他都愛吃不吃，然後放在房間裡面，會很快有螞蟻出現，沒吃完的放在廚房也很容易壞掉。 但我自己煮肉肉給他吃的話，魚肉雞肉豬肉，都不太會生螞蟻，放在室溫也不太容易壞，但是主食罐他已經愛吃不吃，鮮食更是真的只吃幾口 不喜歡螞蟻所以想讓他都吃鮮食，但是貓貓不買帳，無奈QQ', '2020-10-05-11:17', '2017-12-09-18-28'),
(67, 'post019', 'mem042', '喵汪生活', '徵求寵物攝影麻豆', '嗨嗨，大家好這裡不知道可不可以徵求寵物攝影互惠練習！\r\n\r\n如有違反版規會刪文！\r\n\r\n我是新手業餘攝影\r\n因為很喜歡拍照，想要捕捉寵物跟主人相處的樣子！\r\n以貓/狗?主\r\n想徵求讓我練習的對象，\r\n（或是想找尼采跑跑的歡迎）\r\n拍攝地點主要會是台北萬華的青年公園\r\n其他地點可以討論看看/雙北?限\r\n\r\n時間上以星期一、四、日 且是晴天\r\n\r\n附上可愛的尼采IG:', '2020-10-05-11:17', '2018-02-26-22-33'),
(68, 'post041', 'mem084', '可愛貓狗', '救命啊我的貓玩蟑螂！！', '我睡前看到小貓奇怪的蹲在角落，一直用手撥弄東西好像要找什麼？ 我一開始以為是他的玩具卡住了，就去幫他看，但那也沒有卡什麼玩具啊？ 我就去準備睡覺了，這時候…- 突然看見他嘴裡叼著一隻超大的蟑螂走出來，蟑螂掙脫，他還馬上用爪子拍住蟑螂，就這樣玩追逐到另一個角落…--', '2020-10-05-11:17', '2018-07-04-09-31'),
(69, 'post045', 'mem141', '可愛貓狗', '阿貓饋咖', '覺得很好笑所以發上來分享 我的貓昨天突然跑到沙發上饋我的咖', '2020-10-05-11:18', '2016-04-25-00-35'),
(70, 'post002', 'mem075', '可愛貓狗', '貓咪罐頭比較??', '先出賣幾張主子的崩壞照～\r\n\r\n（一種皇上鄙視奴才的表情---）', '2020-10-05-11:18', '2017-10-14-01-46'),
(71, 'post047', 'mem044', '可愛貓狗', '#開箱【iCat 寵喵樂】貓咪跑步機（貓滾輪）', '之前文章的留言有人說要開箱貓咪滾輪，所以我買了一段時間後，回來分享啦?? 【iCat 寵喵樂】貓跑步機健身器 超大滾輪轉輪貓玩具 3-0-自安裝款-S號（原木色 /黑色/粉色）(貓抓板)【3245元', '2020-10-05-11:18', '2018-07-04-09-31'),
(72, 'post092', 'mem037', '可愛貓狗', '貓貓超人', '喝啊！我準備好要出發拯救世界了！', '2020-10-05-11:19', '2016-04-25-00-35'),
(73, 'post051', 'mem092', '浪你喜翻我', '推行流浪狗餵食專區', '大家好，我們是參加司法院--創新行動方案競賽的小組，我們關注的議題是流浪動物。 在2017年零撲殺政策上路之後，流浪狗的數量不斷上升，今年的推估數量已有15萬隻。我們想從降低流浪狗數量、減少繁殖的方面下手，試著產出以下這一套行動方案： ●具體內容： 1??以里為單位推行「流浪狗餵食專區」 規定只能在該區域餵食流浪狗，並立法處罰在此區域外餵食流浪狗之民眾。希望讓流浪狗只能在可餵食區域找尋到食物，進而使他們聚集於可餵食區域或是附近。 2??接受餵食的犬隻都必須進行結紮 以是否剪耳做為結紮的辨認基礎，若發現犬隻未剪耳、未結紮則進行隔離，並在一周內執行TNVR。可由政府與民間相關動保組織或團體合作執行。 3??取締與宣導 以取締現行犯並開罰罰緩為主，以宣揚犬隻相關養育之事為輔，也需加強取締隨意丟棄垃圾的行為與街道的清潔，防止流浪狗隨意翻找、撕咬垃圾導致環境髒亂。 4??在餵食區外餵食，需證明狗狗是自己養的 若是能以晶片證明其餵食的犬隻為自己或其親友所有，就能在餵食區之外餵食，並不用被開罰。若另外發現其寵物狗並未結紮，可勸導為其進行結紮，若屢勸不聽，則可根據動物保護法進行開罰。此做法是為了確保寵物有確實施打晶片及結紮。 ●配套措施： 以「寵物臨檢」來落實寵物晶片的施打以及確定飼主資料登記的完整性。透過不定期不定點的在寵物犬高度密集的地點進行抽檢和宣導，提高寵物晶片的施打率，例如寵物醫院、繁殖場、收容所等。也需要遵循法律正當程序、注意比例原則。 ●最終欲達成之目的： 使流浪狗聚集於可餵食流浪狗區域，並藉此辨識出未結紮的流浪狗進行節紮，藉以減少現有流浪狗之數量以及提高結紮率，減少繁殖數量。 ●利益與影響： □提升社會安全(讓流浪狗只出現在特定區域) □提升市容及環境整潔 □降低流浪狗繁殖數量 □明確且控制現有流浪狗數量 以上是我們組內討論出的行動方案，目前也有投稿在公共政策網路參與平台上(還在審核中)，想請教大家對於這方案的看法，或是支持、反對的理由是甚麼？也歡迎大家提出不同意見一起討論！', '2020-10-05-11:19', '2016-11-09-20-21'),
(74, 'post088', 'mem018', '可愛貓狗', '求問 米克柴', '請問我們家狗狗有沒有可能混到柴犬', '2020-10-05-11:19', '2018-07-04-09-31'),
(75, 'post091', 'mem189', '可愛貓狗', '求解～玄鳳叫聲沙啞', '我想問問我家玄鳳咪乓 有時候會發出這種沙啞的叫聲 但又會瞬間變成愉悅的啾啾聲？！ 會在一段時間內兩種切換 不知道是什麼意思 去查都是可能呼吸道感染之類的 但他給我的感覺是他很嗨 因為都會伴隨著唱歌聲', '2020-10-05-11:20', '2015-09-26-22-54'),
(76, 'post186', 'mem146', '可愛貓狗', '曬兒子', '有人家裡的貓也會笑嗎，感覺很舒服', '2020-10-05-11:20', '2016-04-25-00-35'),
(77, 'post160', 'mem052', '可愛貓狗', '蒙娜麗莎喵', '可愛又迷人的微笑', '2020-10-05-11:20', '2018-02-26-22-33'),
(78, 'post138', 'mem195', '可愛貓狗', '貓咪指甲斷裂', '貓咪前4天自己從冰箱下來時腳指甲斷掉整個歪掉，平常我們都有定期修剪不知道怎麼會這樣，我媽一直說但過了好幾天還是沒有好而且他的腳指甲還有一部分鉗再肉裡面，想問廣大的網友有人的貓也有相同情況過嘛，那個指甲之後會自行?落嗎，還是這種情況一定需要就醫了，或者是有相同情況就醫過的人可以跟我分享一下當時情況以及花了多少錢嗚嗚，謝謝。', '2020-10-05-11:21', '2015-09-26-22-54'),
(79, 'post036', 'mem061', '可愛貓狗', '市售標榜寵物友善，大家真的放心嗎', '我們家是養貓咪，分享自己一點點看法，我不是獸醫 只是飼主，如果有誤也歡迎一起更新資訊哦！\r\n【滅蟑/香氛/精油/清潔劑】\r\n個人結論建議一律不要使用或少量\r\n凡是有味道的八九不離十都有害。毛孩容易掉毛，或食物碗長蟲，需要注重清潔，是很兩難的問題。\r\n寵物友善商品越來越多\r\n但是大家買的真的是寵物友善嗎？\r\n業者是專門做寵物商品的？還是做清潔用品的？\r\n老闆們了解寵物嗎？\r\n蝦皮賣家真的知道成分嗎？\r\n還是盜文案跟風標示寵物友善呢？', '2020-10-05-11:21', '2016-01-25-05-56'),
(80, 'post024', 'mem027', '喵汪生活', '超派！', '不要戳貓 ??', '2020-10-05-11:21', '2018-02-17-07-31'),
(81, 'post080', 'mem064', '可愛貓狗', '宅宅是隻貓', '他有一個很宅的名字叫宅宅。 初次見面，大家好。', '2020-10-05-11:22', '2014-11-17-00-24'),
(82, 'post009', 'mem186', '喵汪生活', '我家有六隻貓，誘捕經驗分享', '我家有六隻貓\r\n\r\n五隻是認養的，一隻是自己誘捕到的\r\n\r\n\r\n今天來分享我自己誘捕的貓的故事\r\n\r\n\r\n我記得那是下著梅雨的五月\r\n\r\n我從工地貨櫃出來，看到馬路對面有一隻白底帶花紋的小貓\r\n\r\n下著雨，我倆隔著馬路對望\r\n\r\n心中湧起想要幫助小貓的心情\r\n\r\n從那天開始，每天下班前都會開一個罐頭，放到貨櫃底下\r\n\r\n隔天罐頭都會被吃完\r\n\r\n偶爾晚上留晚一點，觀察小貓是否有出現\r\n\r\n就這樣餵了一個星期\r\n\r\n聯絡了以前認識的貓中途，借了一個誘捕籠\r\n\r\n但是在我借到誘捕籠的時候\r\n\r\n小貓突然不再出現\r\n\r\n\r\n我也從每天開一個罐頭，變成三天開一次\r\n\r\n持續了三個禮拜都沒有貓來吃\r\n\r\n直到有一天，我發現罐頭又被吃光了\r\n\r\n當天馬上回家拿誘捕籠\r\n\r\n心中希望這次一定要抓到他\r\n\r\n下班後將一切就定位，開車離開，想著過幾個小時再回來\r\n\r\n\r\n回來後，看到誘捕籠內成功抓到一隻白底花紋的貓\r\n\r\n馬上帶他去看醫生\r\n\r\n醫生看著這隻貓，好奇的問我「你為什麼會抓這隻貓？」\r\n\r\n我回答「我也不知道」\r\n\r\n醫生問「突然愛心爆棚嗎？」\r\n\r\n我尷尬地笑了\r\n\r\n\r\n醫生說他看起來已經是成貓了\r\n但是應該還不算老貓\r\n認真看了之後，發現他不是我原本遇到的那隻小貓\r\n這隻貓長得很像諧星\r\n身上的斑紋東一塊西一塊的\r\n雖然有像，不過身上花紋分佈不太一樣\r\n回頭問了我太太，我們能夠養他嗎\r\n我太太面露難色，擔心成貓會影響家中貓咪的平衡\r\n最後決定先帶回家，幫他送養看看\r\n帶回家之後，因為怕他影響其他貓咪\r\n先將他關在陽台的隔離籠（陽台不會曬到太陽）\r\n想說先開始親餵，讓他習慣人\r\n幾天之後的一個早上，我上班前到陽台餵早餐\r\n看到貓籠內空蕩蕩的（貓籠的門也是關緊的）\r\n我緊張的到處尋找，最後在洗衣機下方發現\r\n\r\n我想要叫他出來\r\n結果他一緊張\r\n就從陽台，跳到冷氣主機，再跳到隔壁冷氣主機，消失了\r\n當下非常自責\r\n覺得我為什麼要將他從外面帶回來\r\n現在他從野外來到陌生的都市\r\n一定更難生活\r\n之後的兩天\r\n我下班後都在社區內以及後面的巷子\r\n帶著罐頭尋找他的身影\r\n但是完全沒有任何貓的蹤跡\r\n第三天早上\r\n起床後不知道為什麼\r\n我走到陽台去\r\n頭抬起來，看了陽台上方加裝的半透明遮雨棚\r\n我看到貓的腳和肚子擠在半透明的塑膠玻璃上面\r\n馬上叫我太太一起過來看\r\n當下就哭了\r\n之後想辦法誘捕下來\r\n以及他在家中發情了三個月\r\n半夜要戴耳塞睡覺\r\n又是另外的故事了', '2020-10-05-11:22', '2015-07-02-03-29'),
(83, 'post071', 'mem107', '可愛貓狗', '剛睡醒', '是在叫我嗎', '2020-10-05-11:22', '2018-02-17-07-31'),
(84, 'post127', 'mem168', '可愛貓狗', '銀髮族飼養寵物專題問卷！麻煩大家了??', '希望大家可以幫幫我們填寫問卷?? 家裡有銀髮族長輩們養寵物的都可以！ 沒有限制養什麼寵物??這份專題作為報告使用 並不會涉及到個人隱私部分????', '2020-10-05-11:23', '2014-11-17-00-24'),
(85, 'post056', 'mem150', '喵汪生活', '差點被可愛到沒辦法呼吸', '什麼沒辦法呼吸 當然是吸爆啊！！！', '2020-10-05-11:23', '2015-07-02-03-29'),
(86, 'post118', 'mem114', '可愛貓狗', '這到底是公的還是母的', '那個底下兩塊凸凸的應該是蛋蛋吧 謝謝解惑', '2020-10-05-11:23', '2018-02-17-07-31'),
(87, 'post106', 'mem127', '可愛貓狗', '貓咪眉禿眉毛也斷掉', '我家阿雄最近眉禿變嚴重而且眉毛也都斷掉剩短短的', '2020-10-05-11:24', '2012-08-25-21-13'),
(88, 'post032', 'mem032', '可愛貓狗', '一家人就要整整齊齊1', '我發現虎斑的腮邦子', '2020-10-05-11:24', '2013-11-06-03-45'),
(89, 'post165', 'mem095', '可愛貓狗', '貓貓沒錢吃飯，心酸畫面流出', '貓貓沒錢吃飯，心酸畫面流出', '2020-10-05-11:24', '2018-02-17-07-31'),
(90, 'post153', 'mem181', '可愛貓狗', '橘貓口味冰棒', '融化了', '2020-10-05-11:25', '2012-08-25-21-13'),
(91, 'post079', 'mem136', '喵汪生活', '把腳當抱枕的貓', '超Q 虎斑都超可愛！', '2020-10-05-11:25', '2013-11-06-03-45'),
(92, 'post192', 'mem021', '浪你喜翻我', '鏟屎的 給你一個眼神 你自己體會', '對不起?? 我馬上去開罐罐', '2020-10-05-11:25', '2016-11-09-20-21'),
(93, 'post067', 'mem086', '可愛貓狗', '正宮抓小三', '室友的貓會來我床上偷蹭 這次被抓到，直接倒退走 超好笑', '2020-10-05-11:26', '2010-10-22-06-59'),
(94, 'post003', 'mem083', '喵汪生活', '新手養貓咪', '第一次養貓咪\r\n是一隻英短紫丁香賓士妹妹\r\n她的名字叫愛醬\r\n從上周貓舍帶回家已經滿十天了\r\n每天都覺得生活變得很不一樣\r\n每天都想擼貓吸貓跟貓咪玩\r\n每次她呼嚕呼嚕的時候\r\n我和太太也覺得幸福感油然而生\r\n附上一些她的照片和IG', '2020-10-05-11:26', '2012-07-15-16-16'),
(95, 'post008', 'mem014', '浪你喜翻我', '第一次帶貓回家', '帶的是大概2-3個月大的小貓回來，有在網上看了很多資料，有人說第一天讓他自己在一個環境就好，但又看到有人說跟他待一個環境，但不要理他，讓他習慣你、觀察你，想問哪種方法比較合適呢？\r\n帶回家大概10分鐘就有出籠+吃一些乾糧，整個房間大概繞過一遍，也有自己去看一下貓砂，但就一次，然後就去房間的小角落待著，但我出門吃個飯回來的時候發現他有換個小角落待！應該是有趁我不在的時候活動？\r\n\r\n附上我們家超可愛的小寶貝??！', '2020-10-05-11:26', '2016-09-23-01-05'),
(96, 'post114', 'mem057', '可愛貓狗', '今年最後五包，免費的還不拿?', '課業很忙，沒什麼時間回家種草，冰箱裡就剩這最後五包，養貓的各位趕快拿回家吧!', '2020-10-05-11:27', '2010-10-22-06-59'),
(97, 'post027', 'mem041', '浪你喜翻我', '舒湖', '可愛', '2020-10-05-11:27', '2012-04-13-14-47'),
(98, 'post055', 'mem170', '可愛貓狗', '仨毛孩的爹 俺的人生三原色： 一窮二～白 起早貪～黑 面如死～灰 遇見橘貓讓世界亮起來 沒有什麼悲傷是養一隻橘貓無法療癒的 如果有～那就養仨', '一隻捲耳', '2020-10-05-11:27', '2016-09-23-01-05'),
(99, 'post063', 'mem158', '可愛貓狗', '可以下來嗎', '如題，牠叫烤雞，平常喜歡在上面層板休息，感受俯瞰奴才的視角，打遊戲到一半時突然跑到主機上(主機內已入毛許多)，怕關鍵時刻突然下來攪局??，很常看影片到一半突然下來壓鍵盤滑鼠', '2020-10-05-11:28', '2010-03-09-20-17'),
(100, 'post021', 'mem155', '可愛貓狗', '黃金獵犬 蛋蛋', '不是我在說 但他的蛋蛋比我男生的好摸\r\n可能因為上面有毛吧 我現在有一個衝動很想過去彈他的蛋蛋 但是他一定會生77', '2020-10-05-11:28', '2010-07-17-14-58'),
(101, 'post102', 'mem021', '可愛貓狗', '兔兔??愛挑食怎麼辦！', '我家兔寶已經快六個月ㄌ，最近才開始混提摩西給他吃可是他都會挑出來，想詢問各位有什麼方法可以讓她不要挑食！！ 還是需要換別家的草給??寶吃呢！有沒有推薦的店家', '2020-10-05-11:28', '2016-09-23-01-05'),
(102, 'post110', 'mem025', '可愛貓狗', '廣收喜愛毛孩與各式動物與愛聊天成員', '廣收喜愛毛孩-交友-聊天-旅遊-拍照-運動-遊戲的成員加入 落櫻紛飛?????Discord聊天交友群', '2020-10-05-11:29', '2010-03-09-20-17'),
(103, 'post068', 'mem120', '可愛貓狗', '被抓住了！', '我家呆呆花花', '2020-10-05-11:29', '2010-07-17-14-58'),
(104, 'post149', 'mem162', '可愛貓狗', '好像被蜜蜂叮到的貓咪', '某天早上醒來看到他的臉變腫了??明明不想睡 眼睛卻都睜不開… P-S-影片是之前的，現在貓咪還活得好好的唷！別擔心', '2020-10-05-11:29', '2016-09-23-01-05'),
(105, 'post061', 'mem100', '可愛貓狗', '驚奇箱', '想不到吧', '2020-10-05-11:30', '2010-03-02-01-22'),
(106, 'post177', 'mem096', '可愛貓狗', '那些讓人看不懂的肥肉還有手手?', '然後她還一臉不屑在看我?? 懶散更新的IG?', '2020-10-05-11:30', '2016-01-25-05-56'),
(107, 'post108', 'mem156', '可愛貓狗', '??歡迎給幼幼小橘貓一個家吧??共四隻（可拆送（高雄甲仙區', '??歡迎給幼幼小橘貓一個家吧??共四隻（可拆送 地點：高雄市甲仙區 年齡：約2個月大左右 性別：公母都有 個性：害羞內向賣萌 飲食：飼料 才藝：吃喝玩樂拉撒睡 #認養條件請自行來高雄市甲仙區接送。 #我會過濾黑名單，黑名單者請勿來詢問。 #讓浪浪不再流淚', '2020-10-05-11:31', '2010-03-02-01-22'),
(108, 'post026', 'mem107', '可愛貓狗', '喜歡舔人的怪貓??', '我的貓真的不管誰的手來都舔 嚴重到我趴在他身上還要舔?? （我沒用力趴 只是輕靠） ___更新___ 貓貓哈利現在有IG、FB囉?? IG：itsharryla FB：胖橘哈利的日常 想看更多哈利日常可以幫我按個追蹤(≧ω≦)', '2020-10-05-11:31', '2015-11-26-07-36'),
(109, 'post073', 'mem138', '浪你喜翻我', '來文博會逛逛順便曬太陽', '牙～', '2020-10-05-11:32', '2015-11-26-07-36'),
(110, 'post120', 'mem126', '可愛貓狗', '萬聖節扮什麼', '「小時候媽媽幫忙綁頭髮結果梳太緊的人」 （獲得鳳眼+很痛的頭） （綁的過程中亂動的話還會被髮圈上的裝飾彈）', '2020-10-05-11:33', '2015-11-26-07-36'),
(111, 'post167', 'mem102', '喵汪生活', '認真陪著我work from home的貓貓', '記得打卡', '2020-10-05-11:34', '2015-11-26-07-36'),
(112, 'post197', 'mem014', '可愛貓狗', 'GOGOGO！', '在這裡與我相遇好嗎 現在追蹤每天都有超棒的貓貓圖喔！ （好像手遊廣告XD）', '2020-10-05-11:35', '2015-07-02-03-29'),
(113, 'post031', 'mem004', '喵汪生活', '冬天前把握好天氣散步', '看什麼呀', '2020-10-05-11:36', '2014-12-16-13-23'),
(114, 'post078', 'mem165', '喵汪生活', '家裡的新成員—小梅西', '小梅西是家裡的新成員，品種是小步舞曲。 會叫小梅西是因為他很好動，而且喜歡玩球，然後家裡的貓咪都是M開頭命名的。 這張是他在跟家裡老貓隔離時拍的，透過柵欄間隙偷窺其他貓貓。', '2020-10-05-11:37', '2014-12-16-13-23'),
(115, 'post125', 'mem152', '毛孩小毛病', '新手養寵', '請問新手想養比熊犬 有推薦的犬舍及注意事項嗎', '2020-10-05-11:38', '2014-12-16-13-23'),
(116, 'post172', 'mem059', '可愛貓狗', '農曆七月剛開始……--大白天你是看到什麼', '哈絲絲絲', '2020-10-05-11:39', '2014-12-16-13-23'),
(117, 'post015', 'mem117', '可愛貓狗', '有黑眼圈及委屈臉的鼠鼠??', '第一次發現有黑眼圈的??\r\n每次閉眼都不知道他是在睡覺還是睜開眼??\r\n而且不知道為什麼我家的元寶會有委屈臉??\r\n不知道你們的鼠鼠有沒有這樣????\r\n（我家元寶很愛睡覺 不是沒在睡覺喔～）\r\n（我下班陪他10分鐘 他就回他小房間睡覺了??）', '2020-10-05-11:40', '2012-12-12-03-42'),
(118, 'post062', 'mem015', '可愛貓狗', '才來一個月就沒有形象了', '1個月前的睡姿vs1個月後的睡姿 大家的主子都怎麼睡的呢？ ', '2020-10-05-11:41', '2012-12-12-03-42'),
(119, 'post109', 'mem047', '可愛貓狗', '媽咪看好了我來示範！', '前情提要：這紗窗我知道已經被弄破了，也早就知道他們都會從這裡跑到另一邊的陽台曬太陽，陽台是有做好防護措施的，請不必擔心）', '2020-10-05-11:42', '2012-12-12-03-42'),
(120, 'post156', 'mem078', '可愛貓狗', '小奶貓成長日常', '你在看我嗎', '2020-10-05-11:43', '2012-12-12-03-42'),
(121, 'post012', 'mem021', '浪你喜翻我', '台中待認養小貓咪', '一窩小奶貓需要領養！\r\n都是橘貓\r\n11月底、12月開始開放認養\r\n\r\nsticker\r\n*必須是愛貓人士\r\n*認養人要年滿18歲\r\n*需獨立穩定經濟者\r\n*跟家人同住要取得家人同意、租屋或與室友同住需取得房東跟室友同意\r\n*不關籠、不放養、不綁繩\r\n*不可以把貓養廁所或潮濕不通風的地方\r\n*需簽認養切結書及（家人同意切結書）每週回傳照片', '2020-10-05-11:44', '2012-08-25-21-13'),
(122, 'post168', 'mem067', '可愛貓狗', '我兒子真的太可愛了', '好亮唷', '2020-10-05-11:45', '2012-04-13-14-47'),
(123, 'post035', 'mem076', '喵汪生活', '我的貓是笨蛋??', '不知道大家有沒有看過一個短影片，\r\n是貓咪尿尿的時候明明在貓砂盆裡，但屁股朝外\r\n尿直接往貓砂盆外噴的影片？\r\n我看到的時候還拿給我老公看，笑著說你看這貓咪好笨！！\r\n（也有可能是貓砂盆太小）\r\n接著慶幸我家貓不會這樣\r\n雖然她上廁所很規律的大便??一定要在最裡面的邊邊\r\n尿尿一定要在最外面的邊邊\r\n但她從來到我們身邊開始都沒有尿到外面過\r\n', '2020-10-05-11:46', '2011-10-12-09-56'),
(124, 'post082', 'mem154', '浪你喜翻我', '萬聖節??，大家的貓貓??呢！？', '如題！ 這是島力鬼！蓋一下萬聖節??鬼鬼貓大樓！', '2020-10-05-11:47', '2011-10-12-09-56'),
(125, 'post129', 'mem090', '可愛貓狗', '喵對我好冷淡?(??????? ?? ???????)?', '回娘家住就帶波（貓名）一起住4天左右 近期波也因做截尾手術被戴頭套 想說回娘家剛好去拆線 因為尾巴還有點破皮 醫生就開抗生素 這幾天餵藥狀況都還可以 也會來找我跟我睡 回到老公家後 在沒注意的情況下 他又咬到尾巴 輕微的破皮 幫他上清理傷口+吃醫生開的抗生素 這幾天就開始變冷淡 但對家中另外一隻貓還好 還會互相舔 使用梳毛、肉泥、副食罐和貓草也都有來吃 吃完就閃了 沒有要合好的意思 怎麼辦 有人遇到類似情況嗎？？？', '2020-10-05-11:48', '2011-10-12-09-56'),
(126, 'post176', 'mem106', '可愛貓狗', '監工小貓', '要檢查主人有沒有認真工作', '2020-10-05-11:49', '2011-10-12-09-56'),
(127, 'post022', 'mem086', '毛孩小毛病', '急！貓愛滋！！', '昨天撿到一隻浪浪貓??\r\n因為在發情 擔心懷孕 就帶他去結紮 順便做全身健康檢查還有打疫苗??他還適應的話就會領養\r\n餵食她有一段時間，要不是怕發情 附近又有公貓，應該不會養他，因為我不確定他想要什麼樣的生活，或許他很喜歡自由的感覺\r\n重點來了！\r\n他其他檢查都很正常\r\n但貓愛滋的試劑是兩條線\r\n醫生說他確定是經過20分鐘以後他才變兩條線的\r\n所以之前的案例診斷是陰性（他這間醫院，我不知道別間）\r\n有人有類似的經驗嗎\r\n真的真的很著急\r\n因為家裡有其他貓咪，很怕會因此被傳染\r\n有想要再帶他去一次檢查貓愛滋\r\n但如果結果還是陰性最後轉陽性\r\n就不知道該怎麼辦了\r\n所以想來問問 有沒有其他動物醫生可以給些建議\r\n拜託拜託了????????????????', '2020-10-05-11:50', '2010-06-05-02-30'),
(128, 'post069', 'mem027', '可愛貓狗', '可愛鼠了', '她的下巴好可愛', '2020-10-05-11:51', '2010-06-05-02-30'),
(129, 'post116', 'mem019', '可愛貓狗', '動保法立法是用兒童的命換來的', '10/20更新增加公報內容，請大家不要被動團資訊誤導&地方機關計畫案看法說明', '2020-10-05-11:52', '2010-06-05-02-30'),
(130, 'post163', 'mem045', '喵汪生活', '其實---你是一隻\"博美\"吧', '還會搖尾巴', '2020-10-05-11:53', '2010-06-05-02-30'),
(131, 'post014', 'mem121', '可愛貓狗', '小時候vs長大後 part2（畫質也從Nokia305到iphone14pro??)', '米克斯真的是驚喜包\r\n剛把阿狗帶回家時才2公斤\r\n爸媽說頂多長到17-18公斤\r\n結果最後長到25公斤\r\n每次出去遛狗都被鄰居笑說\r\n「又被狗狗牽出來遛啦！」 \r\n\r\n剛領養回家時跟小烤箱一樣大\r\n現在站起來可以趴到我身高160的胸口', '2020-10-05-11:54', '2010-03-02-01-22'),
(132, 'post191', 'mem093', '毛孩小毛病', '咬得腋下都濕了', '這個沈迷的小表情是怎麼回事', '2021-01-04-14:23', '2021-01-04-14-23'),
(133, 'post190', 'mem081', '可愛貓狗', '無標題，但有貓', '有可愛的貓貓，請下標題', '2021-01-04-14:24', '2021-01-04-14-22'),
(134, 'post189', 'mem186', '喵汪生活', '冬日的閃光', '雖然白糖平常就很愛撒嬌 但冬天是我最幸福的時候', '2021-01-04-14:25', '2021-01-04-14-21'),
(135, 'post144', 'mem013', '喵汪生活', '突然不喜歡撿回來的貓咪', '??文長慎入，不太確定要不要發這板，但想說來問問大家的意見 前情提要： 我姐家有養一隻黑貓，同時也很喜歡餵社區的流浪貓，有勸過不要亂餵，但她都會拿那些貓咪會在外面還不是因為人類的關係來回嘴，因為她結婚是住在山上的社區，比較不會有衝到馬路的問題，所以久了我們也不想勸了。 正文： 她原本有在餵一隻老玳瑁，跟她很親近很喜歡牠，有一天貓咪好像受傷的很嚴重，所以就帶回家養，受傷的關係一直是把牠養在一個房間裡，黑貓在其他空間活動，但養著養著她就對那隻玳瑁很反感，沒有原因的那種，我幾個月前有去她家做客，一直聽到她在罵那隻玳瑁，她還是會照顧那隻玳瑁，會換水給飼料，但一進去那個房間她就會開始發作，她的說法是她看到那隻玳瑁對她喵喵叫就覺得很髒很噁心，靠過來她就會開始罵，我都懷疑我姐是不是生病，但她還是很愛家裡的黑貓，然後還是會去餵流浪貓，也很愛牠們，就唯獨玳瑁不知道為什麼很討厭。 剛剛我姐夫就打來想請我問問身邊有沒有人願意養，我姐這次好像抓狂的很嚴重，他說我姐每天都在罵，這樣也好幾個月我就覺得那隻玳瑁超可憐== 就算基本都有照顧，但誰能忍受一直被罵，但我跟我姐年紀差了一輪，身邊的人也都大學生或剛出社會，沒有人有能力養，所以我就有說要不要po看看fb，但我姐夫好像不太想要，可能是怕被罵翻之類的吧?? ', '2021-01-04-14:26', '2021-01-04-14-20'),
(136, 'post143', 'mem144', '可愛貓狗', '求推薦自己種草給狗狗（有選手', '如題 我們家的胖狗狗常常偷偷吃樓下鄰居的盆栽 知道可能狗狗吃草是腸胃不舒服之類的 但是她每天回家都超級快樂的吃那盆… （我對不起我的鄰居） 結論就是 覺得不能把別人的葉子都吃光光 想要來自己種！！！ 上網查了一些資料 想問大家有沒有種過？有推薦的嗎？ 想要比較好照顧的～ ?貓草（家裡也有貓 網路是說狗貓都適用？ ?茴香（用google搜尋葉子名稱出現「類似茴香」 ?香菜、羅勒（我也愛吃?? 先謝過美女帥哥 回覆的人 毛孩都會超級健康！！！', '2021-01-04-14:27', '2021-01-04-14-19'),
(137, 'post142', 'mem008', '可愛貓狗', 'AirTag項圈', '有人知道台南哪裡買的到這個項圈嗎？ 最近貓貓常常想溜出門，擔心他ㄧ出去就找不到了', '2021-01-04-14:28', '2021-01-04-14-18'),
(138, 'post097', 'mem010', '喵汪生活', '寵物公園 v-s- 東森寵物雲', '自從養貓後寵物食衣住行所需都在網路上隨便買（看到好看就買沒有固定的商場），最近想改在固定的門市買，順便想了解美容的部分，帶我們家小咘去美毛一下（？ 我家附近比較近的兩間有東森寵物雲&寵物公園 想問大家就整體而言會選哪間呢? 有人在這兩家買過or美容過的比較心得可以提供參考嗎', '2021-01-04-14:29', '2021-01-04-14-17'),
(139, 'post096', 'mem146', '可愛貓狗', '這是什麼品種的貓頭鷹啊', '抱歉照片有點糊，晚上要從學校離開的時候突然從樹上掉在面前，然後又飛上去樹上，感覺起來還是幼鳥，不知道板上大大們有人認識他嗎？ 在市區看到貓頭鷹真的覺得好稀有！', '2021-01-04-14:30', '2021-01-04-14-16'),
(140, 'post095', 'mem007', '浪你喜翻我', '台南/高雄/屏東毛孩用品交流', '限制了地區這樣可以方便大家做面交，省掉運費及如何包裝的困擾！ 《社群內容》 ??發言?容只要是關於犬貓的都可以！ 其他的請不要在這邊聊，大家的時間都很寶貴?? ??交易項目不限新舊（買了毛孩不愛也是很常見啊，把不需要的東西流傳下去大家也開心，也不會造成浪費??） 《某礎規範》 ??以尊重及溝通為原則，請大家過程中注意禮貌。 ??騷擾成員（騷擾，是指當事人感受是騷擾！若有不當言詞謮附截圖向管理員反應處理。）將退團&黑名單 ???棄單/放鳥遭社群團員檢舉2次將退團&黑名單 ??詐欺遭社群團員檢舉2次將退團&黑名單 ??粗暴言論、惡言相向、吵架、引戰等不良行為將退團&黑名單 《交易規範》 ??應註明所在地區、商品品項、商品新舊、購入地點、商品效期、金額(贈送亦同) 、交易方式、付款方式 ??交易以記事本開團為主（群聊容易被洗掉），需符合格式，會嚴格執行，履犯且溝通無效者會請出群組。 ????使用表單/或直接給各通路下單連結，避免給予私人id 或ig 避免有人亂加！（不怕也可以給??） ????7日內每人三篇為限，3篇內容勿重複 ????視記事本數量多寡刪除（依貼文順序刪除） ???如被棄單、放鳥請附截圖或相關證明向管理員反應處理 《注意事項》 ??請注意不要被詐騙！社群是個平台無法提供任何有用資料，下單前請衡量可能損失 ??交易過程自行截圖保留相關訊息 ??面交時請注意自身安全！', '2021-01-04-14:31', '2021-01-04-14-15'),
(141, 'post050', 'mem110', '可愛貓狗', '貓咪屁股很大', '香', '2021-01-04-14:32', '2021-01-04-14-14'),
(142, 'post049', 'mem034', '可愛貓狗', '在路邊發現手掌大的貓', '如標題，剛剛在路邊發現兩隻很瘦小又只有手掌大的小黑貓，想問有沒有人曾經也遇到這樣的情況，我該放著不管還是餵什麼食物比較好？因為他們身邊沒有母貓，身形也很瘦弱，不知道是母貓跑掉還是暫時離開??', '2021-01-04-14:33', '2021-01-04-14-13'),
(143, 'post042', 'mem055', '可愛貓狗', '我竟然替柴柴找到妹妹了！', '後來，我仍不放棄的一直搜尋?? 就在某一天，我終於找到了！ 而且真的超像', '2021-01-04-14:34', '2021-01-04-14-13'),
(144, 'post048', 'mem194', '可愛貓狗', '1打2', '浪貓媽媽叼來附近工廠??請求支援，看到3隻，找到6隻貓仔XDD 為惹減少拆散，收編一組同胎兄弟： 奇異果??Kiwi （背部是奇異果色唷??）', '2021-01-04-14:35', '2021-01-04-14-12'),
(145, 'post089', 'mem167', '可愛貓狗', '有關貓咪寄生蟲', '先放個防雷圖\r\n以下正文\r\n\r\n請問一下這隻是寄生蟲嗎？從小貓大便找出來的\r\n禮拜二的時候有帶去醫院做體內驅蟲，是因為做了才排出來的嗎？\r\n是快四個月的小貓，養貓新手請大家多多教育', '2021-01-04-14:36', '2021-01-04-14-13'),
(146, 'post136', 'mem118', '可愛貓狗', '那個阿九又在怪怪的', '從廚房出來時看見的阿九…… 我都不知道我不在家的時候你是怎麼活下來的', '2021-01-04-14:37', '2021-01-04-14-13'),
(147, 'post183', 'mem071', '浪你喜翻我', '冬天到了 一隻毛球出現了', '想看更多顏色的球貓', '2021-01-04-14:38', '2021-01-04-14-13'),
(148, 'post004', 'mem022', '浪你喜翻我', '貓咪求收養', '9月初颱風前幾天遇到的小貓咪\r\n因為身上都是貓癬治療了一個月\r\n現在快好了 可以認養嘍！\r\n第一位小??是小男森～\r\n兩個月大 已會用貓砂，也會吃乾乾了??\r\n個性超好，治療貓癬三天就要洗一次藥浴，每次洗都超乖不反抗，一張發票自己就可以玩很久??\r\n貓毛還沒長好，長出來一定會超級清秀又有顏值的??', '2021-01-04-14:39', '2020-11-21-21-34'),
(149, 'post029', 'mem101', '可愛貓狗', '欸奴才 走了 去露營', '平常把露營椅攤開放在房間，終於等到主子主動坐上去的這一天了！！', '2021-02-27-03:38', '2021-02-27-03-39'),
(150, 'post076', 'mem103', '可愛貓狗', '整天都在睡', '晚上超清醒', '2021-02-27-03:39', '2021-02-27-03-39'),
(151, 'post123', 'mem003', '喵汪生活', '#詢問 狗狗到底要不要送去外面洗澡？', '因為我常在網絡上滑到一些有關寵物美容店的負面報道 讓我對寵物美容店的印象都沒有很好 所以我一直不敢帶我家小狗到外面洗 但最近去了朋友家發現他的小狗都很乾淨，皮膚也都很乾爽 相反我家那隻每次幫他洗完幾天後皮膚都會開始出油 朋友也有建議叫我送到外面洗，他說偶爾在外面洗洗得比較乾淨 且長期下來皮膚狀態會變得比較好 聽到朋友這麼說讓我更加心動想去 可是我又想到那些新聞報道，讓我心情感到很忐忑--- 很擔心狗狗會受到不好的對待等 但又希望狗狗的毛髮可以跟朋友家的狗一樣 大家覺得我到底要不要帶狗狗到外面洗呢？', '2021-02-27-03:40', '2021-02-27-03-39'),
(152, 'post170', 'mem065', '浪你喜翻我', '玩貓耳朵', 'dobby is freeeee ', '2021-02-27-03:41', '2021-02-27-03-39'),
(153, 'post023', 'mem120', '浪你喜翻我', '流氓貓 vs 氣質貓', '當貓咪吃最愛的肉泥時直接看出一隻貓的本性????\r\n不覺得貓咪吃東西的聲音很療癒嗎????\r\n喜歡的話歡迎追蹤??', '2021-03-03-00:22', '2021-03-03-00-23'),
(154, 'post070', 'mem062', '可愛貓狗', '像巨型飛鼠', '夠了喔人類，把我放下來', '2021-03-03-00:23', '2021-03-03-00-23'),
(155, 'post117', 'mem046', '浪你喜翻我', '＃分享 喵喵們吃ㄉ乾乾罐罐', '之前有發過一篇文請益大家幼貓吃蝦米~ 很多卡友都有給建議、推薦 也有被打槍自己選的乾乾很大便?? 立馬換掉ㄌ 後來就踏上了換乾乾旅途以及嘗試一些幼貓主食罐 今天想要來分享心得 因為換了之後貓貓的毛真的摸起來好順啦~ 聞起來也奶香奶香的 真的謝謝卡友們 ?? 先介紹一下 他們是同一胎準備5個月的小朋友 ?? 芒果 (女森)', '2021-03-03-00:24', '2021-03-03-00-23'),
(156, 'post164', 'mem082', '可愛貓狗', '貓貓超愛喝我的水', '每次我的水杯裡面有水，她都會把頭埋進去??，她自己明明也有水', '2021-03-03-00:25', '2021-03-03-00-23'),
(157, 'post034', 'mem119', '喵汪生活', '我的貓是不是笨蛋??', '在講述我家屁貓的惡跡前，\r\n先來看一下她可愛的樣子平復心情好了??\r\n從小小隻感冒、貓癬的可憐樣', '2021-03-10-16:12', '2021-03-10-16-13'),
(158, 'post081', 'mem040', '毛孩小毛病', '我家的貓表情控管?', '應該是睡姿控管', '2021-03-10-16:13', '2021-03-10-16-13'),
(159, 'post128', 'mem182', '可愛貓狗', '貓咪送養', '約兩歲，黑貓，小女生，五公斤左右，親人愛撒嬌，米克斯，不怕生（不怕人）但對陌生環境需要時間適應，已結紮，疫苗也打過了，因私人原因無法繼續飼養，想替愛貓找個好人家，有自動貓砂機，可議價，貓咪在花蓮', '2021-03-10-16:14', '2021-03-10-16-13'),
(160, 'post175', 'mem077', '可愛貓狗', '這味道真讓貓上癮', '如題 這味道真是讓貓欲罷不能啊~', '2021-03-10-16:15', '2021-03-10-16-13'),
(161, 'post198', 'mem186', '可愛貓狗', '偷窺！', '下班回家這個小傢伙用這種偷窺的方式看我也太可愛', '2022-01-02-07:57', '2022-01-02-07-58'),
(162, 'post151', 'mem072', '可愛貓狗', '#哈醬 #蜜醬 全家品牌大使 IG', '恭喜朋友的愛貓?哈醬和??蜜醬榮獲全家品牌大使?? IG @hami211015', '2022-01-02-07:57', '2022-01-02-07-58'),
(163, 'post104', 'mem121', '浪你喜翻我', '寄養小型寵可行嗎', '看國外都有幫忙遛狗或者到府餵養，我也一直在想或許我也可以幫忙一些飼主需要有人照顧家中小寵的 不知道可不可行 （價格一定是比外面專業的便宜，但一定都會做好功課', '2022-01-02-07:57', '2022-01-02-07-58'),
(164, 'post057', 'mem021', '喵汪生活', 'Bu媽需求問卷求助 抽超商100元禮卷 回收日倒數一天！！', '大家好 我是淡江大學碩士班的學生 目前在研究關於「後疫情時代網路投保意願因素之研究」 目前還需要大量的數據！！！！！！ 問卷內容不記名，僅供學術參考 不想被教授電 再麻煩大家幫忙了！ 祝一切順利 好人一生平安???', '2022-01-02-07:57', '2022-01-02-07-58'),
(165, 'post010', 'mem081', '喵汪生活', '勾錐嘎', '他只有一個缺點，就是心情爽才理你，不想你時候把你當白癡 ', '2022-01-02-07:57', '2022-01-02-07-58'),
(166, 'post158', 'mem142', '可愛貓狗', '假小耳朵有夠可愛', '這兩搓假耳朵有個可愛', '2022-01-13-19:08', '2022-01-13-19-09'),
(167, 'post111', 'mem088', '可愛貓狗', '分享 養貓黑名單 運動選手', '不知道是要醞釀什麼? 也沒po文找，限動看了不是跑趴夜店就是唱歌的文，目前一句道歉也沒有，沒問就無要無緊，有著跑掉就算了的心態，本人有做認養同意書和到家家訪，還是無法避免遇到這種人??', '2022-01-13-19:08', '2022-01-13-19-09'),
(168, 'post064', 'mem042', '可愛貓狗', '一起床就是擼貓，爽', '心情好時可以 心情不好都打我…', '2022-01-13-19:08', '2022-01-13-19-09'),
(169, 'post017', 'mem015', '可愛貓狗', '超進化', '除了狗以外 我還能看見什麼', '2022-01-13-19:08', '2022-01-13-19-09'),
(170, 'post154', 'mem122', '可愛貓狗', '兩星期ㄉ奶貓', '剛出生兩星期的奶貓', '2022-02-19-02:37', '2022-02-19-02-38'),
(171, 'post107', 'mem172', '可愛貓狗', '推薦的豹貓貓舍', '最近想養一隻貓 因為之前接觸過豹貓 愛上那美麗的花色 還有活潑親人的性格 決定選擇豹貓 目前有詢問到幾家 南部-金x 雙北-晶X 、凱x 中部-xx星球 請問人有推薦哪間貓舍嗎～', '2022-02-19-02:37', '2022-02-19-02-38'),
(172, 'post060', 'mem117', '浪你喜翻我', '罐罐', '每天期待吃罐罐', '2022-02-19-02:37', '2022-02-19-02-38'),
(173, 'post013', 'mem130', '喵汪生活', '分享 狗狗保姆日記！', '嗨大家好:))\r\n如題想跟大家分享我在西雅圖Woodinville當狗狗保姆一個月的心得～\r\n-\r\n前情提要一下，本人非常非常喜歡狗勾，特別是大狗。我小時候是跟一隻拉布拉多一起長大的，但是他在我15歲的時候離開我們了。在那之後我們家就沒有再養狗狗了，但是我一直一直很想再領養一隻大狗狗在西雅圖跟我一起生活。不過目前還住在公寓，平日白天也都要上學，擔心狗狗沒有辦法有充足的運動量還有空間。所以暫時放棄了這個念頭:(\r\n-\r\n先來介紹一下我這個月照顧的狗狗！她是一隻11個月（現在一歲了）的黃金獵犬，叫做奶糖（Toffee)', '2022-02-19-02:37', '2022-02-19-02-38'),
(174, 'post184', 'mem175', '可愛貓狗', 'ㄌㄩㄝ', '好喜歡捕捉女鵝吐舌頭的瞬間(??? ?? ???)', '2022-09-22-01:28', '2022-09-22-01-29'),
(175, 'post137', 'mem038', '可愛貓狗', '如何訓練貓咪習慣貓砂盆', '週末意外在路上撿到一隻浪貓 因為路上車子很多怕危險就先帶回家養 有帶去給醫生檢查順便掃描是否有植入晶片 檢查結果都正常，只是體態偏瘦 有去寵物店買法麗的飼料和罐罐 還有汪喵星球的豆腐砂稍微簡單佈置照顧 貓咪的胃口很好，吃飼料也吃得很香 尤其吃完順毛的時候真的好療癒(描～) 就跟家人討論打算成為家庭的一份子！ 但因為是新手貓奴，有幾個問題想詢問 1-因為貓咪偏瘦，除了飼料以外，是不是需要補充其他營養素？ 2-貓咪都不願意去貓砂上廁所，隨意尿真的有點頭痛 除了換貓砂盆以外，有沒有其他有效的訓練方式？ ', '2022-09-22-01:28', '2022-09-22-01-29'),
(176, 'post090', 'mem153', '可愛貓狗', '狗狗性情大變', '品種：法鬥 年紀：5歲 自從狗狗IVDD二次開刀後，性情整個大變，開始會吠每天都見面的人甚至想要咬人，不知道是月經來的關係，最近抱她進圍欄睡覺，要幫她脫尿布這個動作，或者幫她換尿布，就會開始頭往後看然後歇斯底里想咬人，目前還沒結紮。 今天晚上要帶去散步幫她穿胸背帶也想要咬人', '2022-09-22-01:28', '2022-09-22-01-29'),
(177, 'post043', 'mem051', '可愛貓狗', '硬是要給我新鮮味。。。', '聽說貓咪會故意在主人鏟屎前才大， 是撒嬌的表現？ （貓咪讓主人看牠上廁所是代表信任？） 鏟完馬上跑去大號就是調皮？', '2022-09-22-01:28', '2022-09-22-01-29'),
(178, 'post001', 'mem074', '浪你喜翻我', '給想領養貓的人', '因為養貓接觸了很多社團，也去了幾間收容所，比起很多中途跟愛媽嚴苛的條件，真的覺得給收容所的貓一點機會，他們只是缺乏曝光機會而已～\r\n\r\n這麼漂亮的貓，在收容所也幾個月了，求大家給這些貓一點機會～（她真的超漂亮，我有在現場看過）還有一隻超美的賓士（可惜得過貓瘟，有後遺症）\r\n比起在社團很多人搶一隻漂亮的貓，更希望大家能多花時間去收容所看看！政府也有補助，不過領養小貓還是要小心貓瘟\r\n\r\n我自己一開始也是在社團找了一段時間，最後在跟在收容所合作的動物醫院領養到了，那個醫生真的超好，大家有興趣我再推薦（在新北\r\n\r\n附上我家的ok繃', '2023-03-26-01:12', '2023-03-26-01-13'),
(179, 'post159', 'mem054', '可愛貓狗', '部隊起床', '叫你啦', '2023-04-16-22:29', '2023-04-16-22-30'),
(180, 'post112', 'mem128', '可愛貓狗', '貓咪吐了！', '請問吐飼料是不是因為吃太快？ 最近天氣變冷 發現他會躲在櫃子裡 還是因為天氣變化的關係嗎？', '2023-04-16-22:29', '2023-04-16-22-30'),
(181, 'post065', 'mem087', '可愛貓狗', '這是之前徵名字的小三花', '結果這個可愛的妹妹還是沒有名字 再麻煩各位廣大網友了！ 他的左臉眼睛有一條很長的眼線 個性有點皮', '2023-04-16-22:29', '2023-04-16-22-30'),
(182, 'post018', 'mem158', '可愛貓狗', '看到別人養倉鼠合籠養打架…', '我很常滑滑哀居亂看 \r\n突然刷到這個 當下真的很問號？\r\n鼠鼠們都打架發出聲音了…-還養在一起', '2023-04-16-22:29', '2023-04-16-22-30'),
(183, 'post178', 'mem098', '可愛貓狗', '你在看我嗎？', '喜歡在制高點的小貓', '2023-05-10-16:43', '2023-05-10-16-44'),
(184, 'post131', 'mem056', '可愛貓狗', '狗狗也要護髮嗎？', '身為一位愛漂亮的女生，平常就很注重髮型 經歷過好幾次的染、燙髮，還有平時使用平板夾、電棒捲整理髮型，髮質變得很毛躁乾枯，所以每天都需要使用護髮產品來保養髮質?? 上次和朋友聊天聊到護髮時，意外得知原來也有狗狗的護毛產品！！ 因為我們家狗狗雖然是短毛，但他真的很常掉毛！加上有時候帶去公園散步接觸到花花草草 很容易過敏或皮膚病造成部分脫毛', '2023-05-10-16:43', '2023-05-10-16-44'),
(185, 'post084', 'mem099', '可愛貓狗', '請益幼犬飼料推薦', '不知道各位的會不會怕自家小朋友吃膩換飼料？ 我們家小朋友5個月大，剛換完牙齒，下禮拜要結紮從吃乾飼料以來就只有吃過halo幼犬飼料到現在，倒也不是halo有什麼不好，牠目前毛色漂亮便便也健康沒有非換不可，但希望能有多些選擇 一開始我選halo是想說小狗熱量需求高，它熱量是我看到有標示中最高的就選了，現在想換是考量到小朋友下禮拜要結紮（剛好飼料也見底了）希望能給牠更營養的選擇，當然也不排除繼續吃同牌子，還有一點是我也怕牠吃膩了想讓牠換換口味多點嘗試，希望大家能給我多點建議可參考謝謝大家 附上幾張小朋友的照片', '2023-05-10-16:43', '2023-05-10-16-44'),
(186, 'post037', 'mem005', '毛孩小毛病', '小鳥凹嗚叫', '這隻是樹鵲 他從小到大的叫聲一直都是「嘎嘎嘎」 （就是凌晨聽到的鳥叫聲?????） 自從帶回來尖叫雞跟他玩之後 現在居然學會尖叫雞的聲音 沒事就在凹嗚 跟貓玩也凹嗚 飛來飛去也凹嗚 是不是要改名叫凹嗚了??', '2023-05-10-16:43', '2023-05-10-16-44'),
(187, 'post199', 'mem081', '可愛貓狗', '人類 起來啊', '昨晚要睡覺時小屁貓跳上床監視 是不是想用可愛力量讓人無法睡覺！ (???????) @mimika-pop', '2023-08-13-07:40', '2023-08-13-07-41'),
(188, 'post152', 'mem140', '可愛貓狗', '錢變成牠喜歡的樣子', '上班賺錢就是為了買罐罐 養女友都沒養貓認真', '2023-08-13-07:40', '2023-08-13-07-41'),
(189, 'post105', 'mem053', '可愛貓狗', '讓貓咪親人', '想請問一下怎麼讓浪貓親人？ 家裏有一隻原住民大概兩個月公貓（就一看很皮那種什麼都不怕） 領養兩個禮拜後，在收容所看到一隻大概三個月母貓（已經被結紮）在收容所的時間很短，好像是11號被抓進去，15號我就領養走了～ 母貓目前是感覺比較有野性，在籠子裡可以摸（會主動靠）但放風出來，就一直躲，但完全不會有攻擊性行為，但我們主要還是有點擔心牠野性問題，我們知道牠是被抓進去的，在所裡時間也很短，我們也想親近牠，但不知道有沒有比較好的方法？ 目前牠跟小貓相處沒問題，小貓一直追他，但還是希望牠能多親近我們點，但是不是有另外一隻貓的存在，所以牠不太想親近我們呢？', '2023-08-13-07:40', '2023-08-13-07-41'),
(190, 'post058', 'mem130', '可愛貓狗', '家裡也能拍出天空之鏡', '買了一組天空之鏡來實測一下 果然拍出了一個天使的無奈?? 就如同打開商品的那個瞬間一樣我也是一個無奈呀！', '2023-08-13-07:40', '2023-08-13-07-41'),
(191, 'post011', 'mem093', '可愛貓狗', '一圈貓', '放連假這幾天剛好有空，幫兒子洗一下陳年廢毛，結果洗完之後連三天都給我長這樣', '2023-08-13-07:40', '2023-08-13-07-41'),
(192, 'post169', 'mem070', '毛孩小毛病', '哩勒跨塞小', '奶凶奶凶的貓貓', '2023-09-01-06:57', '2023-08-25-06-58'),
(193, 'post028', 'mem138', '喵汪生活', '早晨陽光', '一早起床就這麼天真無邪眼神 都不想去上班了', '2023-09-02-06:57', '2023-08-25-06-58'),
(194, 'post075', 'mem173', '喵汪生活', 'Bruh', '像我嗎', '2023-09-02-06:58', '2023-08-25-06-58'),
(195, 'post122', 'mem143', '喵汪生活', '開箱我兒子的生日點心-開凍', '謝乾媽的生日禮物~~~ 送了兩包開凍的點心 名字跟包裝很可愛 其實我是很少給貓咪吃點心的那一派 怕養成他不好的習慣 點心類的產品頂多會買肉泥 偶爾剪指甲當獎勵用 沒想到第一次過生日乾媽竟然送他凍乾 一包是雞肉口味 另一包是丁香魚 包裝就是很吸引人注意的粉紅色', '2023-09-03-06:59', '2023-08-25-06-58'),
(196, 'post195', 'mem146', '可愛貓狗', '請開聲音', '撒嬌貓貓欸', '2023-09-04-01:27', '2023-11-10-01-28'),
(197, 'post148', 'mem020', '浪你喜翻我', '小貓咪跟你說晚安', '我床都暖好ㄌ ', '2023-09-06-01:27', '2023-10-26 09:33'),
(198, 'post101', 'mem093', '喵汪生活', '來曬毛孩醜照，看誰最醜（？', '今天來曬醜照，給大家看看', '2023-09-08-01:25', '2023-11-10-01-28'),
(199, 'post054', 'mem169', '可愛貓狗', '封印', '三花貓有夠漂亮的，橘貓的手也好可愛', '2023-09-09-01:26', '2023-11-10-01-28'),
(200, 'post007', 'mem010', '浪你喜翻我', '#送養#小貓 白底虎斑小公貓送養', '地點：雲林\r\n性別：公（未結紮）\r\n年齡：約50天大\r\n性格：親人親貓、活潑、活動力正常，可摸可抱可剪指甲，會用貓砂盆（目前使用礦砂）\r\n花色：白底虎斑\r\n驅蟲：已體內外驅蟲\r\n疫苗：無\r\n檢測：貓愛滋、貓白血、貓瘟皆未驗（太小）\r\n嫁妝：Ciao肉泥1包4入、小貓砂盆1個\r\n備註：在住處牆壁夾縫中撈起，撈起時已在該處叫了2天沒有大貓領取，已就醫身體健康無大礙，食慾佳、可正常進食貓飼料及排便。', '2023-09-10-01:27', '2023-11-10-01:28'),
(406, 'post-te', '管理員', '管理員的家', '測試', '成功2', '2023-10-24 15:54', NULL),
(407, 'post-te', '管理員', '管理員的家', '測試', '成功3', '2023-10-24 15:55', NULL),
(438, 'post-te', '管理員', '管理員的家', 'Y94G', 'YH', '2023-10-25 18:54', NULL),
(443, 'post-te', '管理員', '管理員的家', 'ss', '寫點東西ss', '2023-10-25 19:11', NULL),
(444, 'post-te', '管理員', '管理員的家', '123', '寫點東西12333', '2023-10-25 19:13', NULL),
(446, 'test', '管理員', '管理員的家', 'wwa', '寫點東西吧w w S a s sss ', '2023-10-25 19:23', '2023-10-25 20:02'),
(449, 'test', '管理員', '管理員的家', 'ww', '寫點東西吧', '2023-10-26 01:14', NULL),
(452, 'test', '管理員', '管理員的家', '22', '寫點東西吧22', '2023-10-26 10:13', NULL);

-- --------------------------------------------------------

--
-- 資料表結構 `forum_board_1023`
--

CREATE TABLE `forum_board_1023` (
  `board_category_list` varchar(8) CHARACTER SET utf8 COLLATE utf8_general_ci DEFAULT NULL,
  `board_category_id` varchar(5) CHARACTER SET utf8 COLLATE utf8_general_ci DEFAULT NULL,
  `member_id_moderator` varchar(6) CHARACTER SET utf8 COLLATE utf8_general_ci DEFAULT NULL
) ENGINE=InnoDB DEFAULT CHARSET=utf8mb4 COLLATE=utf8mb4_general_ci;

--
-- 傾印資料表的資料 `forum_board_1023`
--

INSERT INTO `forum_board_1023` (`board_category_list`, `board_category_id`, `member_id_moderator`) VALUES
('board001', '浪你喜翻我', 'mem126'),
('board002', '毛孩小毛病', 'mem134'),
('board003', '可愛貓狗', 'mem126'),
('board004', '喵汪生活', 'mem127'),
('board005', '寵物住宿', 'mem131'),
('board006', '寵物餐廳', 'mem129'),
('board007', '寵物葬儀', 'mem130');

-- --------------------------------------------------------

--
-- 資料表結構 `forum_comment_1023`
--

CREATE TABLE `forum_comment_1023` (
  `comment_id` varchar(7) CHARACTER SET utf8 COLLATE utf8_general_ci DEFAULT NULL,
  `member_id_comment` varchar(6) CHARACTER SET utf8 COLLATE utf8_general_ci DEFAULT NULL,
  `article_id_comment` varchar(7) CHARACTER SET utf8 COLLATE utf8_general_ci DEFAULT NULL,
  `comment_time` varchar(16) CHARACTER SET utf8 COLLATE utf8_general_ci DEFAULT NULL,
  `comment_content` varchar(283) CHARACTER SET utf8 COLLATE utf8_general_ci DEFAULT NULL
) ENGINE=InnoDB DEFAULT CHARSET=utf8mb4 COLLATE=utf8mb4_general_ci;

--
-- 傾印資料表的資料 `forum_comment_1023`
--

INSERT INTO `forum_comment_1023` (`comment_id`, `member_id_comment`, `article_id_comment`, `comment_time`, `comment_content`) VALUES
('comm001', 'mem197', 'post48', '2024.2.27.19.57', '說的真好'),
('comm002', 'mem126', 'post34', '2013.6.24.7.39', '可愛每個人的定義不同 像是有人覺得蛇可愛 也有人覺得鱷魚可愛 所以沒有一個絕對的標準'),
('comm003', 'mem064', 'post19', '2012.10.26.11.21', '你真的辛苦了'),
('comm004', 'mem058', 'post39', '2019.7.10.13.33', '有料'),
('comm005', 'mem175', 'post46', '2019.6.4.12.48', '其實我也知道，但就是沒辦法停止摸她'),
('comm006', 'mem020', 'post23', '2015.8.7.10.3', '終於知道我家倉鼠是怎麼鑽到衣櫃底下了'),
('comm007', 'mem011', 'post48', '2024.11.5.17.27', '黑黑的也很可愛ㄡ??'),
('comm008', 'mem145', 'post16', '2011.6.11.18.32', '善良的人會一生好運?'),
('comm009', 'mem104', 'post30', '2017.3.10.20.10', '我怎麼覺得比較像綠豆糕'),
('comm010', 'mem082', 'post46', '2015.12.26.15.50', '早餐記得要測量比較好'),
('comm011', 'mem025', 'post39', '2016.9.13.8.18', '領養很棒！謝謝原po帶貓回家\r\n但以後在外面看到流浪動物還是不要餵食喔。\r\n就算你不介意被野狗咬，但還是會有其他害怕和介意的人。\r\n也很多人因為流浪動物摔車、重傷。被餵食而聚集的動物尤其會造成很多困擾。\r\n想幫助他們的話結紮領養就夠了！'),
('comm012', 'mem154', 'post34', '2015.1.6.3.45', '這我'),
('comm013', 'mem077', 'post1', '2019.9.12.11.16', '可愛死了'),
('comm014', 'mem080', 'post29', '2019.5.24.16.40', '臉圓圓超可愛的！\r\n謝謝妳願意給他一個家 ?'),
('comm015', 'mem191', 'post14', '2024.3.14.14.37', '這是水吧？'),
('comm016', 'mem040', 'post20', '2019.2.2.7.4', '不覺得餵食野狗野貓是錯的，野貓野狗去打獵被人們說會破壞生態，餵食又被說不行，那要野貓野狗吃什麼？？'),
('comm017', 'mem042', 'post29', '2024.2.2.21.27', '不要叫人不要戳貓?'),
('comm018', 'mem003', 'post40', '2020.8.10.8.22', '我家的也會? 還會超不屑的看你'),
('comm019', 'mem039', 'post36', '2015.12.18.6.36', '貓老闆：今天一天的工作做的怎麼樣'),
('comm020', 'mem071', 'post24', '2020.5.17.9.25', '這個肌肉好大'),
('comm021', 'mem192', 'post47', '2022.5.26.13.19', '喵喵權益 人人有責?'),
('comm022', 'mem090', 'post1', '2016.5.26.19.8', '我舔六口了妳還不放手 不要逼我舔第七下喔?'),
('comm023', 'mem136', 'post9', '2021.3.21.10.12', '補充鹽分中'),
('comm024', 'mem173', 'post11', '2012.4.26.14.24', '他的腎臟會壞掉啦 每天都亂舔?'),
('comm025', 'mem029', 'post2', '2014.10.18.0.13', '：伸懶腰好ㄌ'),
('comm026', 'mem108', 'post9', '2021.3.21.3.26', '摧殘乒乓球'),
('comm027', 'mem019', 'post11', '2011.9.26.16.36', '我沒ㄌ'),
('comm028', 'mem137', 'post12', '2016.12.4.22.9', '虎斑的厭世臉！奴才你拍我幹嘛。'),
('comm029', 'mem007', 'post24', '2024.11.9.0.42', '他說謝謝?'),
('comm030', 'mem184', 'post30', '2024.5.17.22.45', '那我也分享一下朋友家的肥貓….'),
('comm031', 'mem088', 'post41', '2011.7.13.21.41', '他看起來好像吸了什麼?'),
('comm032', 'mem028', 'post30', '2013.12.4.23.4', '請問你們家貓貓有沒有ig可以追蹤?'),
('comm033', 'mem038', 'post11', '2021.12.21.8.23', '沒啦 那時候在曬太陽? 其實他不吸也很ㄎㄧㄤ'),
('comm034', 'mem054', 'post35', '2010.2.27.1.43', '他好厲害? 我家的貓咪只有在有肉泥的時候才能站? 他只會賣萌'),
('comm035', 'mem075', 'post3', '2022.12.19.1.22', '笑鼠 還真的有點像欸? 他只有要吃肉泥的時候才會有這個表情 沒有IG有FB? 不嫌棄的話FB是胖橘哈利的日常'),
('comm036', 'mem145', 'post16', '2019.11.10.1.22', '第一次去他家 直接睡在我腳旁邊？… 我都不知道他到底是什麼轉世的'),
('comm037', 'mem104', 'post19', '2010.9.8.18.53', '家貓比較親人耶！老家這邊都半放養狀態。除了放飯時間會來碰瓷一下，親人的沒幾隻。'),
('comm038', 'mem082', 'post36', '2021.10.27.3.59', '我看過很多浪浪（也可能放養）他們都看到人就跑 我這隻是去收容所帶的 全部都不理人只有我這隻會衝著人喵喵叫?'),
('comm039', 'mem025', 'post9', '2021.12.6.17.54', '你不放開 就繼續舔?'),
('comm040', 'mem154', 'post23', '2022.6.22.9.15', '：先不要ㄌ好懶'),
('comm041', 'mem077', 'post44', '2023.2.12.5.35', '我家貓貓是手指放他嘴巴前面 就會舔舔'),
('comm042', 'mem080', 'post38', '2022.2.20.9.47', '看來跟我家貓貓是同好 只是我家的不管手指腳趾都ok'),
('comm043', 'mem191', 'post5', '2019.5.20.3.13', '那你要先洗乾淨耶，怕細菌或病毒被他吃下去'),
('comm044', 'mem077', 'post51', '2021.10.27.3.59', '會的 身為主人洗手是一定 但是朋友來就不好說了'),
('comm045', 'mem080', 'post29', '2021.12.6.17.54', '加碼分享剛洗完澡的粉紅手手和腳腳'),
('comm046', 'mem191', 'post10', '2022.6.22.9.15', '但現在不粉也不香ㄌ 因為他每天都要來個口水浴'),
('comm047', 'mem135', 'post8', '2021.10.27.3.59', '他好可愛 想抱緊處理'),
('comm048', 'mem062', 'post42', '2021.12.6.17.54', '歐～喵喵貓貓貓貓貓貓貓，可愛的小貓咪 超級可愛'),
('comm049', 'mem018', 'post12', '2022.6.22.9.15', '而且他舔的好兇'),
('comm050', 'mem079', 'post20', '2022.6.22.9.16', '同樣是貓：愚蠢的人類 你以為我想舔妳嗎?'),
('comm051', 'mem005', 'post051', '2024.2.27.19.58', '完全反對餵食流浪動物!'),
('comm052', 'mem047', 'post051', '2013.6.24.7.40', '1.流浪狗餵食專區 請問設在你家旁邊嗎?不是只有餵食造成環境髒亂，動物還會大小便 若在餵食區附近被狗追趕造成意外，設立餵食區的人要賠償嗎? 經過餵食區是不是還會被狗吠叫，若設在我回家的必經之路，一定反對到底'),
('comm053', 'mem001', 'post051', '2012.10.26.11.22', '不懂這點甚麼意思\r\n自己養的就可以在外餵食?都是自己養的為什麼不帶回家餵\r\n放養不用被開罰?養寵物不是只有餵食耶，還有飼主責任'),
('comm054', 'mem119', 'post051', '2019.7.10.13.34', '蠻好奇如果真的成立流浪狗餵食區，請問要由誰來執行? 關於辨識出未結紮流浪狗跟清理餵食區的部分 成立後，會不會有人把狗丟到那邊棄養?反正那邊有食物可以吃，狗不會餓死'),
('comm055', 'mem027', 'post44', '2019.6.4.12.49', '流浪狗造成的問題不是只有繁殖 拒絕餵食流浪動物 要馬抓回家養要馬撲殺'),
('comm056', 'mem157', 'post38', '2015.8.7.10.4', '飼主責任自助餐專區？ 如果這樣都可以為什麼動保法要禁止放養 請問野狗造成別人財損 衝出馬路導致路人傷亡 在路上咬人 你們要負責賠嗎？'),
('comm057', 'mem189', 'post5', '2024.11.5.17.28', '動保法和野生小動物的命還有責任都是屁 哈哈 你各位不用養在家了直接放那裡，每天去放飯不用培養感情，拍拍屁股就走了多方便不用負責還不用鏟屎 而且TNR本來就是絕育完就讓他自然淘汰根本沒有餵食這項目 國外甚至都有因餵食而數量越聚越多還爽到沒絕育的新個體，你要這樣還不如直接買土地蓋個園地圍起來養更能保護彼此'),
('comm058', 'mem081', 'post51', '2011.6.11.18.33', '你們這種人好可怕 甚至覺得自己在做對的事=='),
('comm059', 'mem046', 'post29', '2017.3.10.20.11', '身為第一線動物管制人員，真的送你一句：餵你媽B'),
('comm060', 'mem195', 'post10', '2015.12.26.15.51', '來看看這個愚蠢的人類在幹嘛（探頭），哈果然是沒幹嘛'),
('comm061', 'mem098', 'post8', '2016.9.13.8.19', '他應該是要看我有沒有睡著，要趁我睡著的時候跳到我頭上（不要問為什麼這麼說，都是眼淚'),
('comm062', 'mem017', 'post42', '2015.1.6.3.46', '感覺又可愛又痛'),
('comm063', 'mem109', 'post44', '2019.9.12.11.17', '我的額頭瘀青了三天'),
('comm064', 'mem125', 'post38', '2019.5.24.16.41', '探頭偷偷看耶卡哇伊๛ก(ｰ̀ωｰ́ก)'),
('comm065', 'mem050', 'post5', '2024.3.14.14.38', '何止喜歡偷看 還很會爬到我頭上來(●°u°●)​ 」'),
('comm066', 'mem181', 'post51', '2019.2.2.7.5', '還有那囂張的嘴邊肉（'),
('comm067', 'mem065', 'post29', '2024.2.2.21.28', '耳朵好大 好像狐狸喔'),
('comm068', 'mem155', 'post10', '2020.8.10.8.23', '原來我一直以來養的都不是貓'),
('comm069', 'mem057', 'post8', '2015.12.18.6.37', '耳朵快跟臉一樣大了 好酷(*¯︶¯*)'),
('comm070', 'mem118', 'post42', '2020.5.17.9.26', '來自主子的凝視'),
('comm071', 'mem102', 'post44', '2022.5.26.13.20', '是狐獴嗎 豪可愛'),
('comm072', 'mem048', 'post38', '2016.5.26.19.9', '探*'),
('comm073', 'mem059', 'post5', '2021.3.21.10.13', '大家的主子都會探頭 偷偷的觀察大家'),
('comm074', 'mem070', 'post51', '2012.4.26.14.25', '臉頰肉都垂下來ㄌ'),
('comm075', 'mem043', 'post29', '2014.10.18.0.14', '好像小新'),
('comm076', 'mem194', 'post10', '2021.3.21.3.27', '偷窺貓'),
('comm077', 'mem128', 'post8', '2011.9.26.16.37', '可愛死了'),
('comm078', 'mem012', 'post42', '2016.12.4.22.10', '以為是p了倉鼠的嘴巴鼻子上去'),
('comm079', 'mem144', 'post44', '2024.11.9.0.43', '我弟都笑他的鼻子很像大原所長(●°u°●)​ 」'),
('comm080', 'mem146', 'post38', '2024.5.17.22.46', '終於鑽進去小被被了'),
('comm081', 'mem190', 'post5', '2011.7.13.21.42', '有一隻沒有很肥喔 不合格'),
('comm082', 'mem176', 'post51', '2013.12.4.23.5', '想抱'),
('comm083', 'mem086', 'post29', '2021.12.21.8.24', '可愛！'),
('comm084', 'mem055', 'post10', '2010.2.27.1.44', '10橘9肥 剩下的一隻正在肥'),
('comm085', 'mem022', 'post8', '2022.12.19.1.23', '嘎蹦脆'),
('comm086', 'mem056', 'post42', '2019.11.10.1.23', '牙齒不痛嗎 看了我都痛'),
('comm087', 'mem120', 'post44', '2010.9.8.18.54', '他口牙特好'),
('comm088', 'mem078', 'post38', '2021.10.27.3.60', '我還以為牙齒會斷掉'),
('comm089', 'mem101', 'post5', '2021.12.6.17.55', '沒事沒事 他牙齒很好'),
('comm090', 'mem066', 'post51', '2022.6.22.9.16', '換牙中，牙癢吧？'),
('comm091', 'mem133', 'post29', '2023.2.12.5.36', '兩歲的屁貓 牙應該都換過了吧'),
('comm092', 'mem160', 'post10', '2022.2.20.9.48', '超可愛的啦！！！！'),
('comm093', 'mem161', 'post8', '2019.5.20.3.14', '天啊！！！好想摸'),
('comm094', 'mem153', 'post42', '2021.10.27.3.60', '那肉球光滑柔軟又Q彈?'),
('comm095', 'mem163', 'post44', '2021.12.6.17.55', '太可愛了吧'),
('comm096', 'mem074', 'post38', '2022.6.22.9.16', 'X達出奇盒'),
('comm097', 'mem068', 'post5', '2021.10.27.3.60', '貓咪是不是想咬盒子再蓋回去笑鼠'),
('comm098', 'mem072', 'post51', '2021.12.6.17.55', '薛丁格貓'),
('comm099', 'mem145', 'post29', '2022.6.22.9.17', '寶貝我把自己當成禮物送給你'),
('comm100', 'mem104', 'post10', '2022.6.22.9.18', '好可愛'),
('comm101', 'mem082', 'post112', '2024.2.27.19.59', '吃太快了 一次不要餵太多，少量多餐。'),
('comm102', 'mem025', 'post113', '2013.6.24.7.41', '想了解看看！'),
('comm103', 'mem154', 'post113', '2012.10.26.11.23', '請問要怎麼聯絡你'),
('comm104', 'mem077', 'post116', '2019.7.10.13.35', '動保法應該直接正名為「外來入侵種貓狗保護法」毛腦沒資格用「動物保護法」來運作'),
('comm105', 'mem080', 'post116', '2019.6.4.12.50', '應該正名 賺錢團體保護法'),
('comm106', 'mem191', 'post116', '2015.8.7.10.5', '或是直接更改為「可愛貓狗其他都去死保護法」也沒有問題ㄛ'),
('comm107', 'mem010', 'post116', '2024.11.5.17.29', '某層面來說貓狗也是受害者 可惡的是那些貓狗協會和假愛心人士'),
('comm108', 'mem168', 'post116', '2011.6.11.18.34', '你吐槽的點怪到我不知道該如何留言了'),
('comm109', 'mem083', 'post116', '2017.3.10.20.12', '你覺得怪的點是？'),
('comm110', 'mem185', 'post116', '2015.12.26.15.52', '那幾個新聞我都記得。 但用動保法是他們的命而換來的這個說法也太微妙了。動保法的推動本身目的也不是減少人狗衝突，而是動物保護，以仁道方式處理貓狗問題。（而會有這些主要是76年解嚴後，被社會國際氛圍主流影響以及民主自由的關係，台灣不能再用過去會被認為野蠻的方式去處理那些原本民眾看不到的事情）並以此為基礎進行大型犬隻撲殺作業，因為有這麼法，收容所也可以有經費採用藥劑安樂而非更加野蠻的如溺死、活埋、甚至請士兵射殺的方式處理。在動保法設立以前、收容所就有其他的方式處理流浪動物了。'),
('comm111', 'mem026', 'post116', '2016.9.13.8.20', '也搞不懂問題在哪，就是後續追蹤流浪犬隻，很多甚至最近就有案例一個愛媽從新竹亂丟流浪狗十幾隻到基隆去。要是有植晶片很簡單就可以追蹤不到突然冒出來的流浪狗是怎麼出現的。 你們想要的解決方式，還不如直接講你們想要積極推動有安樂死。'),
('comm112', 'mem087', 'post117', '2015.1.6.3.47', '推薦馬鈴薯沙發！光雞肉底我家就吃的嚇嚇叫了'),
('comm113', 'mem016', 'post117', '2019.9.12.11.18', '可以買貪貪啊 蠻讚的'),
('comm114', 'mem123', 'post117', '2019.5.24.16.42', '肉球推 好味家真的蠻天然的 但不知為何貓不愛 最近新出的半濕食罐頭願意吃 但也吃一半 要混呀啊啊啊'),
('comm115', 'mem174', 'post117', '2024.3.14.14.39', '是肉球世界嗎～?? 我現在喂他們都不會吃完了? 明明真的很健康的說 聽說好像是味道太淡（？）'),
('comm116', 'mem121', 'post117', '2019.2.2.7.6', '毛湯圓煲湯罐推推！家裡是挑嘴貓，這次貓咪博覽會偶然嘗試到的新品牌，攤位滿多人的～可以試試看喔！'),
('comm117', 'mem149', 'post118', '2024.2.2.21.29', '有蛋蛋啊 公的'),
('comm118', 'mem030', 'post118', '2020.8.10.8.24', '是男生喔 有望成為小巨蛋'),
('comm119', 'mem073', 'post118', '2015.12.18.6.38', '牠是男生沒錯唷～ 有蛋蛋'),
('comm120', 'mem127', 'post118', '2020.5.17.9.27', '有蛋蛋烏魚子 也有根小水管 是帥勾無誤喔～～'),
('comm121', 'mem052', 'post121', '2022.5.26.13.21', '阿瑪粉+1??? 阿瑪周邊出了好多 不過藍色的倒是頭一次看見 Btw你們家貓貓好帥！'),
('comm122', 'mem033', 'post121', '2016.5.26.19.10', '你家貓超漂亮??可以多曬點嗎'),
('comm123', 'mem188', 'post121', '2021.3.21.10.14', '貓貓太可愛了！'),
('comm124', 'mem037', 'post122', '2012.4.26.14.26', '你可以買看看柳葉魚，我家的貓超喜歡，而且柳葉魚更大隻，我都剪刀剪一半，讓他慢慢咬'),
('comm125', 'mem171', 'post122', '2014.10.18.0.15', '開凍這名字真的很可愛欸 我會想為了包裝買XD'),
('comm126', 'mem089', 'post122', '2021.3.21.3.28', '你還切碎 很寵欸???'),
('comm127', 'mem009', 'post122', '2011.9.26.16.38', '不小的小魚乾~ 幸福的貓貓'),
('comm128', 'mem031', 'post122', '2016.12.4.22.11', '開凍聽起來真的很可愛 我覺得餓了'),
('comm129', 'mem099', 'post122', '2024.11.9.0.44', '寵物展我買個口味都有買一包 貓咪超愛!!'),
('comm130', 'mem199', 'post122', '2024.5.17.22.47', '謝謝分享 看官網口味也不少'),
('comm131', 'mem177', 'post123', '2011.7.13.21.43', '\r\n建議\r\n找一間全預約制的寵美，預約時段只洗你的狗狗，飼主可以在現場等，還可以看到的。\r\n最好是全手吹不進烘箱那種，有的除洗澡還可以增加選擇泡spa。\r\n\r\n洗過一次，你可以比較看看有沒有差異。\r\n\r\n我是不會覺得寵美負面很多,反而會覺得負面的更有新聞或發文討論度，我家貓通通是固定會送洗，其他家人的狗狗也是送洗，當然我們也有信任配合的寵美。\r\n我自己去的那間，我都要搶時間，我怎麼可能還介紹給網友....???'),
('comm132', 'mem014', 'post123', '2013.12.4.23.6', '我家的是偶爾在外面洗+美容，我覺得可以從狗狗回來的反應得知他喜不喜歡、適不適應那個地方和美容師，像我家狗狗以前洗完都會很疲倦，回來倒頭就睡，後來換一間他去和回都很開心，也沒有疲憊的感覺，這才知道原來狗狗去美容回來是可以有精神的，不然以前好像在哪看過說他們會被下藥美容，還真的心存懷疑?'),
('comm133', 'mem147', 'post123', '2021.12.21.8.25', '我都是找要預約的寵物美容店面，以前找過去了可以馬上洗的，但是很擔心還是一直在現場等，後來現在狗狗老了就在獸醫院附設寵物美容洗澡大修。 我家狗狗的膚質是偏乾燥，所以獸醫院美容師建議我用中藥浴藥洗，我也索性不買洗毛精了，每次去就是加五十元給他洗中藥浴。 真正愛狗的美容師會善待你的寵物，而且他們會很雞婆，會一直默默關心狗狗過得好不好，也會指導你如何照料。 我養的是瑪爾濟斯，老犬期開始後我讓他留長毛，也是美容師幫忙才有辦法照顧成這樣....成幼犬期是都剪短（也有自己洗剪），一直到家中狗狗去年暈倒心臟瓣膜斷裂，不能洗澡導致毛全打結，我才讓美容師把他的毛整個修短。 去年：'),
('comm134', 'mem182', 'post123', '2010.2.27.1.45', '個人是因為懶 長毛吹毛要吹超久 一律送外面給人洗 還有清耳朵 剪指甲 店家當然要慎選 google 評論也不能太相信 自己去感受一下 店家對狗狗的態度行為等等 還有狗狗洗完澡之後的狀態及反應'),
('comm135', 'mem129', 'post123', '2022.12.19.1.24', '擔心的話也可以找居家美容師 專業洗的真的有差'),
('comm136', 'mem170', 'post127', '2019.11.10.1.24', '填好囉'),
('comm137', 'mem150', 'post127', '2010.9.8.18.55', '幾歲以上可以填問卷？35歲可以嗎？'),
('comm138', 'mem140', 'post127', '2021.10.27.3.61', '不好意思 我們是從45歲開始'),
('comm139', 'mem162', 'post127', '2021.12.6.17.56', '還好有問，謝謝解答'),
('comm140', 'mem091', 'post127', '2022.6.22.9.17', '可惡 填到最後發現有年齡限制'),
('comm141', 'mem006', 'post128', '2023.2.12.5.37', '推推'),
('comm142', 'mem138', 'post128', '2022.2.20.9.49', '可以連原Po一起收嗎'),
('comm143', 'mem015', 'post128', '2019.5.20.3.15', '私，我在花蓮有房子可養'),
('comm144', 'mem063', 'post128', '2021.10.27.3.61', '說真的貓咪離開主人已經很不好適應了 打包貓砂機給接盤俠也不過分 不要再賺一手了吧'),
('comm145', 'mem061', 'post128', '2021.12.6.17.56', '抱歉看錯 但既然妳都沒辦法養她了，就把那些東西當嫁妝送出去吧'),
('comm146', 'mem111', 'post128', '2022.6.22.9.17', '健康狀況也要公開噢'),
('comm147', 'mem148', 'post129', '2021.10.27.3.61', '如果是我也會很氣'),
('comm148', 'mem116', 'post129', '2021.12.6.17.56', '雖然有點放錯重點但我想問為什麼要去做截尾手術.... 他會這樣會不會是希望你能多陪他一點多關心他一點呢'),
('comm149', 'mem051', 'post129', '2022.6.22.9.19', '他被家人夾到尾巴 所以才去做手術 但術後都還滿正常 現在幾乎快24小時陪他 因為我是在家工作者 只是個性跟以前不太一樣'),
('comm150', 'mem076', 'post129', '2022.6.22.9.20', '我家一直很黏人很愛玩但不愛吃 前陣子因為腳底感染酵母菌 吃抗生素、類固醇之類的 變得吃很多但又不太愛玩 自己待著～ 也因此體重變重了一點 感覺多少有因為吃藥的關係影響到 （醫生也有說多少會影響食慾跟活動，但沒有過敏或其他不舒服的反應都沒事） 吃零食 吃飯也都會靠近也是吃完就走 除了藥物的影響 可能也因為天天清潔擦藥不開心 撒嬌變得特定時間到才會比之前少很多 最近停藥了就開始會玩之前很愛的撿髮圈 也慢慢恢復到之前撒嬌的頻率～☺️'),
('comm151', 'mem167', 'post129', '2024.2.27.19.60', '太好了 ！謝謝您幫我解答??? 因為一直擔心他好不起來 又不知道怎麼幫他 一直稱讚他就算截尾還是隻帥氣的貓 也買了情緒穩定的營養食品要給他吃 期許他會越來越好！'),
('comm152', 'mem180', 'post129', '2013.6.24.7.42', '會好的?慢慢等他～ 我家也是停藥後慢慢恢復的☺️ 祝福妳的小貓健健康康！'),
('comm153', 'mem186', 'post164', '2012.10.26.11.24', '那個粉色肚肚'),
('comm154', 'mem139', 'post164', '2019.7.10.13.36', '粉紅肚肚太誘人'),
('comm155', 'mem143', 'post164', '2019.6.4.12.51', '我喜歡水珠滴在他脖子上的樣子'),
('comm156', 'mem094', 'post164', '2015.8.7.10.6', '這台飲水機看起來攝護腺不好'),
('comm157', 'mem156', 'post164', '2024.11.5.17.30', '之前確診時我家貓貓對我的清冠一號抱有極大興趣'),
('comm158', 'mem053', 'post164', '2011.6.11.18.35', '吶個肚肚太可愛了吧'),
('comm159', 'mem164', 'post185', '2017.3.10.20.13', '雙色肉球好可愛'),
('comm160', 'mem093', 'post185', '2015.12.26.15.53', '雙色肉球真的太香了，想吸'),
('comm161', 'mem013', 'post185', '2016.9.13.8.21', '速度太快，他被燙到了'),
('comm162', 'mem151', 'post185', '2015.1.6.3.48', '莫名好笑'),
('comm163', 'mem036', 'post185', '2019.9.12.11.19', '飛機耳'),
('comm164', 'mem134', 'post185', '2019.5.24.16.43', '超可愛'),
('comm165', 'mem032', 'post185', '2024.3.14.14.40', '咬你是給你面子'),
('comm166', 'mem165', 'post185', '2019.2.2.7.7', '面子超大? the 肥'),
('comm167', 'mem196', 'post185', '2024.2.2.21.30', '超可愛～～～'),
('comm168', 'mem044', 'post185', '2020.8.10.8.25', '這什麼鄙視人類的表情'),
('comm169', 'mem107', 'post191', '2015.12.18.6.39', '不說是腋下 還以為是那裡'),
('comm170', 'mem049', 'post191', '2020.5.17.9.28', '我在等他大力咬腋下 然後大叫 結果你給我看這個'),
('comm171', 'mem172', 'post191', '2022.5.26.13.22', '人家很溫柔的咬'),
('comm172', 'mem114', 'post191', '2016.5.26.19.11', '我也想舔貓貓'),
('comm173', 'mem067', 'post191', '2021.3.21.10.15', '接龍接起來'),
('comm174', 'mem084', 'post191', '2012.4.26.14.27', '我家貓咪也好這口'),
('comm175', 'mem110', 'post191', '2014.10.18.0.16', '真假，想看你家陶醉的樣子??，她昨晚一直貼在她老爸旁邊聞'),
('comm176', 'mem004', 'post191', '2021.3.21.3.29', '腋下有點難自己拍 手臂倒可以'),
('comm177', 'mem124', 'post191', '2011.9.26.16.39', '喔摸好可愛☺️'),
('comm178', 'mem159', 'post191', '2016.12.4.22.12', '衣服好可愛！'),
('comm179', 'mem193', 'post191', '2024.11.9.0.45', '剛換春裝?'),
('comm180', 'mem178', 'post191', '2024.5.17.22.48', '還好不是往ㄋㄟㄋㄟ咬'),
('comm181', 'mem141', 'post191', '2011.7.13.21.44', 'ㄋㄟ是另一隻兒子的專利，用踩的'),
('comm182', 'mem122', 'post191', '2013.12.4.23.7', '腋毛！'),
('comm183', 'mem112', 'post191', '2021.12.21.8.26', '腋毛很性感ㄝ！ 想當那隻貓'),
('comm184', 'mem002', 'post191', '2010.2.27.1.46', '老公表示：'),
('comm185', 'mem034', 'post180', '2022.12.19.1.25', '好漂亮的三花'),
('comm186', 'mem008', 'post180', '2019.11.10.1.25', '超漂亮的'),
('comm187', 'mem045', 'post180', '2010.9.8.18.56', '肚子超肥美'),
('comm188', 'mem024', 'post180', '2021.10.27.3.62', '大家都這麼說'),
('comm189', 'mem166', 'post180', '2021.12.6.17.57', '吐司本貓'),
('comm190', 'mem145', 'post180', '2022.6.22.9.18', '面對小貓咪人類父母總是有數不盡的耐心? 愛犬吃飯飯也要一口一口的喂? 一直彎著腰好酸手也好酸…可是他們值得'),
('comm191', 'mem104', 'post180', '2023.2.12.5.38', '其實養貓或狗都跟養小孩差不多，都是愛~'),
('comm192', 'mem082', 'post180', '2022.2.20.9.50', '他喝的是自來水嗎'),
('comm193', 'mem025', 'post180', '2019.5.20.3.16', '我煮過的水，用水瓢裝，因為他們會撥水，所以直接放浴室。'),
('comm194', 'mem154', 'post180', '2021.10.27.3.62', '口徑大的確蠻好喝的'),
('comm195', 'mem077', 'post180', '2021.12.6.17.57', '水瓢有手把握，很方便'),
('comm196', 'mem080', 'post180', '2022.6.22.9.18', '我家小貓咪喝水也會甩一下手手'),
('comm197', 'mem191', 'post180', '2021.10.27.3.62', '好可愛 為什麼會甩手手？'),
('comm198', 'mem113', 'post180', '2021.12.6.17.57', '靈動之舌'),
('comm199', 'mem103', 'post180', '2022.6.22.9.21', '貓貓的都差不多啦'),
('comm200', 'mem104', 'post180', '2022.6.22.9.22', '貓好像是比較喜歡喝流動的水（至少我家那隻是這樣');

-- --------------------------------------------------------

--
-- 資料表結構 `oder_info`
--

CREATE TABLE `oder_info` (
  `oder_id` varchar(11) CHARACTER SET utf8 COLLATE utf8_general_ci DEFAULT NULL,
  `account` varchar(20) CHARACTER SET utf8 COLLATE utf8_general_ci DEFAULT NULL,
  `oderTime` datetime DEFAULT NULL,
  `total` int(11) DEFAULT NULL,
  `payWay` varchar(10) CHARACTER SET utf8 COLLATE utf8_general_ci DEFAULT NULL,
  `receivedAdd` varchar(30) CHARACTER SET utf8 COLLATE utf8_general_ci DEFAULT NULL,
  `deliveryWay` varchar(10) CHARACTER SET utf8 COLLATE utf8_general_ci DEFAULT NULL,
  `shippingSatus` varchar(10) CHARACTER SET utf8 COLLATE utf8_general_ci DEFAULT NULL,
  `satusTime` datetime DEFAULT NULL
) ENGINE=InnoDB DEFAULT CHARSET=utf8mb4 COLLATE=utf8mb4_general_ci;

--
-- 傾印資料表的資料 `oder_info`
--

INSERT INTO `oder_info` (`oder_id`, `account`, `oderTime`, `total`, `payWay`, `receivedAdd`, `deliveryWay`, `shippingSatus`, `satusTime`) VALUES
('OD00001', 'kenneth9002', '2023-01-24 21:49:59', 2200, '貨到付款', '彰化縣埤頭鄉永興街51號', '宅配', '已領取', '2023-10-10 17:10:05'),
('OD00002', 'jeremiah6449', '2022-03-26 03:25:55', 3220, '信用卡', '彰化縣花壇鄉花南路98號之5', '超商取貨', '出貨中', '2023-10-10 18:10:05'),
('OD00003', 'eliana4407', '2023-01-24 18:54:31', 3220, '貨到付款', '臺南市六甲區九重橋61號6樓之13', '超商取貨', '待領取', '2023-10-10 19:10:05'),
('OD00004', 'jonathan804', '2023-07-20 10:11:25', 2200, '信用卡', '高雄市三民區德興街80號6樓', '超商取貨', '退貨中', '2023-10-10 20:10:05'),
('OD00005', 'harris9654', '2021-02-02 00:46:29', 580, '貨到付款', '臺北市大同區重慶北路3段72號', '超商取貨', '出貨中', '2023-10-10 21:10:05'),
('OD00006', 'caulfield1229', '2021-08-13 13:04:41', 2000, '信用卡', '高雄市橋頭區秀正路康樂巷63號3樓', '超商取貨', '出貨中', '2023-10-10 22:10:05'),
('OD00007', 'jonathan3852', '2023-01-24 21:18:39', 1775, '貨到付款', '屏東縣屏東市重慶路88號', '超商取貨', '出貨中', '2023-10-10 23:10:05'),
('OD00008', 'mcgowan6064', '2023-01-24 22:58:55', 2500, '信用卡', '臺北市大同區迪化街１段56號', '宅配', '出貨中', '2023-10-11 00:10:05'),
('OD00009', 'brenda5199', '2023-01-24 19:25:51', 940, '貨到付款', '宜蘭縣三星鄉尚健三路３段99號5樓之9', '宅配', '出貨中', '2023-10-11 01:10:05'),
('OD00010', 'raphael4878', '2023-01-24 22:46:23', 3500, '信用卡', '臺南市仁德區依仁二街39號之10', '宅配', '出貨中', '2023-10-11 02:10:05'),
('OD00011', 'nicholas9169', '2023-01-24 22:40:07', 1900, '貨到付款', '花蓮縣光復鄉華新街7號5樓', '超商取貨', '已領取', '2023-10-11 03:10:05'),
('OD00012', 'brookes4874', '2023-01-24 20:03:27', 2500, '信用卡', '新竹市北區田美三街66號', '宅配', '已領取', '2023-10-11 04:10:05'),
('OD00013', 'greg3604', '2022-06-30 09:35:01', 2200, '貨到付款', '新北市三重區忠孝路３段28號12樓', '超商取貨', '已領取', '2023-10-11 05:10:05'),
('OD00014', 'evans8482', '2023-01-24 17:51:51', 1700, '信用卡', '高雄市旗山區復新北街23號', '宅配', '已領取', '2023-10-11 06:10:05'),
('OD00015', 'pierre7189', '2021-07-12 11:01:39', 2100, '貨到付款', '南投縣國姓鄉建國街66號8樓', '宅配', '已領取', '2023-10-11 07:10:05'),
('OD00016', 'stewart6760', '2022-04-27 05:28:57', 1200, '信用卡', '新北市板橋區介壽街44號2樓', '宅配', '已領取', '2023-10-11 08:10:05'),
('OD00017', 'oliver263', '2023-01-24 23:11:27', 1800, '貨到付款', '高雄市旗山區東圳巷57號2樓之1', '宅配', '已領取', '2023-10-11 09:10:05'),
('OD00018', 'beverly1479', '2023-01-24 17:45:35', 780, '信用卡', '新竹縣芎林鄉文德一街96號', '宅配', '已領取', '2023-10-11 10:10:05'),
('OD00019', 'taylor9605', '2021-09-14 15:07:43', 3000, '信用卡', '花蓮縣花蓮市介林三街92號', '宅配', '出貨中', '2020-04-17 07:00:05'),
('OD00020', 'shields9016', '2023-01-24 17:20:31', 3220, '信用卡', '臺北市萬華區德昌街50號', '超商取貨', '待領取', '2019-12-12 03:35:05'),
('OD00021', 'james9678', '2023-01-24 21:06:07', 3220, '信用卡', '新北市中和區中山路２段33號之4', '宅配', '出貨中', '2020-04-17 07:00:05'),
('OD00022', 'duffy7700', '2022-01-20 23:19:51', 2500, '信用卡', '臺中市南屯區大昌街15號', '超商取貨', '已領取', '2018-07-21 13:55:05'),
('OD00023', 'young5264', '2023-02-09 23:56:15', 1775, '貨到付款', '桃園市中壢區復華十一街44號', '超商取貨', '已領取', '2018-07-21 13:55:05'),
('OD00024', 'peppernell6165', '2023-01-24 18:10:39', 580, '貨到付款', '宜蘭縣蘇澳鎮信義路22號', '宅配', '出貨中', '2026-10-28 14:50:51'),
('OD00025', 'abbadie834', '2023-01-24 19:44:39', 1000, '貨到付款', '新北市板橋區樂群路94號', '超商取貨', '出貨中', '2020-12-27 13:50:05'),
('OD00026', 'reed6955', '2023-01-24 22:52:39', 2500, '貨到付款', '彰化縣埔心鄉員鹿路４段10號6樓', '超商取貨', '出貨中', '2023-09-01 00:00:00'),
('OD00027', 'miranda2397', '2023-01-24 18:48:15', 1800, '信用卡', '臺中市西屯區河南路２段90號2樓', '宅配', '退貨中', '2021-05-03 17:15:05'),
('OD00028', 'pamela2639', '2023-01-24 22:27:35', 3000, '信用卡', '新竹縣竹北市國光街23號', '宅配', '已領取', '2029-11-30 17:03:44'),
('OD00029', 'barlow8368', '2023-01-24 18:23:11', 3500, '信用卡', '臺北市南港區同德路21號8樓', '宅配', '已領取', '2020-08-22 10:25:05'),
('OD00030', 'paul7470', '2023-01-24 18:04:23', 999, '貨到付款', '桃園市桃園區鎮江街71號12樓之15', '超商取貨', '已領取', '2021-05-03 17:15:05'),
('OD00031', 'lautner9348', '2023-01-24 20:15:59', 1900, '貨到付款', '高雄市小港區平和五路63號7樓之11', '宅配', '已領取', '2026-10-28 14:50:51'),
('OD00032', 'caitlin4056', '2022-11-05 17:47:09', 3220, '信用卡', '雲林縣斗南鎮福德街41號', '超商取貨', '出貨中', '2036-02-05 21:29:30'),
('OD00033', 'ward6135', '2020-06-22 10:25:15', 2200, '信用卡', '雲林縣斗六市久安東路76號', '超商取貨', '出貨中', '2021-05-03 17:15:05'),
('OD00034', 'nicole561', '2021-05-09 06:55:35', 3500, '貨到付款', '苗栗縣大湖鄉新開50號', '超商取貨', '出貨中', '2023-09-01 00:00:00'),
('OD00035', 'sigrid2788', '2023-01-24 20:28:31', 780, '信用卡', '臺南市新營區東泰八街98號之8', '超商取貨', '出貨中', '2021-05-03 17:15:05'),
('OD00036', 'peterson1457', '2021-12-19 21:16:49', 940, '貨到付款', '屏東縣東港鎮通明街94號', '超商取貨', '待領取', '2020-12-27 13:50:05'),
('OD00037', 'chiara8655', '2023-03-14 01:59:17', 2100, '貨到付款', '臺中市西區五權路79號', '宅配', '出貨中', '2026-10-28 14:50:51'),
('OD00038', 'doris778', '2023-01-24 18:35:43', 1000, '信用卡', '臺南市中西區中山路68號', '宅配', '待領取', '2018-07-21 13:55:05'),
('OD00039', 'williams6088', '2023-01-24 21:31:11', 580, '信用卡', '高雄市大樹區中興街市場巷30號之6', '宅配', '出貨中', '2018-07-21 13:55:05'),
('OD00040', 'ramos7777', '2023-01-24 20:34:47', 1000, '貨到付款', '桃園市八德區介壽路１段23號', '超商取貨', '已領取', '2023-09-01 00:00:00'),
('OD00041', 'nolan2011', '2020-03-18 04:16:09', 1900, '貨到付款', '臺北市大安區金山南路２段39號', '超商取貨', '出貨中', '2018-07-21 13:55:05'),
('OD00042', 'bagshawe8943', '2023-01-24 18:41:59', 940, '貨到付款', '彰化縣埔鹽鄉成功一路87號之9', '宅配', '出貨中', '2020-08-22 10:25:05'),
('OD00043', 'hart1010', '2023-01-24 18:29:27', 2200, '貨到付款', '基隆市中山區復興路25號12樓', '超商取貨', '退貨中', '2026-10-28 14:50:51'),
('OD00044', 'julie7828', '2023-01-24 17:26:47', 780, '貨到付款', '新北市五股區成洲六路99號8樓', '超商取貨', '出貨中', '2026-10-28 14:50:51'),
('OD00045', 'jackson8179', '2023-01-24 20:59:51', 2100, '貨到付款', '臺南市南區國華街１段82號', '宅配', '已領取', '2023-09-25 12:37:58'),
('OD00046', 'dennis4205', '2023-01-24 20:53:35', 580, '貨到付款', '彰化縣溪湖鎮彰水路４段42號之20', '宅配', '待領取', '2029-11-30 17:03:44'),
('OD00047', 'sarita6458', '2022-08-01 11:38:03', 1775, '信用卡', '高雄市橋頭區興樹路橫通巷19號', '超商取貨', '出貨中', '2018-11-25 17:20:05'),
('OD00048', 'mia9317', '2021-10-16 17:10:45', 1000, '貨到付款', '臺中市北區一心市場5號之3', '宅配', '出貨中', '2018-11-25 17:20:05'),
('OD00049', 'lily2922', '2023-01-24 21:12:23', 1200, '信用卡', '屏東縣高樹鄉拓林巷36號', '超商取貨', '待領取', '2026-10-28 14:50:51'),
('OD00050', 'lopez9773', '2022-12-07 19:50:11', 999, '貨到付款', '高雄市三民區鼎富路80號', '宅配', '出貨中', '2021-05-03 17:15:05'),
('OD00051', 'christensen7761', '2020-09-26 16:34:21', 1200, '貨到付款', '彰化縣員林市復興五街52號', '超商取貨', '出貨中', '2018-07-21 13:55:05'),
('OD00052', 'mark1524', '2023-01-24 22:08:47', 1700, '貨到付款', '南投縣南投市學府二街84號之1', '超商取貨', '待領取', '2023-09-01 00:00:00'),
('OD00053', 'cody9341', '2023-01-24 18:16:55', 1775, '貨到付款', '桃園市龍潭區民豐一街45號11樓', '宅配', '出貨中', '2020-08-22 10:25:05'),
('OD00054', 'jefferson1132', '2023-01-24 22:21:19', 1775, '貨到付款', '桃園市龜山區復興街金龍巷50號之17', '超商取貨', '出貨中', '2019-12-12 03:35:05'),
('OD00055', 'emily4739', '2022-09-02 13:41:05', 580, '貨到付款', '屏東縣枋寮鄉內寮一路14號之10', '超商取貨', '已領取', '2021-05-03 17:15:05'),
('OD00056', 'lia2517', '2022-02-22 01:22:53', 3000, '貨到付款', '新北市金山區潭子內20號', '宅配', '出貨中', '2020-12-27 13:50:05'),
('OD00057', 'mary1798', '2021-06-10 08:58:37', 1200, '貨到付款', '屏東縣南州鄉大同路43號2樓', '超商取貨', '待領取', '2018-07-21 13:55:05'),
('OD00058', 'gina4255', '2023-01-24 22:33:51', 1700, '信用卡', '桃園市平鎮區游泳路懷恩巷25號', '超商取貨', '已領取', '2018-07-21 13:55:05'),
('OD00059', 'emma8122', '2023-01-24 23:05:11', 999, '信用卡', '屏東縣屏東市信義路46號', '超商取貨', '已領取', '2023-09-01 00:00:00'),
('OD00060', 'mcmahon1355', '2021-04-07 04:52:33', 999, '信用卡', '高雄市林園區海墘路53號', '超商取貨', '已領取', '2033-01-02 19:16:37'),
('OD00061', 'hopper9988', '2023-01-24 17:33:03', 2500, '貨到付款', '苗栗縣後龍鎮永興路63號10樓', '超商取貨', '已領取', '2020-12-27 13:50:05'),
('OD00062', 'julian6216', '2020-04-19 06:19:11', 3500, '貨到付款', '高雄市新興區林森二路81號', '宅配', '出貨中', '2019-08-07 00:10:05'),
('OD00063', 'sutton3685', '2023-01-08 21:53:13', 1775, '貨到付款', '臺北市中山區松江路55號', '超商取貨', '已領取', '2018-11-25 17:20:05'),
('OD00064', 'gerson3679', '2023-01-24 20:47:19', 1700, '信用卡', '桃園市桃園區大業路１段24號', '宅配', '已領取', '2026-10-28 14:50:51'),
('OD00065', 'daisy6327', '2022-05-29 07:31:59', 1900, '信用卡', '澎湖縣馬公市光復路台電新村12號之14', '宅配', '待領取', '2021-05-03 17:15:05'),
('OD00066', 'alexia6958', '2021-03-06 02:49:31', 2000, '貨到付款', '雲林縣水林鄉文明東路68號', '超商取貨', '已領取', '2036-02-05 21:29:30'),
('OD00067', 'mark9204', '2023-01-24 19:57:11', 1200, '貨到付款', '臺南市中西區樹林街2段94號9樓之18', '宅配', '出貨中', '2023-09-01 00:00:00'),
('OD00068', 'gerard2078', '2023-01-24 22:02:31', 999, '信用卡', '雲林縣口湖鄉三民路81號', '宅配', '退貨中', '2026-10-28 14:50:51'),
('OD00069', 'edwards2379', '2023-01-24 21:43:43', 940, '信用卡', '基隆市中正區信三路72號7樓', '超商取貨', '出貨中', '2019-08-07 00:10:05'),
('OD00070', 'roy2881', '2023-09-22 14:17:29', 940, '信用卡', '臺北市北投區稻香路49號7樓', '超商取貨', '出貨中', '2033-01-02 19:16:37'),
('OD00071', 'carlos5925', '2023-01-24 17:58:07', 633, '貨到付款', '基隆市七堵區大華一路72號3樓', '超商取貨', '已領取', '2021-05-03 17:15:05'),
('OD00072', 'jeremy2122', '2023-01-24 19:50:55', 580, '貨到付款', '高雄市岡山區宏中街75號之6', '超商取貨', '出貨中', '2018-07-21 13:55:05'),
('OD00073', 'miller5305', '2020-11-29 20:40:25', 2000, '貨到付款', '桃園市八德區義勇街49號', '宅配', '已領取', '2020-12-27 13:50:05'),
('OD00074', 'duncan6395', '2020-05-21 08:22:13', 2200, '信用卡', '臺中市大甲區青年路25號', '超商取貨', '出貨中', '2019-04-01 20:45:05'),
('OD00075', 'victoria2314', '2020-08-25 14:31:19', 999, '信用卡', '宜蘭縣冬山鄉茄苳路89號', '宅配', '出貨中', '2020-04-17 07:00:05'),
('OD00076', 'hernandez2683', '2020-02-15 02:13:07', 2000, '貨到付款', '苗栗縣銅鑼鄉中隆一路27號', '超商取貨', '出貨中', '2020-12-27 13:50:05'),
('OD00077', 'anthony8133', '2023-06-18 08:08:23', 2200, '貨到付款', '桃園市中壢區民溪一路6號7樓', '宅配', '待領取', '2018-07-21 13:55:05'),
('OD00078', 'beverly7896', '2023-01-24 19:07:03', 2200, '信用卡', '桃園市中壢區河南一路18號', '超商取貨', '出貨中', '2026-10-28 14:50:51'),
('OD00079', 'carlos703', '2023-01-24 19:19:35', 3500, '信用卡', '南投縣草屯鎮中正路78號9樓', '宅配', '出貨中', '2029-11-30 17:03:44'),
('OD00080', 'susan4764', '2020-07-24 12:28:17', 780, '信用卡', '南投縣信義鄉檜木巷23號', '宅配', '出貨中', '2029-11-30 17:03:44'),
('OD00081', 'sarita110', '2023-01-24 19:38:23', 780, '信用卡', '宜蘭縣三星鄉林舍路58號10樓', '超商取貨', '退貨中', '2019-08-07 00:10:05'),
('OD00082', 'martin8889', '2023-01-24 21:56:15', 2000, '貨到付款', '花蓮縣鳳林鎮平善路7號12樓', '超商取貨', '出貨中', '2036-02-05 21:29:30'),
('OD00083', 'kubrick2412', '2020-10-28 18:37:23', 3220, '貨到付款', '臺南市學甲區忠孝路88號5樓', '宅配', '出貨中', '2020-12-27 13:50:05'),
('OD00084', 'foster5813', '2020-01-14 00:10:05', 2100, '貨到付款', '新北市新莊區明智街65號', '超商取貨', '出貨中', '2019-12-12 03:35:05'),
('OD00085', 'cox3429', '2023-01-24 19:00:47', 2200, '信用卡', '桃園市中壢區民權路95號', '超商取貨', '已領取', '2019-04-01 20:45:05'),
('OD00086', 'velazquez5014', '2023-01-24 21:37:27', 3000, '貨到付款', '嘉義市東區林森東路97號12樓', '超商取貨', '出貨中', '2019-04-01 20:45:05'),
('OD00087', 'kayla8709', '2023-01-24 20:41:03', 1800, '貨到付款', '桃園市平鎮區大勇街孝順巷50號4樓', '宅配', '出貨中', '2029-11-30 17:03:44'),
('OD00088', 'claire3969', '2023-01-24 17:39:19', 1800, '信用卡', '苗栗縣竹南鎮公北一路74號3樓', '宅配', '出貨中', '2026-10-28 14:50:51'),
('OD00089', 'ross5909', '2023-01-24 20:09:43', 1700, '貨到付款', '南投縣南投市彰南路１段68號11樓之6', '宅配', '出貨中', '2020-12-27 13:50:05'),
('OD00090', 'nolan6345', '2023-01-24 20:22:15', 1000, '貨到付款', '桃園市楊梅區梅高路85號', '宅配', '出貨中', '2010-04-13 12:59:19'),
('OD00091', 'glenn8915', '2023-08-21 12:14:27', 3000, '貨到付款', '臺中市大里區永隆三街24號之20', '超商取貨', '出貨中', '2023-09-01 00:00:00'),
('OD00092', 'frances6906', '2023-01-24 19:32:07', 789, '貨到付款', '臺中市南屯區新生東巷97號', '超商取貨', '出貨中', '2023-09-01 00:00:00'),
('OD00093', 'clive4446', '2021-11-17 19:13:47', 1800, '貨到付款', '臺南市玉井區吧哖西路5號', '超商取貨', '退貨中', '2033-01-02 19:16:37'),
('OD00094', 'gomez6252', '2022-10-04 15:44:07', 2200, '信用卡', '高雄市美濃區吉豐22號11樓', '超商取貨', '出貨中', '2018-07-21 13:55:05'),
('OD00095', 'gutierrez9757', '2023-05-17 06:05:21', 3000, '貨到付款', '桃園市觀音區工業八路27號', '宅配', '已領取', '2020-12-27 13:50:05'),
('OD00096', 'thompson1956', '2023-01-24 19:13:19', 2200, '信用卡', '臺北市萬華區漢中街86號4樓', '宅配', '退貨中', '2021-05-03 17:15:05'),
('OD00097', 'adrian6766', '2023-01-24 22:15:03', 1900, '信用卡', '宜蘭縣三星鄉中興六路83號', '超商取貨', '出貨中', '2023-09-01 00:00:00'),
('OD00098', 'kudrow8164', '2020-12-31 22:43:27', 1000, '貨到付款', '嘉義縣梅山鄉坪路65號', '宅配', '已領取', '2026-10-28 14:50:51'),
('OD00099', 'dax8301', '2023-04-15 04:02:19', 940, '貨到付款', '新竹市東區工業東三路95號', '超商取貨', '已領取', '2026-10-28 14:50:51'),
('OD00100', 'peters5996', '2023-01-24 21:24:55', 780, '信用卡', '臺南市左鎮區內庄85號10樓', '超商取貨', '出貨中', '2026-10-28 14:50:51'),
('OD00101', 'longoria2155', '2023-05-17 06:05:21', 3500, '貨到付款', '桃園市觀音區工業八路27號', '宅配', '已領取', '2021-09-07 20:40:05'),
('OD00102', 'bryan8107', '2023-01-24 19:13:19', 1775, '信用卡', '臺北市萬華區漢中街86號4樓', '宅配', '退貨中', '2022-01-13 00:05:05'),
('OD00103', 'gomez1077', '2023-01-24 22:15:03', 1700, '信用卡', '宜蘭縣三星鄉中興六路83號', '超商取貨', '出貨中', '2023-09-01 00:00:00'),
('OD00104', 'leland2714', '2020-12-31 22:43:27', 1900, '貨到付款', '嘉義縣梅山鄉坪路65號', '宅配', '已領取', '2026-10-28 14:50:51'),
('OD00105', 'beardsley8657', '2023-04-15 04:02:19', 2000, '貨到付款', '新竹市東區工業東三路95號', '超商取貨', '已領取', '2026-10-28 14:50:51'),
('OD00106', 'sanders7830', '2023-01-24 21:24:55', 1200, '信用卡', '臺南市左鎮區內庄85號10樓', '超商取貨', '出貨中', '2026-10-28 14:50:51'),
('OD00107', 'everett1860', '2023-05-17 06:05:21', 999, '貨到付款', '桃園市觀音區工業八路27號', '宅配', '已領取', '2022-05-20 03:30:05'),
('OD00108', 'green8355', '2023-01-24 19:13:19', 300, '信用卡', '臺北市萬華區漢中街86號4樓', '宅配', '退貨中', '2022-09-24 06:55:05'),
('OD00109', 'rose8737', '2023-01-24 22:15:03', 280, '信用卡', '宜蘭縣三星鄉中興六路83號', '超商取貨', '出貨中', '2023-09-01 00:00:00'),
('OD00110', 'gary616', '2023-01-24 19:00:47', 1080, '信用卡', '桃園市中壢區民權路95號', '超商取貨', '已領取', '2019-04-01 20:45:05'),
('OD00111', 'stephen7779', '2023-01-24 21:37:27', 1031, '貨到付款', '嘉義市東區林森東路97號12樓', '超商取貨', '出貨中', '2019-04-01 20:45:05'),
('OD00112', 'carey3435', '2023-01-24 20:41:03', 982, '貨到付款', '桃園市平鎮區大勇街孝順巷50號4樓', '宅配', '出貨中', '2029-11-30 17:03:44'),
('OD00113', 'blaine2403', '2023-01-24 17:39:19', 934, '信用卡', '苗栗縣竹南鎮公北一路74號3樓', '宅配', '出貨中', '2026-10-28 14:50:51'),
('OD00114', 'beardsley2937', '2023-01-24 20:09:43', 885, '貨到付款', '南投縣南投市彰南路１段68號11樓之7', '宅配', '出貨中', '2020-12-27 13:50:05'),
('OD00115', 'jensen862', '2023-01-24 20:22:15', 837, '貨到付款', '桃園市楊梅區梅高路85號', '宅配', '出貨中', '2010-04-13 12:59:19'),
('OD00116', 'gina7357', '2023-08-21 12:14:27', 788, '貨到付款', '臺中市大里區永隆三街24號之21', '超商取貨', '出貨中', '2023-09-01 00:00:00'),
('OD00117', 'jonathan4225', '2023-01-24 19:32:07', 740, '貨到付款', '臺中市南屯區新生東巷97號', '超商取貨', '出貨中', '2023-09-01 00:00:00'),
('OD00118', 'thomas4917', '2021-11-17 19:13:47', 691, '貨到付款', '臺南市玉井區吧哖西路5號', '超商取貨', '退貨中', '2033-01-02 19:16:37'),
('OD00119', 'murphy8627', '2022-10-04 15:44:07', 643, '信用卡', '高雄市美濃區吉豐22號11樓', '超商取貨', '出貨中', '2018-07-21 13:55:05'),
('OD00120', 'jarrod7161', '2023-05-17 06:05:21', 594, '貨到付款', '桃園市觀音區工業八路27號', '宅配', '已領取', '2020-12-27 13:50:05'),
('OD00121', 'oscar8155', '2023-01-24 19:13:19', 546, '信用卡', '臺北市萬華區漢中街86號4樓', '宅配', '退貨中', '2021-05-03 17:15:05'),
('OD00122', 'mallette9820', '2023-01-24 22:15:03', 497, '信用卡', '宜蘭縣三星鄉中興六路83號', '超商取貨', '出貨中', '2023-09-01 00:00:00'),
('OD00123', 'hayden8588', '2020-12-31 22:43:27', 449, '貨到付款', '嘉義縣梅山鄉坪路65號', '宅配', '已領取', '2026-10-28 14:50:51'),
('OD00124', 'walker5779', '2023-04-15 04:02:19', 400, '貨到付款', '新竹市東區工業東三路95號', '超商取貨', '已領取', '2026-10-28 14:50:51'),
('OD00125', 'janice5476', '2023-01-24 21:24:55', 351, '信用卡', '臺南市左鎮區內庄85號10樓', '超商取貨', '出貨中', '2026-10-28 14:50:51'),
('OD00126', 'haye7907', '2023-05-17 06:05:21', 303, '貨到付款', '桃園市觀音區工業八路27號', '宅配', '已領取', '2021-09-07 20:40:05'),
('OD00127', 'philip2303', '2023-01-24 19:13:19', 254, '信用卡', '臺北市萬華區漢中街86號4樓', '宅配', '退貨中', '2022-01-13 00:05:05'),
('OD00128', 'finley3981', '2023-01-24 22:15:03', 206, '信用卡', '宜蘭縣三星鄉中興六路83號', '超商取貨', '出貨中', '2023-09-01 00:00:00'),
('OD00129', 'pavel4451', '2020-12-31 22:43:27', 157, '貨到付款', '嘉義縣梅山鄉坪路65號', '宅配', '已領取', '2026-10-28 14:50:51'),
('OD00130', 'lucy2431', '2023-04-15 04:02:19', 109, '貨到付款', '新竹市東區工業東三路95號', '超商取貨', '已領取', '2026-10-28 14:50:51'),
('OD00131', 'chavez6149', '2023-01-24 21:24:55', 60, '信用卡', '臺南市左鎮區內庄85號10樓', '超商取貨', '出貨中', '2026-10-28 14:50:51'),
('OD00132', 'andrew8448', '2023-05-17 06:05:21', 12, '貨到付款', '桃園市觀音區工業八路27號', '宅配', '已領取', '2022-05-20 03:30:05'),
('OD00133', 'carlisle2834', '2023-01-24 19:13:19', -37, '信用卡', '臺北市萬華區漢中街86號4樓', '宅配', '退貨中', '2022-09-24 06:55:05'),
('OD00134', 'gunter1837', '2023-01-24 22:15:03', -85, '信用卡', '宜蘭縣三星鄉中興六路83號', '超商取貨', '出貨中', '2023-09-01 00:00:00'),
('OD00135', 'lewis5678', '2023-01-24 19:00:47', -134, '信用卡', '桃園市中壢區民權路95號', '超商取貨', '已領取', '2019-04-01 20:45:05'),
('OD00136', 'austin3228', '2023-01-24 21:37:27', -182, '貨到付款', '嘉義市東區林森東路97號12樓', '超商取貨', '出貨中', '2019-04-01 20:45:05'),
('OD00137', 'charles9855', '2023-01-24 20:41:03', -231, '貨到付款', '桃園市平鎮區大勇街孝順巷50號4樓', '宅配', '出貨中', '2029-11-30 17:03:44'),
('OD00138', 'whalen4372', '2023-01-24 17:39:19', -280, '信用卡', '苗栗縣竹南鎮公北一路74號3樓', '宅配', '出貨中', '2026-10-28 14:50:51'),
('OD00139', 'vanessa7664', '2023-01-24 20:09:43', -328, '貨到付款', '南投縣南投市彰南路１段68號11樓之8', '宅配', '出貨中', '2020-12-27 13:50:05'),
('OD00140', 'pavel6948', '2023-01-24 20:22:15', -377, '貨到付款', '桃園市楊梅區梅高路85號', '宅配', '出貨中', '2010-04-13 12:59:19'),
('OD00141', 'gutierrez5111', '2023-08-21 12:14:27', -425, '貨到付款', '臺中市大里區永隆三街24號之22', '超商取貨', '出貨中', '2023-09-01 00:00:00'),
('OD00142', 'doris5968', '2023-01-24 19:32:07', -474, '貨到付款', '臺中市南屯區新生東巷97號', '超商取貨', '出貨中', '2023-09-01 00:00:00'),
('OD00143', 'rodney8748', '2021-11-17 19:13:47', -522, '貨到付款', '臺南市玉井區吧哖西路5號', '超商取貨', '退貨中', '2033-01-02 19:16:37'),
('OD00144', 'rebecca6116', '2022-10-04 15:44:07', -571, '信用卡', '高雄市美濃區吉豐22號11樓', '超商取貨', '出貨中', '2018-07-21 13:55:05'),
('OD00145', 'irene2671', '2023-05-17 06:05:21', -619, '貨到付款', '桃園市觀音區工業八路27號', '宅配', '已領取', '2020-12-27 13:50:05'),
('OD00146', 'calder2528', '2023-01-24 19:13:19', -668, '信用卡', '臺北市萬華區漢中街86號4樓', '宅配', '退貨中', '2021-05-03 17:15:05'),
('OD00147', 'graham6634', '2023-01-24 22:15:03', -716, '信用卡', '宜蘭縣三星鄉中興六路83號', '超商取貨', '出貨中', '2023-09-01 00:00:00'),
('OD00148', 'thomas5898', '2020-12-31 22:43:27', -765, '貨到付款', '嘉義縣梅山鄉坪路65號', '宅配', '已領取', '2026-10-28 14:50:51'),
('OD00149', 'betty4849', '2023-04-15 04:02:19', -813, '貨到付款', '新竹市東區工業東三路95號', '超商取貨', '已領取', '2026-10-28 14:50:51'),
('OD00150', 'liya391', '2023-01-24 21:24:55', -862, '信用卡', '臺南市左鎮區內庄85號10樓', '超商取貨', '出貨中', '2026-10-28 14:50:51'),
('OD00151', 'jefferson5168', '2023-05-17 06:05:21', -911, '貨到付款', '桃園市觀音區工業八路27號', '宅配', '已領取', '2021-09-07 20:40:05'),
('OD00152', 'jesse7796', '2023-01-24 19:13:19', -959, '信用卡', '臺北市萬華區漢中街86號4樓', '宅配', '退貨中', '2022-01-13 00:05:05'),
('OD00153', 'longoria7141', '2023-01-24 22:15:03', -1008, '信用卡', '宜蘭縣三星鄉中興六路83號', '超商取貨', '出貨中', '2023-09-01 00:00:00'),
('OD00154', 'paula7763', '2020-12-31 22:43:27', -1056, '貨到付款', '嘉義縣梅山鄉坪路65號', '宅配', '已領取', '2026-10-28 14:50:51'),
('OD00155', 'harrison9339', '2023-04-15 04:02:19', -1105, '貨到付款', '新竹市東區工業東三路95號', '超商取貨', '已領取', '2026-10-28 14:50:51'),
('OD00156', 'bledel3130', '2023-01-24 21:24:55', -1153, '信用卡', '臺南市左鎮區內庄85號10樓', '超商取貨', '出貨中', '2026-10-28 14:50:51'),
('OD00157', 'graham7949', '2023-05-17 06:05:21', -1202, '貨到付款', '桃園市觀音區工業八路27號', '宅配', '已領取', '2022-05-20 03:30:05'),
('OD00158', 'walton3046', '2023-01-24 19:13:19', -1250, '信用卡', '臺北市萬華區漢中街86號4樓', '宅配', '退貨中', '2022-09-24 06:55:05'),
('OD00159', 'randolph6308', '2023-01-24 22:15:03', -1299, '信用卡', '宜蘭縣三星鄉中興六路83號', '超商取貨', '出貨中', '2023-09-01 00:00:00'),
('OD00160', 'cheryl434', '2023-01-24 19:00:47', -1347, '信用卡', '桃園市中壢區民權路95號', '超商取貨', '已領取', '2019-04-01 20:45:05'),
('OD00161', 'selina142', '2023-01-24 21:37:27', -1396, '貨到付款', '嘉義市東區林森東路97號12樓', '超商取貨', '出貨中', '2019-04-01 20:45:05'),
('OD00162', 'joan6152', '2023-01-24 20:41:03', -1444, '貨到付款', '桃園市平鎮區大勇街孝順巷50號4樓', '宅配', '出貨中', '2029-11-30 17:03:44'),
('OD00163', 'jeffries8756', '2023-01-24 17:39:19', -1493, '信用卡', '苗栗縣竹南鎮公北一路74號3樓', '宅配', '出貨中', '2026-10-28 14:50:51'),
('OD00164', 'vicky8074', '2023-01-24 20:09:43', -1542, '貨到付款', '南投縣南投市彰南路１段68號11樓之9', '宅配', '出貨中', '2020-12-27 13:50:05'),
('OD00165', 'brian9417', '2023-01-24 20:22:15', -1590, '貨到付款', '桃園市楊梅區梅高路85號', '宅配', '出貨中', '2010-04-13 12:59:19'),
('OD00166', 'reed9245', '2023-08-21 12:14:27', -1639, '貨到付款', '臺中市大里區永隆三街24號之23', '超商取貨', '出貨中', '2023-09-01 00:00:00'),
('OD00167', 'arnold6951', '2023-01-24 19:32:07', -1687, '貨到付款', '臺中市南屯區新生東巷97號', '超商取貨', '出貨中', '2023-09-01 00:00:00'),
('OD00168', 'vives8885', '2021-11-17 19:13:47', -1736, '貨到付款', '臺南市玉井區吧哖西路5號', '超商取貨', '退貨中', '2033-01-02 19:16:37'),
('OD00169', 'judy2976', '2022-10-04 15:44:07', -1784, '信用卡', '高雄市美濃區吉豐22號11樓', '超商取貨', '出貨中', '2018-07-21 13:55:05'),
('OD00170', 'breslin3541', '2023-05-17 06:05:21', -1833, '貨到付款', '桃園市觀音區工業八路27號', '宅配', '已領取', '2020-12-27 13:50:05'),
('OD00171', 'pitcher4602', '2023-01-24 19:13:19', -1881, '信用卡', '臺北市萬華區漢中街86號4樓', '宅配', '退貨中', '2021-05-03 17:15:05'),
('OD00172', 'leonard9576', '2023-01-24 22:15:03', -1930, '信用卡', '宜蘭縣三星鄉中興六路83號', '超商取貨', '出貨中', '2023-09-01 00:00:00'),
('OD00173', 'blaine5796', '2020-12-31 22:43:27', -1978, '貨到付款', '嘉義縣梅山鄉坪路65號', '宅配', '已領取', '2026-10-28 14:50:51'),
('OD00174', 'jimenez6690', '2023-04-15 04:02:19', -2027, '貨到付款', '新竹市東區工業東三路95號', '超商取貨', '已領取', '2026-10-28 14:50:51'),
('OD00175', 'caitlin2414', '2023-01-24 21:24:55', -2075, '信用卡', '臺南市左鎮區內庄85號10樓', '超商取貨', '出貨中', '2026-10-28 14:50:51'),
('OD00176', 'catherine7268', '2023-05-17 06:05:21', -2124, '貨到付款', '桃園市觀音區工業八路27號', '宅配', '已領取', '2021-09-07 20:40:05'),
('OD00177', 'chris8394', '2023-01-24 19:13:19', -2173, '信用卡', '臺北市萬華區漢中街86號4樓', '宅配', '退貨中', '2022-01-13 00:05:05'),
('OD00178', 'lena471', '2023-01-24 22:15:03', -2221, '信用卡', '宜蘭縣三星鄉中興六路83號', '超商取貨', '出貨中', '2023-09-01 00:00:00'),
('OD00179', 'rebecca2614', '2020-12-31 22:43:27', -2270, '貨到付款', '嘉義縣梅山鄉坪路65號', '宅配', '已領取', '2026-10-28 14:50:51'),
('OD00180', 'percy2063', '2023-04-15 04:02:19', -2318, '貨到付款', '新竹市東區工業東三路95號', '超商取貨', '已領取', '2026-10-28 14:50:51'),
('OD00181', 'mikayla4509', '2023-01-24 21:24:55', -2367, '信用卡', '臺南市左鎮區內庄85號10樓', '超商取貨', '出貨中', '2026-10-28 14:50:51'),
('OD00182', 'larry1957', '2023-05-17 06:05:21', -2415, '貨到付款', '桃園市觀音區工業八路27號', '宅配', '已領取', '2022-05-20 03:30:05'),
('OD00183', 'bolton6282', '2023-01-24 19:13:19', -2464, '信用卡', '臺北市萬華區漢中街86號4樓', '宅配', '退貨中', '2022-09-24 06:55:05'),
('OD00184', 'lia984', '2023-01-24 22:15:03', -2512, '信用卡', '宜蘭縣三星鄉中興六路83號', '超商取貨', '出貨中', '2023-09-01 00:00:00'),
('OD00185', 'hillary7006', '2023-01-24 19:00:47', -2561, '信用卡', '桃園市中壢區民權路95號', '超商取貨', '已領取', '2019-04-01 20:45:05'),
('OD00186', 'patel9349', '2023-01-24 21:37:27', -2609, '貨到付款', '嘉義市東區林森東路97號12樓', '超商取貨', '出貨中', '2019-04-01 20:45:05'),
('OD00187', 'abigail3078', '2023-01-24 20:41:03', -2658, '貨到付款', '桃園市平鎮區大勇街孝順巷50號4樓', '宅配', '出貨中', '2029-11-30 17:03:44'),
('OD00188', 'kayla6544', '2023-01-24 17:39:19', -2706, '信用卡', '苗栗縣竹南鎮公北一路74號3樓', '宅配', '出貨中', '2026-10-28 14:50:51'),
('OD00189', 'farmiga917', '2023-01-24 20:09:43', -2755, '貨到付款', '南投縣南投市彰南路１段68號11樓之10', '宅配', '出貨中', '2020-12-27 13:50:05'),
('OD00190', 'leslie6457', '2023-01-24 20:22:15', -2804, '貨到付款', '桃園市楊梅區梅高路85號', '宅配', '出貨中', '2010-04-13 12:59:19'),
('OD00191', 'mike588', '2023-08-21 12:14:27', -2852, '貨到付款', '臺中市大里區永隆三街24號之24', '超商取貨', '出貨中', '2023-09-01 00:00:00'),
('OD00192', 'caleb3475', '2023-01-24 19:32:07', -2901, '貨到付款', '臺中市南屯區新生東巷97號', '超商取貨', '出貨中', '2023-09-01 00:00:00'),
('OD00193', 'stewart4329', '2021-11-17 19:13:47', -2949, '貨到付款', '臺南市玉井區吧哖西路5號', '超商取貨', '退貨中', '2033-01-02 19:16:37'),
('OD00194', 'miguel6715', '2022-10-04 15:44:07', -2998, '信用卡', '高雄市美濃區吉豐22號11樓', '超商取貨', '出貨中', '2018-07-21 13:55:05'),
('OD00195', 'brooke7379', '2023-05-17 06:05:21', -3046, '貨到付款', '桃園市觀音區工業八路27號', '宅配', '已領取', '2020-12-27 13:50:05'),
('OD00196', 'aletta1022', '2023-01-24 19:13:19', -3095, '信用卡', '臺北市萬華區漢中街86號4樓', '宅配', '退貨中', '2021-05-03 17:15:05'),
('OD00197', 'dan8454', '2023-01-24 22:15:03', -3143, '信用卡', '宜蘭縣三星鄉中興六路83號', '超商取貨', '出貨中', '2023-09-01 00:00:00'),
('OD00198', 'wonka5858', '2020-12-31 22:43:27', -3192, '貨到付款', '嘉義縣梅山鄉坪路65號', '宅配', '已領取', '2026-10-28 14:50:51'),
('OD00199', 'jose3647', '2023-04-15 04:02:19', -3240, '貨到付款', '新竹市東區工業東三路95號', '超商取貨', '已領取', '2026-10-28 14:50:51'),
('OD00200', 'eric9667', '2023-01-24 21:24:55', -3289, '信用卡', '臺南市左鎮區內庄85號10樓', '超商取貨', '出貨中', '2026-10-28 14:50:51'),
('OD00201', 'c1228878', '2023-05-17 06:05:21', -3337, '貨到付款', '桃園市觀音區工業八路27號', '宅配', '已領取', '2021-09-07 20:40:05');

-- --------------------------------------------------------

--
-- 資料表結構 `oder_info_child`
--

CREATE TABLE `oder_info_child` (
  `oderDetail_id` varchar(10) CHARACTER SET utf8 COLLATE utf8_general_ci DEFAULT NULL,
  `oder_id` varchar(10) CHARACTER SET utf8 COLLATE utf8_general_ci DEFAULT NULL,
  `product_id` varchar(10) CHARACTER SET utf8 COLLATE utf8_general_ci DEFAULT NULL,
  `currentPrice` int(11) DEFAULT NULL,
  `actualAmount` int(11) DEFAULT NULL
) ENGINE=InnoDB DEFAULT CHARSET=utf8mb4 COLLATE=utf8mb4_general_ci;

--
-- 傾印資料表的資料 `oder_info_child`
--

INSERT INTO `oder_info_child` (`oderDetail_id`, `oder_id`, `product_id`, `currentPrice`, `actualAmount`) VALUES
('ODTL00001', 'OD00001', 'PD00023', 100, 4),
('ODTL00002', 'OD00001', 'PD00032', 100, 7),
('ODTL00003', 'OD00001', 'PD00052', 440, 2),
('ODTL00004', 'OD00001', 'PD00061', 660, 3),
('ODTL00005', 'OD00001', 'PD00031', 550, 2),
('ODTL00006', 'OD00002', 'PD00013', 660, 5),
('ODTL00007', 'OD00002', 'PD00084', 1750, 4),
('ODTL00008', 'OD00002', 'PD00063', 2200, 1),
('ODTL00009', 'OD00002', 'PD00122', 850, 2),
('ODTL00010', 'OD00002', 'PD00202', 2150, 5),
('ODTL00011', 'OD00002', 'PD00015', 320, 4),
('ODTL00012', 'OD00002', 'PD00021', 170, 2),
('ODTL00013', 'OD00003', 'PD00125', 660, 1),
('ODTL00014', 'OD00003', 'PD00134', 360, 2),
('ODTL00015', 'OD00003', 'PD00143', 110, 7),
('ODTL00016', 'OD00003', 'PD00154', 1080, 1),
('ODTL00017', 'OD00003', 'PD00010', 1032, 1),
('ODTL00018', 'OD00003', 'PD00019', 360, 2),
('ODTL00019', 'OD00004', 'PD00137', 1032, 4),
('ODTL00020', 'OD00004', 'PD00119', 360, 3),
('ODTL00021', 'OD00004', 'PD00069', 45, 4),
('ODTL00022', 'OD00004', 'PD00051', 450, 2),
('ODTL00023', 'OD00004', 'PD00031', 3780, 4),
('ODTL00024', 'OD00004', 'PD00013', 1320, 1),
('ODTL00025', 'OD00005', 'PD00068', 1250, 5),
('ODTL00026', 'OD00005', 'PD00136', 650, 7),
('ODTL00027', 'OD00005', 'PD00174', 280, 3),
('ODTL00028', 'OD00005', 'PD00012', 390, 5),
('ODTL00029', 'OD00005', 'PD00050', 360, 5),
('ODTL00030', 'OD00005', 'PD00118', 768, 2),
('ODTL00031', 'OD00006', 'PD00020', 3240, 4),
('ODTL00032', 'OD00006', 'PD00029', 650, 7),
('ODTL00033', 'OD00006', 'PD00049', 699, 2),
('ODTL00034', 'OD00006', 'PD00058', 750, 6),
('ODTL00035', 'OD00006', 'PD00067', 650, 6),
('ODTL00036', 'OD00007', 'PD00011', 1032, 1),
('ODTL00037', 'OD00007', 'PD00020', 360, 1),
('ODTL00038', 'OD00007', 'PD00029', 45, 3),
('ODTL00039', 'OD00007', 'PD00049', 450, 1),
('ODTL00040', 'OD00007', 'PD00058', 3780, 7),
('ODTL00041', 'OD00007', 'PD00067', 1320, 5),
('ODTL00042', 'OD00008', 'PD00117', 1250, 7),
('ODTL00043', 'OD00008', 'PD00126', 650, 3),
('ODTL00044', 'OD00008', 'PD00135', 280, 7),
('ODTL00045', 'OD00009', 'PD00131', 650, 2),
('ODTL00046', 'OD00009', 'PD00024', 516, 3),
('ODTL00047', 'OD00009', 'PD00081', 750, 4),
('ODTL00048', 'OD00009', 'PD00085', 680, 6),
('ODTL00049', 'OD00010', 'PD00037', 770, 4),
('ODTL00050', 'OD00010', 'PD00048', 499, 3),
('ODTL00051', 'OD00010', 'PD00057', 1320, 4),
('ODTL00052', 'OD00010', 'PD00066', 4280, 1),
('ODTL00053', 'OD00010', 'PD00075', 280, 2),
('ODTL00054', 'OD00010', 'PD00116', 1250, 5),
('ODTL00055', 'OD00010', 'PD00125', 660, 7),
('ODTL00056', 'OD00010', 'PD00134', 360, 7),
('ODTL00057', 'OD00010', 'PD00143', 110, 3),
('ODTL00058', 'OD00010', 'PD00154', 1080, 3),
('ODTL00059', 'OD00010', 'PD00163', 850, 3),
('ODTL00060', 'OD00011', 'PD00023', 100, 3),
('ODTL00061', 'OD00011', 'PD00032', 100, 6),
('ODTL00062', 'OD00011', 'PD00052', 440, 2),
('ODTL00063', 'OD00011', 'PD00061', 660, 7),
('ODTL00064', 'OD00011', 'PD00031', 550, 5),
('ODTL00065', 'OD00012', 'PD00013', 660, 3),
('ODTL00066', 'OD00012', 'PD00084', 1750, 2),
('ODTL00067', 'OD00012', 'PD00063', 2200, 4),
('ODTL00068', 'OD00012', 'PD00122', 850, 4),
('ODTL00069', 'OD00012', 'PD00202', 2150, 5),
('ODTL00070', 'OD00012', 'PD00015', 320, 1),
('ODTL00071', 'OD00012', 'PD00021', 170, 6),
('ODTL00072', 'OD00013', 'PD00125', 660, 5),
('ODTL00073', 'OD00013', 'PD00134', 360, 4),
('ODTL00074', 'OD00013', 'PD00143', 110, 3),
('ODTL00075', 'OD00013', 'PD00154', 1080, 2),
('ODTL00076', 'OD00013', 'PD00010', 1032, 2),
('ODTL00077', 'OD00013', 'PD00019', 360, 3),
('ODTL00078', 'OD00014', 'PD00137', 1032, 5),
('ODTL00079', 'OD00014', 'PD00119', 360, 5),
('ODTL00080', 'OD00014', 'PD00069', 45, 5),
('ODTL00081', 'OD00014', 'PD00051', 450, 2),
('ODTL00082', 'OD00014', 'PD00031', 3780, 5),
('ODTL00083', 'OD00014', 'PD00013', 1320, 5),
('ODTL00084', 'OD00015', 'PD00068', 1250, 3),
('ODTL00085', 'OD00015', 'PD00136', 650, 7),
('ODTL00086', 'OD00015', 'PD00174', 280, 4),
('ODTL00087', 'OD00015', 'PD00012', 390, 3),
('ODTL00088', 'OD00015', 'PD00050', 360, 3),
('ODTL00089', 'OD00015', 'PD00118', 768, 4),
('ODTL00090', 'OD00016', 'PD00020', 3240, 3),
('ODTL00091', 'OD00016', 'PD00029', 650, 4),
('ODTL00092', 'OD00016', 'PD00049', 699, 2),
('ODTL00093', 'OD00016', 'PD00058', 750, 4),
('ODTL00094', 'OD00016', 'PD00067', 650, 4),
('ODTL00095', 'OD00017', 'PD00011', 1032, 3),
('ODTL00096', 'OD00017', 'PD00020', 360, 1),
('ODTL00097', 'OD00017', 'PD00029', 45, 5),
('ODTL00098', 'OD00017', 'PD00049', 450, 4),
('ODTL00099', 'OD00017', 'PD00058', 3780, 4),
('ODTL00100', 'OD00017', 'PD00067', 1320, 6),
('ODTL00101', 'OD00018', 'PD00117', 1250, 4),
('ODTL00102', 'OD00018', 'PD00126', 650, 4),
('ODTL00103', 'OD00018', 'PD00135', 280, 6),
('ODTL00104', 'OD00019', 'PD00131', 650, 4),
('ODTL00105', 'OD00019', 'PD00024', 516, 6),
('ODTL00106', 'OD00019', 'PD00081', 750, 2),
('ODTL00107', 'OD00019', 'PD00085', 680, 7),
('ODTL00108', 'OD00020', 'PD00037', 770, 7),
('ODTL00109', 'OD00020', 'PD00048', 499, 4),
('ODTL00110', 'OD00020', 'PD00057', 1320, 3),
('ODTL00111', 'OD00020', 'PD00066', 4280, 5),
('ODTL00112', 'OD00020', 'PD00075', 280, 1),
('ODTL00113', 'OD00020', 'PD00116', 1250, 6),
('ODTL00114', 'OD00020', 'PD00125', 660, 6),
('ODTL00115', 'OD00020', 'PD00134', 360, 7),
('ODTL00116', 'OD00020', 'PD00143', 110, 5),
('ODTL00117', 'OD00020', 'PD00154', 1080, 3),
('ODTL00118', 'OD00020', 'PD00163', 850, 1);

-- --------------------------------------------------------

--
-- 資料表結構 `product`
--

CREATE TABLE `product` (
  `product_id` int(11) NOT NULL,
  `category_id` int(11) DEFAULT NULL,
  `productName` varchar(100) CHARACTER SET utf8 COLLATE utf8_general_ci DEFAULT NULL,
  `price` int(11) DEFAULT NULL,
  `stock` int(11) DEFAULT NULL,
  `salesCondition` varchar(3) CHARACTER SET utf8 COLLATE utf8_general_ci DEFAULT NULL,
  `productImg` varchar(100) CHARACTER SET utf8 COLLATE utf8_general_ci DEFAULT NULL,
  `editTime` datetime DEFAULT NULL,
  `productDescription` varchar(1000) CHARACTER SET utf8 COLLATE utf8_general_ci DEFAULT NULL
) ENGINE=InnoDB DEFAULT CHARSET=utf8mb4 COLLATE=utf8mb4_general_ci;

--
-- 傾印資料表的資料 `product`
--

INSERT INTO `product` (`product_id`, `category_id`, `productName`, `price`, `stock`, `salesCondition`, `productImg`, `editTime`, `productDescription`) VALUES
(1, 5, '熟齡犬 雞&羊&三種魚(高纖低脂配方) (2公斤x2包)', 520, 11, '上架中', NULL, '2023-10-10 17:10:05', '商品特色: \n\n5種天然蔬果\n\n7種綜合益生菌 & 8種綜合酵素\n\n0%無易敏穀類\n\n蝦紅素: 超級抗氧化劑添加'),
(2, 5, '成幼犬 雞&三種魚(高適口性配方) 2公斤', 520, 28, '已下架', NULL, '2023-06-28 10:46:37', '商品特色: \r\n\r\n5種天然蔬果\r\n\r\n7種綜合益生菌 & 8種綜合酵素\r\n\r\n0%無易敏穀類\r\n\r\n蝦紅素: 超級抗氧化劑添加'),
(3, 5, '(APR33 /MNP) 小型幼犬 4公斤', 1300, 78, '上架中', NULL, '2023-01-29 10:20:05', '2至10月齡適用 \r\n提升免疫力： \r\n添加葉黃素、牛磺酸、維他命E及C提升免疫力，添加甘露寡糖刺激抗體的生成。 \r\n易消化吸收： \r\n降低澱粉含量，添加果寡糖、甜菜泥、甘露寡糖、EPA-DHA、不可溶性礦物質，增進腸內益生菌的生長、保護消化道黏膜，避免小型幼犬在成長階段容易發生之下痢或軟便，以確保消化道安全性。 \r\n極佳嗜口性： \r\n迷你三角形顆粒，輕脆、易咀嚼，易刺激食慾，幫助改善挑嘴的習慣。'),
(4, 5, '(PRIA21 /MNINA) 小型室內成犬 3公斤 (狗飼料)', 1300, 54, '上架中', NULL, '2022-09-24 06:55:05', '10月齡-8歲齡適用 \r\n降低糞便量和臭味： \r\n高消化性蛋白質(L.I.P.)，減少32% 糞便量，並有效減少70% 糞便臭味。保護腸道黏膜、減少結腸的發酵活性及改善糞便的品質。 \r\n高消化性： \r\nL.I.P.、米、果寡糖、甘露寡糖、EPA-DHA和礦物質等成分，除了確保食物的高消化性外，更進一步保護腸道黏膜、減少結腸的發酵活性，維持腸道的健康。 \r\n體重管理： \r\n適當的卡路里(3900 Kcal/Kg)和左旋肉酸素促進脂肪代謝，以維持理想體重與身體肌肉的線條與力量。 \r\n減少牙結石產生： \r\n藉由顆粒斷面的摩刷及添加磷酸鈉與唾液中的鈣結合來清除牙垢，減少牙結石、牙齦炎及口臭發生。'),
(5, 5, '(SM+7 /M+7) 中型成熟犬 4公斤 (狗飼料)', 1200, 20, '上架中', NULL, '2022-05-20 03:30:05', '成犬體重於11-25Kg之中型犬種，7歲齡-10歲齡適用。 \r\n健康腸道蠕動： \r\n提供適量均衡纖維幫助促進腸道蠕動，易消化的高優質蛋白質也能增進腸道健康。 \r\n皮毛亮麗： \r\n添加EPA-DHA，有助皮膚及毛髮健康的營養牙齒健康。 \r\n添加鈣離子螯合物，有助於減少牙結石生成。'),
(6, 5, '(GR26 /MXA) 大型成犬 10公斤 (狗飼料)', 2400, 21, '上架中', NULL, '2021-12-09 04:40:33', '成犬體重於26-45KG之犬種，15月齡-5歲齡適用。 \r\n消化安全性： \r\n高消化蛋白、甜菜漿、沸石、EPA+DHA增進腸內益生菌的生長、平衡腸道菌叢，保護消化道黏膜，促進腸胃蠕動與消化吸收，減少軟便或下痢的發生。 \r\n維持心臟的正常功能： \r\n添加牛磺酸幫助維持心肌細胞的正常功能，刺激心臟正常的收縮。 \r\n鞏固關節： \r\n添加軟骨素、葡萄糖胺和EPA+DHA(0.4%)的抗炎症效果，維持關節的正常功能。 \r\n提升嗜口性： \r\n新配方，高等級的天然香料，配合大型犬牙齒的咬合，設計出軟硬適中的飼料，完全滿足牠們的胃口。'),
(7, 6, '西莎犬用餐盒100克【牛肉.肝】(24入)', 1032, 38, '上架中', NULL, '2021-09-07 20:40:05', '1.營養完整均衡的西莎，乃特選最上等的新鮮材料，並保留原汁精華烹調而成，柔嫩可口，風味絕佳 \r\n2.更多肉塊的西莎精緻軟罐系列產品，鮮嫩真肉，每一口都是極致享受，一餐一罐，新鮮又美味，是狗狗最愛的選擇'),
(8, 6, '西莎犬用餐盒100克【牛肉】(24入)', 1032, 45, '上架中', NULL, '2021-04-22 02:11:37', '1.營養完整均衡的西莎，乃特選最上等的新鮮材料，並保留原汁精華烹調而成，柔嫩可口，風味絕佳 \r\n2.更多肉塊的西莎精緻軟罐系列產品，鮮嫩真肉，每一口都是極致享受，一餐一罐，新鮮又美味，是狗狗最愛的選擇'),
(9, 6, '西莎犬用餐盒100克【雞肉】(24入)', 1032, 21, '上架中', NULL, '2020-12-27 13:50:05', '1.營養完整均衡的西莎，乃特選最上等的新鮮材料，並保留原汁精華烹調而成，柔嫩可口，風味絕佳 \r\n2.更多肉塊的西莎精緻軟罐系列產品，鮮嫩真肉，每一口都是極致享受，一餐一罐，新鮮又美味，是狗狗最愛的選擇'),
(10, 6, '西莎犬用餐盒100克【野菜牛肉】(24入)', 1032, 38, '上架中', NULL, '2020-08-22 10:25:05', '1.營養完整均衡的西莎，乃特選最上等的新鮮材料，並保留原汁精華烹調而成，柔嫩可口，風味絕佳 \r\n2.更多肉塊的西莎精緻軟罐系列產品，鮮嫩真肉，每一口都是極致享受，一餐一罐，新鮮又美味，是狗狗最愛的選擇'),
(11, 6, '西莎犬用餐盒100克【鄉村嫩梢小羊肉】(24入)', 1032, 45, '上架中', NULL, '2020-04-17 07:00:05', '1.營養完整均衡的西莎，乃特選最上等的新鮮材料，並保留原汁精華烹調而成，柔嫩可口，風味絕佳 \r\n2.更多肉塊的西莎精緻軟罐系列產品，鮮嫩真肉，每一口都是極致享受，一餐一罐，新鮮又美味，是狗狗最愛的選擇'),
(12, 6, '西莎犬用餐盒100克【田園香米墩牛肉】(24入)', 1032, 10, '上架中', NULL, '2019-12-12 03:35:05', '1.營養完整均衡的西莎，乃特選最上等的新鮮材料，並保留原汁精華烹調而成，柔嫩可口，風味絕佳 \r\n2.更多肉塊的西莎精緻軟罐系列產品，鮮嫩真肉，每一口都是極致享受，一餐一罐，新鮮又美味，是狗狗最愛的選擇'),
(13, 6, '西莎犬用餐盒100克【南法野菜墩雞】(24入)', 1032, 54, '上架中', NULL, '2019-08-08 07:02:01', '1.營養完整均衡的西莎，乃特選最上等的新鮮材料，並保留原汁精華烹調而成，柔嫩可口，風味絕佳 \r\n2.更多肉塊的西莎精緻軟罐系列產品，鮮嫩真肉，每一口都是極致享受，一餐一罐，新鮮又美味，是狗狗最愛的選擇'),
(14, 6, '西莎犬用餐盒100克【經典嫩烤火雞】(24入)', 1032, 20, '上架中', NULL, '2019-04-01 20:45:05', '1.營養完整均衡的西莎，乃特選最上等的新鮮材料，並保留原汁精華烹調而成，柔嫩可口，風味絕佳 \r\n2.更多肉塊的西莎精緻軟罐系列產品，鮮嫩真肉，每一口都是極致享受，一餐一罐，新鮮又美味，是狗狗最愛的選擇'),
(15, 6, '歪嘴貓主食罐80克【鮪魚+褐藻糖膠】(6入)', 360, 21, '上架中', NULL, '2019-08-09 07:03:45', '商品特色 爆高適口性 95% 含肉量 泥狀好入口，補充水分 無穀、無澱粉、無爭議性膠類添加 全齡貓適用'),
(16, 6, '歪嘴貓主食罐80克【鮪魚+褐藻糖膠】(6入)', 360, 54, '上架中', NULL, '2021-01-10 19:56:09', '商品特色 爆高適口性 95% 含肉量 泥狀好入口，補充水分 無穀、無澱粉、無爭議性膠類添加 全齡貓適用'),
(17, 6, '歪嘴貓主食罐80克【雞肉+白藜蘆醇】(6入)', 360, 20, '上架中', NULL, '2021-02-25 15:14:45', '商品特色 爆高適口性 95% 含肉量 泥狀好入口，補充水分 無穀、無澱粉、無爭議性膠類添加 全齡貓適用'),
(18, 6, '歪嘴貓主食罐80克【雞肉鮪魚+綠唇貽貝】(6入)', 360, 21, '上架中', NULL, '2020-12-28 15:18:22', '商品特色 爆高適口性 95% 含肉量 泥狀好入口，補充水分 無穀、無澱粉、無爭議性膠類添加 全齡貓適用'),
(19, 6, '歪嘴貓主食罐80克【雞肉鮭魚+木鱉果】(6入)', 360, 38, '上架中', NULL, '2020-08-22 10:25:05', '商品特色 爆高適口性 95% 含肉量 泥狀好入口，補充水分 無穀、無澱粉、無爭議性膠類添加 全齡貓適用'),
(20, 6, '歪嘴貓主食罐80克【雞肉鰹魚+小麥草】(6入)', 360, 45, '上架中', NULL, '2020-04-17 07:00:05', '商品特色 爆高適口性 95% 含肉量 泥狀好入口，補充水分 無穀、無澱粉、無爭議性膠類添加 全齡貓適用'),
(21, 6, '沛可寵鮮餐罐 85克【鮮嫩雞肉+美澳牛肉】(24入) (犬貓副食罐)', 768, 28, '上架中', NULL, '2019-08-09 07:03:45', '商品特色:\r\n添加鱉蛋粉、牛磺酸'),
(22, 6, 'MamaMia 貓餐罐 85克【雞+鮪魚+蝦肉】(24入) (貓副食罐頭)', 600, 78, '上架中', NULL, '2022-07-01 21:07:33', '貓咪需要攝取不同蛋白質的來源，建議您搭配餵食不同的肉類。 \r\n\r\n新鮮雞肉會是一個您很好的選擇，讓愛貓能吸收到不同蛋白質的必須胺基酸。 \r\n\r\n更避免挑嘴問題，得到更完整的全面營養。'),
(23, 6, '鮮饌包70克【鮪魚及蟹肉(魚凍)】(12入)', 516, 38, '上架中', NULL, '2019-04-03 14:41:12', '商品特色\r\nSHEBA貓罐嚴格製造過程保證衛生，香濃魚湯製成魚凍質感肉質鮮美，美味可口，保障您愛貓的身體健康。'),
(24, 6, '鮮饌包70克【鮪魚及鯛魚(魚凍)】(12入)', 516, 45, '上架中', NULL, '2020-04-25 13:29:57', '❤日本銷售第一大品牌 \r\n❤嚴選素材和配方，讓美味更加上一檔 \r\n❤新包裝原料再升級日本原裝進口 \r\n❤口味多樣化，吸引挑嘴愛貓的食慾，享受美味'),
(25, 6, '日式鮮饌包 總匯系列 35克【鮮魚總匯(鮪魚+鮭魚)】(6入)', 234, 54, '上架中', NULL, '2021-09-28 02:22:21', '❤日本銷售第一大品牌 \r\n❤嚴選素材和配方，讓美味更加上一檔 \r\n❤新包裝原料再升級日本原裝進口 \r\n❤口味多樣化，吸引挑嘴愛貓的食慾，享受美味'),
(26, 6, '鮮饌包70克 【鮪魚、雞肉及鰹魚片(魚凍)】(12入)', 516, 20, '上架中', NULL, '2021-04-21 09:25:29', '商品特色: \r\n\r\n精心挑選魚蔬類食材慢熬製成 \r\n\r\n添加抗氧化物寡糖 \r\n\r\n日本貓餐實驗所研究推出'),
(27, 6, '金罐 85克【鮪魚及鮭魚(湯汁)】(1入)', 45, 21, '上架中', NULL, '2020-12-29 16:46:39', '來自日本第一大品牌SHEBA貓罐，肉質鮮美，嗜口性非常佳，超級可口美味，連挑嘴貓咪都無法抗拒！ \r\n讓您的愛貓一吃就愛不釋手，每一個口味都是經過「日本貓餐實驗所」特別的研究而推出的，品質的保證絕對是第一名，製造過程的衛生非常嚴格，保障您愛貓的身 體健康喔！'),
(28, 6, '日式鮮饌包 總匯系列 35克【鮮魚總匯(鮪魚+柴魚片)】', 234, 38, '上架中', NULL, '2020-08-22 10:25:05', '❤日本銷售第一大品牌 \r\n❤嚴選素材和配方，讓美味更加上一檔 \r\n❤新包裝原料再升級日本原裝進口 \r\n❤口味多樣化，吸引挑嘴愛貓的食慾，享受美味'),
(29, 6, '金罐 85克【鮮煮雞胸肉(湯汁)】(1入)', 45, 45, '上架中', NULL, '2020-04-17 07:00:05', '來自日本第一大品牌SHEBA貓罐，肉質鮮美，嗜口性非常佳，超級可口美味，連挑嘴貓咪都無法抗拒！ \r\n讓您的愛貓一吃就愛不釋手，每一個口味都是經過「日本貓餐實驗所」特別的研究而推出的，品質的保證絕對是第一名，製造過程的衛生非常嚴格，保障您愛貓的身 體健康喔！'),
(30, 7, '腸胃益生菌2克(山味)30包', 650, 11, '上架中', NULL, '2019-09-26 02:22:21', '商品特色 添加雞肉粉，提升毛孩嗜口性！ 犬貓皆適用，幫助腸胃健康、提高抵抗力 嚴選耐酸鹼、高定殖率及專利包埋益生菌種 市售最高 70億活菌，足量補充才有效！'),
(31, 7, '腸胃專科益生菌(30包)', 620, 28, '上架中', NULL, '2019-08-07 00:10:05', '商品特色 30億菌數高於市場平均 嚴選5種擁有菌株編號菌種 專利雙層包埋提高益菌存活率10倍 美國n.zimes綜合消化酵素'),
(32, 7, '腸胃益菌排毛粉50克', 280, 45, '上架中', NULL, '2019-04-05 08:37:19', '商品特色 膳食纖維＋益生菌＋消化酵素 小怪獸的順暢神器！全方位提升腸胃道機能'),
(33, 7, '免疫力平衡保健粉(30包)', 750, 11, '上架中', NULL, '2018-11-28 01:47:45', '商品特色 毛孩免疫力的守護專家 保健食品成分有效率達95% 專業獸醫師、營養師合作開發 歐日大廠指定專利配方'),
(34, 7, '情緒好放鬆保養粉 30克', 480, 28, '上架中', NULL, '2022-06-15 08:48:33', '商品特色 有長期情緒壓力犬貓專用 • 適合有長期情緒壓力困擾的毛孩每日補充 • 嚴選國際專利成分與複方設計，透過天然胺基酸，幫助毛孩減少壓力！'),
(35, 7, '藻活力 免疫褐藻保健粉30顆入', 650, 11, '上架中', NULL, '2021-04-21 11:31:15', '商品特色 營養師調配專業配方，由內而外構築天然防護力 全球唯一有機認證來源褐藻醣膠，滋補強身維持好體力 專利靈芝葡聚多醣，傳統漢方滋補好物，病前術後的營養補給聖品 耐酸鹼乳酸片球菌，維持活性到達腸胃道，維持消化道健康好活力'),
(36, 8, 'tails&me 尾巴與我｜純棉連帽背心', 1180, 28, '上架中', NULL, '2020-12-30 18:14:56', '【活潑休閒】活潑醒目的色彩展現率性個性 \r\n【舒適純棉】純棉毛圈布，手感舒適親膚 \r\n【俐落有型】羅紋下擺，舒適包覆不翻邊 \r\n【不挑身型】無袖設計，適合各種犬貓 \r\n【雙層連帽】採用雙層布料設計，挺拔有型'),
(37, 8, 'tails&me 尾巴與我｜圓領撞色背心', 770, 45, '上架中', NULL, '2020-08-22 10:25:05', '【柔和跳色】富饒童趣的色彩搭配 \r\n【親膚透氣】柔軟有彈性，舒適不悶熱 \r\n【不挑身型】無袖設計，適合各種犬貓'),
(38, 8, 'tails&me 尾巴與我｜波點刷毛背心', 1480, 78, '上架中', NULL, '2024-07-07 11:52:57', '【童趣圖騰】童趣色塊圖騰，活潑亮眼吸睛\r\n【舒適純棉】純棉毛圈布，手感舒適親膚\r\n【俐落有型】羅紋下擺，舒適包覆不翻邊\r\n【不挑身型】無袖設計，適合各種犬貓\r\n【雙層連帽】採用雙層布料設計，挺拔有型'),
(39, 8, 'tails&me 尾巴與我｜APUJAN尾巴探險記 墨點連帽背心—黃', 1480, 11, '上架中', NULL, '2023-10-25 21:42:12', '【中山領造型】搭配墨點印花 \r\n【舒適透氣】特選具挺度的彈性布料 \r\n【不挑身型】無袖造型下腹鬆緊設計，合身服貼'),
(40, 8, 'tails&me 尾巴與我｜APUJAN尾巴探險記 墨點高領背心—藍', 1480, 51, '上架中', NULL, '2023-09-11 10:59:53', '【中山領造型】搭配墨點印花 \r\n【舒適透氣】特選具挺度的彈性布料 \r\n【不挑身型】無袖造型下腹鬆緊設計，合身服貼'),
(41, 8, 'tails&me 尾巴與我｜APUJAN尾巴探險記 墨點連帽雨衣—灰', 1980, 54, '上架中', NULL, '2023-02-06 06:31:45', '【中山領造型】搭配墨點印花 \r\n【舒適透氣】特選具挺度的彈性布料 \r\n【不挑身型】無袖造型下腹鬆緊設計，合身服貼'),
(42, 8, 'tails&me 尾巴與我｜APUJAN尾巴探險記 墨點刷毛背心—黑', 1680, 17, '上架中', NULL, '2022-10-24 02:43:25', '【中山領造型】搭配墨點印花 \r\n【舒適透氣】特選具挺度的彈性布料 \r\n【不挑身型】無袖造型下腹鬆緊設計，合身服貼'),
(43, 8, 'tails&me 尾巴與我｜APUJAN尾巴探險記 墨點刷毛背心—藍', 440, 94, '上架中', NULL, '2022-05-31 23:51:49', '【中山領造型】搭配墨點印花 \r\n【舒適透氣】特選具挺度的彈性布料 \r\n【不挑身型】無袖造型下腹鬆緊設計，合身服貼'),
(44, 8, 'tails&me 尾巴與我｜APUJAN尾巴探險記 緹花針織背心—藍墨', 440, 39, '上架中', NULL, '2021-12-22 20:10:21', '【中山領造型】搭配墨點印花 \r\n【舒適透氣】特選具挺度的彈性布料 \r\n【不挑身型】無袖造型下腹鬆緊設計，合身服貼'),
(45, 8, 'tails&me 尾巴與我｜APUJAN尾巴探險記 緹花針織背心—白墨', 440, 41, '上架中', NULL, '2021-10-01 23:11:33', '【中山領造型】搭配墨點印花 \r\n【舒適透氣】特選具挺度的彈性布料 \r\n【不挑身型】無袖造型下腹鬆緊設計，合身服貼'),
(46, 8, 'tails&me 尾巴與我｜APUJAN尾巴探險記 墨點連帽背心—藍', 440, 34, '上架中', NULL, '2021-04-22 04:17:23', '【中山領造型】搭配墨點印花 \r\n【舒適透氣】特選具挺度的彈性布料 \r\n【不挑身型】無袖造型下腹鬆緊設計，合身服貼'),
(47, 8, 'tails&me 尾巴與我｜APUJAN尾巴探險記 墨點高領背心—黑', 440, 78, '上架中', NULL, '2020-12-31 19:43:13', '【中山領造型】搭配墨點印花 \r\n【舒適透氣】特選具挺度的彈性布料 \r\n【不挑身型】無袖造型下腹鬆緊設計，合身服貼'),
(48, 9, '黃金盾寵物傷口潔療噴劑', 499, 92, '上架中', NULL, '2020-08-22 10:25:05', '商品介紹 含歐盟EN / 美國USP認證防護因子 水性基底配方，皮膚易於呼吸 舒緩調理肌膚，增強皮膚健康力 隱形防護罩，24小時不間斷持續防護 非藥用護理液，不含類固醇、抗生素，長期使用不產生抗藥性'),
(49, 9, '金縷梅潔耳小滴管60ml', 450, 45, '上架中', NULL, '2020-04-17 07:00:05', '清潔耳朵、不刺激不殘留、預防中耳炎。 ● 中性溫和、不傷耳道、分解耳屎耳垢、耳根清爽無負擔。 ● 非藥用、預防耳朵異味、細菌滋生、中耳炎等疾病。'),
(50, 9, '寵物安全指甲剪(中大型犬適用)', 339, 84, '上架中', NULL, '2019-12-12 03:35:05', '商品特色 專為貓狗指甲構造設計 安全卡榫，收納安全方便 橡膠止滑握柄，好握好拿好掌控 不鏽鋼刀片，銳利耐久使用 台灣製造，品質保證'),
(51, 9, '寵物潔耳液 (60ml)', 165, 54, '上架中', NULL, '2019-08-05 17:18:09', '清潔耳朵、不刺激不殘留、預防中耳炎。 ● 中性溫和、不傷耳道、分解耳屎耳垢、耳根清爽無負擔。 ● 非藥用、預防耳朵異味、細菌滋生、中耳炎等疾病。'),
(52, 9, '寵物 毛毛柔順 梳毛手套 (右手)', 199, 55, '已下架', NULL, '2019-04-07 02:33:26', 'Hu\'ruru 寵物梳毛手套適用於各種 長、短、捲毛的寵物，​ 輕鬆清理毛孩身上的廢毛，​ 妥善解決家中到處沾黏寵物毛髮的問題。​ 柔軟矽膠顆粒可同時替狗狗、貓貓按摩，​ 搭配柿單寧亮澤順毛乾擦澡使用，​ 清洗毛孩不需大費周章送寵物店，​ 在家就能給毛小孩SPA般的頂級享受。'),
(53, 9, '草本養護 癢癢退散洗毛精 貓貓專用 220ml', 460, 78, '上架中', NULL, '2018-11-29 06:01:35', '產品特色: 針對貓咪細緻肌膚打造溫和草本防護調理配方，舒緩皮膚敏感、幫助調節肌膚皮脂分泌。 草本養護 特別添加 1.調理膚質：山蒼子、雪松 促進肌膚健康、改善皮膚問題 2.平衡控油：天竺葵、快樂鼠尾草 收斂肌膚、降低皮脂分泌 3.舒緩敏感：甘草次酸 舒緩刺激、減輕搔癢 4.溫和保濕：蘆薈、何首烏 深層保濕、提升肌膚防護力'),
(54, 9, '草本養護 癢癢退散洗毛精 汪汪專用 500ml', 900, 61, '上架中', NULL, '2023-03-02 15:14:45', '產品特色: 針對狗狗細緻肌膚打造溫和草本防護調理配方，舒緩皮膚敏感、幫助調節肌膚皮脂分泌。 草本養護 特別添加 1.調理膚質：山蒼子、雪松 促進肌膚健康、改善皮膚問題 2.平衡控油：天竺葵、快樂鼠尾草 收斂肌膚、降低皮脂分泌 3.舒緩敏感：甘草次酸 舒緩刺激、減輕搔癢 4.溫和保濕：蘆薈、何首烏 深層保濕、提升肌膚防護力'),
(55, 9, '黑莓葉淚痕擦拭棉片80抽', 225, 14, '已下架', NULL, '2021-01-11 10:26:03', '商品特色 Amo Petric | 黑莓葉寵物淚痕清潔棉片 黑莓提取物，富含單寧酸 4.5倍水溶液，十足水潤 接近肌膚ph值、無香精、無甲醛'),
(56, 9, '純天然除蚤驅蟲洗毛精 500ML', 700, 93, '上架中', NULL, '2021-01-01 21:11:30', 'Dirty Dog 純天然精油防蚤驅蟲洗毛精，以溫和低敏的椰子油原料為基底，不含皂基及酒精，添加香茅、茶樹、薰衣草等純天然除蚤驅蟲精油配方，可達到積極的驅蟲效果，並具有抗菌功能，幫助寵物遠離跳蚤和壁蝨。 含有維生素Ｅ和多種天然植物精油，中性PH值，可達到滋潤皮膚並舒緩乾燥搔癢問題。 純天然物質 (不含防腐劑) 可於短時間內被分解，絕不會將殘餘物遺留在動物的毛髮 上，影響到皮膚的新陳代謝，導致皮膚敏感不適，清新的純天然精油香氛讓您的 狗狗散發出不凡的氣息。 產品通過SGS檢測，不含防腐劑和酒精等化學成分，天然無害。 天然精油非藥性成份，小型及年幼寵物均可適用。 Dirty Dog純天然精油防蚤驅蟲系列以天然有效的方式呵護寵物，提供您與毛小孩全新的生活品質，享受快樂的無蟲生活。'),
(57, 9, 'PETKIT佩奇｜5合1活性碳混合貓砂 7L (每月4包)', 1320, 49, '上架中', NULL, '2020-08-22 10:25:05', '粉塵少，不易碎，不揚塵，呵護毛孩呼吸道健康 \r\n強效吸水，瞬間凝結，包覆性佳不沾黏 \r\n持久乾爽，不易受潮，拒絕發霉影響品質 \r\n特選材質，無害成分，愛貓舔食也不必擔心 \r\n活性碳+去味因子+木薯粉&澱粉，高效除臭，保持環境清新 \r\n懶人專用，遇水即溶解可直接沖入馬桶'),
(58, 9, 'PETKIT 佩奇 | 智能真空儲糧桶', 3780, 55, '上架中', NULL, '2020-04-17 07:00:05', '感應式+主動式，創新雙模式智能除臭 \r\n毛孩出入感應區域時，啟動有針對性的去味工作 \r\n每隔六小時自動除臭，保持空氣持久清新 \r\n內嵌抑菌濾芯，1小時抑菌率可達95.88% \r\n專業無害，給毛孩家人般的呵護'),
(59, 9, 'PETKIT 佩奇｜升級版智能寵物活水機專用濾心 3盒組 (5入/盒)', 3240, 41, '上架中', NULL, '2019-08-09 07:03:45', '寵物淨水瓶專用濾心\r\n每盒內含2個椰殼活性碳濾心，可過濾約80L容量的水\r\n去除氯味，吸附雜質，改善毛孩飲水體驗'),
(60, 9, 'PETKIT 佩奇｜智能寵物空氣清淨器+空氣清淨器濾心2入', 1670, 98, '上架中', NULL, '2022-06-27 05:18:05', '感應式+主動式，創新雙模式智能除臭 \r\n毛孩出入感應區域時，啟動有針對性的去味工作 \r\n每隔六小時自動除臭，保持空氣持久清新 \r\n內嵌抑菌濾芯，1小時抑菌率可達95.88% \r\n專業無害，給毛孩家人般的呵護'),
(61, 9, 'PETKIT 佩奇｜智能寵物循環活水機SOLO SE (無線馬達)', 3380, 23, '上架中', NULL, '2019-04-08 20:29:33', '升級無線馬達，全機零件可拆卸清洗 \r\n水電分離設計，安全不漏電 \r\n四重過濾淨化水質，給毛孩最好的飲水品質 \r\n簡約外觀，提升生活質感 \r\n1.8L大容量，無需頻繁補水'),
(62, 9, 'PETKIT 佩奇｜智能貓用背包2.0 + 一鍵外出飲水瓶', 4530, 37, '上架中', NULL, '2018-11-30 10:15:25', '升級無線馬達，全機零件可拆卸清洗 \r\n水電分離設計，安全不漏電 \r\n四重過濾淨化水質，給毛孩最好的飲水品質 \r\n簡約外觀，提升生活質感 \r\n1.8L大容量，無需頻繁補水'),
(63, 9, 'PETKIT 佩奇｜智能寵物循環活水機SOLO SE (無線馬達)', 2080, 54, '上架中', NULL, '2019-08-09 07:03:45', '升級無線馬達，全機零件可拆卸清洗 \r\n水電分離設計，安全不漏電 \r\n四重過濾淨化水質，給毛孩最好的飲水品質 \r\n簡約外觀，提升生活質感 \r\n1.8L大容量，無需頻繁補水'),
(64, 9, 'PETKIT 佩奇｜5合1多功能寵物理毛器', 7880, 67, '已下架', NULL, '2021-04-21 13:37:01', '感應式+主動式，創新雙模式智能除臭 \r\n毛孩出入感應區域時，啟動有針對性的去味工作 \r\n每隔六小時自動除臭，保持空氣持久清新 \r\n內嵌抑菌濾芯，1小時抑菌率可達95.88% \r\n專業無害，給毛孩家人般的呵護'),
(65, 9, 'PETKIT 佩奇｜智能寵物循環活水機W4X (無線馬達)', 6180, 25, '上架中', NULL, '2021-01-02 22:39:47', '升級無線馬達，全機零件可拆卸清洗 \r\n水電分離設計，安全不漏電 \r\n四重過濾淨化水質，給毛孩最好的飲水品質 \r\n簡約外觀，提升生活質感 \r\n1.8L大容量，無需頻繁補水'),
(66, 9, 'PETKIT 佩奇｜智能寵物循環活水機SOLO 2 (無線馬達)', 4280, 33, '上架中', NULL, '2020-08-22 10:25:05', '升級無線馬達，全機零件可拆卸清洗 \r\n水電分離設計，安全不漏電 \r\n四重過濾淨化水質，給毛孩最好的飲水品質 \r\n簡約外觀，提升生活質感 \r\n1.8L大容量，無需頻繁補水'),
(67, 9, 'PETKIT佩奇｜5合1活性碳混合貓砂 7L (每季4包)', 1320, 24, '上架中', NULL, '2020-04-17 07:00:05', '粉塵少，不易碎，不揚塵，呵護毛孩呼吸道健康 \r\n強效吸水，瞬間凝結，包覆性佳不沾黏 \r\n持久乾爽，不易受潮，拒絕發霉影響品質 \r\n特選材質，無害成分，愛貓舔食也不必擔心 \r\n活性碳+去味因子+木薯粉&澱粉，高效除臭，保持環境清新 \r\n懶人專用，遇水即溶解可直接沖入馬桶'),
(68, 9, 'PETKIT佩奇｜5合1活性碳混合貓砂 7L (隔月送4包)', 1320, 38, '上架中', NULL, '2019-09-26 02:22:21', '粉塵少，不易碎，不揚塵，呵護毛孩呼吸道健康 \r\n強效吸水，瞬間凝結，包覆性佳不沾黏 \r\n持久乾爽，不易受潮，拒絕發霉影響品質 \r\n特選材質，無害成分，愛貓舔食也不必擔心 \r\n活性碳+去味因子+木薯粉&澱粉，高效除臭，保持環境清新 \r\n懶人專用，遇水即溶解可直接沖入馬桶'),
(69, 9, 'PETKIT 佩奇 | 雙子星智能寵物餵食器', 7880, 49, '上架中', NULL, '2019-08-04 10:26:13', '獨立雙倉設計，可分別儲藏不同類型的寵物飼料 \r\nAPP智能操控，數據紀錄毛孩進食狀況 \r\n設置雙倉餵食計畫，滿足更多元化的餵食需求 \r\n適用各種乾糧&凍乾，建議長寬約1.2cm內 \r\n三重密封保鮮，防止乾糧受潮及蟲蟻侵入 \r\n全機可拆洗，清潔無死角'),
(70, 9, 'PETKIT 佩奇｜全自動智能貓砂機MAX專用 磁吸防塵門簾', 450, 100, '已下架', NULL, '2019-04-10 14:25:40', '全自動智能貓砂機MAX專用 \r\n磁吸式設計，及時閉合阻隔 \r\n有效阻隔異味，防止貓砂飛濺 \r\n輕鬆拆卸好清洗 \r\n滿足主子的如廁隱私'),
(71, 9, 'PETKIT 佩奇｜全自動智能貓砂機MAX專用 傾砂板 三入', 450, 52, '已下架', NULL, '2018-12-01 14:29:15', '全自動智能貓砂機MAX專用 \r\n磁吸式設計，及時閉合阻隔 \r\n有效阻隔異味，防止貓砂飛濺 \r\n輕鬆拆卸好清洗 \r\n滿足主子的如廁隱私'),
(72, 9, 'PETKIT 佩奇｜頭等艙智能寵物烘毛箱', 23800, 32, '已下架', NULL, '2020-04-25 13:29:57', '60L舒適大空間，最大可容納12kg的汪喵 \r\n6段風量，無極調溫，滿足不同毛孩的烘毛需求 \r\n360°立體暖風，輕鬆烘乾0死角 \r\n三面透氣窗，毛孩烘毛不悶熱 \r\n安撫嚕嚕窗設計，方便主人安撫毛孩情緒 \r\n8組高精密傳感器，每秒20次感測溫度，保障毛孩的安全 \r\n烘毛箱運作音量低於45分貝，烘毛時不驚擾毛孩 \r\n百萬負離子護髮，撫平炸毛，柔順不打結 \r\n銀離子抗菌底板，抑制細菌滋生 \r\nAPP智能操控，可依照每位毛孩設定專屬烘乾模式'),
(73, 9, 'PETKIT 佩奇｜智能寵物循環活水機SOLO 2 (無線馬達)', 2980, 22, '已下架', NULL, '2021-04-21 15:42:47', '升級無線馬達，全機零件可拆卸清洗 \r\n水電分離設計，安全不漏電 \r\nAPP智能操控，可遠端切換出水模式、查看濾心壽命 \r\n靜音湧泉設計，吸引毛孩的好奇心，養成喝水好習慣 \r\n透明水位視窗，方便掌握剩餘水量 \r\n2000ml大容量，可供貓咪約8-10天飲水量，短期外出也不怕'),
(74, 9, 'PETKIT 佩奇｜5合1活性碳混合貓砂 7L (4包/箱)', 1320, 34, '上架中', NULL, '2021-01-04 00:08:04', '粉塵少，不易碎，不揚塵，呵護毛孩呼吸道健康 \r\n強效吸水，瞬間凝結，包覆性佳不沾黏 \r\n持久乾爽，不易受潮，拒絕發霉影響品質 \r\n特選材質，無害成分，愛貓舔食也不必擔心 \r\n活性碳+去味因子+木薯粉&澱粉，高效除臭，保持環境清新 \r\n懶人專用，遇水即溶解可直接沖入馬桶'),
(75, 9, 'PETKIT 佩奇｜方形過濾棉 (無線馬達活水機專用) 15入裝', 280, 45, '已下架', NULL, '2020-08-22 10:25:05', '粉塵少，不易碎，不揚塵，呵護毛孩呼吸道健康 \r\n強效吸水，瞬間凝結，包覆性佳不沾黏 \r\n持久乾爽，不易受潮，拒絕發霉影響品質 \r\n特選材質，無害成分，愛貓舔食也不必擔心 \r\n活性碳+去味因子+木薯粉&澱粉，高效除臭，保持環境清新 \r\n懶人專用，遇水即溶解可直接沖入馬桶'),
(76, 9, 'PETKIT 佩奇｜智能寵物循環活水機W4X (無線馬達)', 4880, 42, '上架中', NULL, '2024-09-20 12:06:13', '升級無線馬達，全機零件可拆卸清洗 \r\n水電分離設計，安全不漏電 \r\n四重過濾淨化水質，給毛孩最好的飲水品質 \r\n簡約外觀，提升生活質感 \r\n1.8L大容量，無需頻繁補水'),
(77, 9, 'PETKIT 佩奇｜智能噴霧淨味器', 2150, 43, '已下架', NULL, '2023-04-14 10:33:21', '感應式+主動式，創新雙模式智能除臭 \r\n毛孩出入感應區域時，啟動有針對性的去味工作 \r\n每隔六小時自動除臭，保持空氣持久清新 \r\n內嵌抑菌濾芯，1小時抑菌率可達95.88% \r\n專業無害，給毛孩家人般的呵護'),
(78, 9, 'PETKIT 佩奇｜全自動智能貓砂機專用落砂台', 1880, 9, '上架中', NULL, '2022-07-29 04:07:09', '貓砂機界的集砂大師 \r\n高效收集落砂，毛孩如廁後不再四處留砂 \r\n約10-13.5的傾斜高度，方便貓咪進出貓砂機 \r\n拆裝簡單不卡砂，可直接水洗 \r\n底部防滑設計，給毛孩滿滿的安全感 \r\n可與佩奇全系列智能貓砂機搭配使用'),
(79, 9, 'PETKIT 佩奇｜全自動智能貓砂機MAX', 24500, 87, '上架中', NULL, '2021-11-11 21:40:57', '粉塵少，不易碎，不揚塵，呵護毛孩呼吸道健康 \r\n強效吸水，瞬間凝結，包覆性佳不沾黏 \r\n持久乾爽，不易受潮，拒絕發霉影響品質 \r\n特選材質，無害成分，愛貓舔食也不必擔心 \r\n活性碳+去味因子+木薯粉&澱粉，高效除臭，保持環境清新 \r\n懶人專用，遇水即溶解可直接沖入馬桶'),
(80, 9, 'PETKIT 佩奇｜寵物一鍵除毛針梳', 550, 80, '上架中', NULL, '2021-02-25 15:14:45', '高密度齒梳，深入寵物毛髮根部去除廢毛 \r\n按壓推板設計，清理毛髮超方便 \r\n圓潤凝珠梳頭，好梳不傷皮膚，還能促進寵物血液循環 \r\n鏤空握把設計，水洗後懸掛晾乾即可'),
(81, 9, 'PETKIT 佩奇｜寵物涼墊', 750, 80, '上架中', NULL, '2020-06-11 08:48:33', '舒適透氣，四季皆宜 \r\n親膚質感，質地乾爽透氣 \r\n內層紓壓記憶棉，讓毛孩無法抗拒的舒適床墊 \r\n包邊緊密，縫線平整，耐抓耐磨'),
(82, 9, 'PETKIT 佩奇｜寵物四季墊', 750, 23, '上架中', NULL, '2019-09-26 02:22:21', '舒適透氣，四季皆宜 \r\n親膚質感，質地乾爽透氣 \r\n內層紓壓記憶棉，讓毛孩無法抗拒的舒適床墊 \r\n包邊緊密，縫線平整，耐抓耐磨'),
(83, 9, 'PETKIT 佩奇 | 智能寵物餵食器SOLO', 5480, 61, '上架中', NULL, '2020-04-25 13:29:57', '獨立雙倉設計，可分別儲藏不同類型的寵物飼料 \r\nAPP智能操控，數據紀錄毛孩進食狀況 \r\n設置雙倉餵食計畫，滿足更多元化的餵食需求 \r\n適用各種乾糧&凍乾，建議長寬約1.2cm內 \r\n三重密封保鮮，防止乾糧受潮及蟲蟻侵入 \r\n全機可拆洗，清潔無死角'),
(84, 9, 'PETKIT 佩奇 | 不鏽鋼智能寵物餵食器', 9480, 22, '上架中', NULL, '2019-08-09 07:03:45', '獨立雙倉設計，可分別儲藏不同類型的寵物飼料 \r\nAPP智能操控，數據紀錄毛孩進食狀況 \r\n設置雙倉餵食計畫，滿足更多元化的餵食需求 \r\n適用各種乾糧&凍乾，建議長寬約1.2cm內 \r\n三重密封保鮮，防止乾糧受潮及蟲蟻侵入 \r\n全機可拆洗，清潔無死角'),
(85, 9, 'PETKIT 佩奇｜全屋空氣清淨機專用淨化液', 680, 43, '上架中', NULL, '2020-06-11 08:48:33', 'PETKIT智能全屋空氣清淨機專用 \r\n淨化刺鼻異味，還給您與毛孩一個清新的空間 \r\n有效去除硫化氫、二氧化硫、氨氣、甲醛 \r\n複合胺基酸配方，不影響人體及寵物的健康 \r\n1袋淨化液約可使用60天 \r\n淨化液與水的建議比例為1:9'),
(86, 9, 'PETKIT 佩奇｜智能全屋空氣清淨機', 4380, 45, '上架中', NULL, '2022-06-22 13:28:37', '感應式+主動式，創新雙模式智能除臭 \r\n毛孩出入感應區域時，啟動有針對性的去味工作 \r\n每隔六小時自動除臭，保持空氣持久清新 \r\n內嵌抑菌濾芯，1小時抑菌率可達95.88% \r\n專業無害，給毛孩家人般的呵護'),
(87, 9, 'PETKIT 佩奇｜2合1寵物修毛電剪', 1080, 55, '上架中', NULL, '2022-06-17 21:39:09', '親膚觸感，給毛孩一份梳適享受 \r\n3D弧形刷頭，高效去除廢毛&雜毛 \r\n乾濕兩用，梳毛同時也能安撫毛孩 \r\n梳理毛髮有益於毛孩的血液循環、新陳代謝'),
(88, 9, 'PETKIT 佩奇｜LED寵物指甲剪', 490, 86, '上架中', NULL, '2022-08-25 11:06:45', '親膚觸感，給毛孩一份梳適享受 \r\n3D弧形刷頭，高效去除廢毛&雜毛 \r\n乾濕兩用，梳毛同時也能安撫毛孩'),
(89, 9, 'PETKIT 佩奇｜全自動智能貓砂機專用淨化液 (4入)', 1080, 97, '上架中', NULL, '2022-07-15 12:37:21', 'PETKIT智能全屋空氣清淨機專用 \r\n淨化刺鼻異味，還給您與毛孩一個清新的空間 \r\n有效去除硫化氫、二氧化硫、氨氣、甲醛 \r\n複合胺基酸配方，不影響人體及寵物的健康 \r\n1袋淨化液約可使用60天 \r\n淨化液與水的建議比例為1:9'),
(90, 9, 'PETKIT 佩奇｜全自動智能貓砂機專用垃圾袋 (20入/捲)', 170, 83, '上架中', NULL, '2022-06-13 05:49:41', 'PETKIT智能全屋空氣清淨機專用 \r\n淨化刺鼻異味，還給您與毛孩一個清新的空間 \r\n有效去除硫化氫、二氧化硫、氨氣、甲醛 \r\n複合胺基酸配方，不影響人體及寵物的健康 \r\n1袋淨化液約可使用60天 \r\n淨化液與水的建議比例為1:9'),
(91, 9, 'PETKIT 佩奇｜全自動智能貓砂機', 26800, 8, '上架中', NULL, '2022-08-25 11:06:45', 'PETKIT智能全屋空氣清淨機專用 \r\n淨化刺鼻異味，還給您與毛孩一個清新的空間 \r\n有效去除硫化氫、二氧化硫、氨氣、甲醛 \r\n複合胺基酸配方，不影響人體及寵物的健康 \r\n1袋淨化液約可使用60天 \r\n淨化液與水的建議比例為1:9'),
(92, 9, 'PETKIT 佩奇｜升級版智能寵物活水機專用濾心 2盒組 (5入/盒)', 2160, 20, '已下架', NULL, '2022-07-15 12:37:21', 'PETKIT智能活水機專用 \r\n濾材加量100%，淨化能力再升級 \r\n多層過濾，去除飲用水中的餘氯及重金屬物質 \r\n單片濾心約可使用30天，給予毛孩最純淨的水質'),
(93, 9, 'PETKIT 佩奇｜5合1活性碳混合貓砂 7L', 330, 54, '已下架', NULL, '2022-07-29 04:07:09', '粉塵少，不易碎，不揚塵，呵護毛孩呼吸道健康 \r\n強效吸水，瞬間凝結，包覆性佳不沾黏 \r\n持久乾爽，不易受潮，拒絕發霉影響品質 \r\n特選材質，無害成分，愛貓舔食也不必擔心 \r\n活性碳+去味因子+木薯粉&澱粉，高效除臭，保持環境清新 \r\n懶人專用，遇水即溶解可直接沖入馬桶'),
(94, 9, 'PETKIT 佩奇｜寵物15°可調式架高碗 (不鏽鋼/雙口)', 1380, 100, '上架中', NULL, '2022-08-11 19:36:57', '簡約時尚配色，展現工藝之美 \r\n底座加高降低對頸椎的壓迫，避免引發嘔吐或逆流 \r\n選用304食品級不鏽鋼，保障毛孩的飲食健康 \r\n0°或15°角度可調整，依照不同需求隨心使用 \r\n匠心碗身設計，適用各種臉型的貓咪 \r\n碗身一轉即可與底座分離，清潔輕鬆不費力'),
(95, 9, 'PETKIT 佩奇｜Bolt波特USB充電器 (適用佩奇活水機全系列)', 199, 37, '上架中', NULL, '2022-08-25 11:06:45', 'PETKIT智能活水機專用'),
(96, 9, 'PETKIT 佩奇｜升級版智能寵物活水機專用濾心 (5入/盒)', 1080, 11, '上架中', NULL, '2022-06-08 14:00:13', 'PETKIT智能活水機專用 \r\n濾材加量100%，淨化能力再升級 \r\n多層過濾，去除飲用水中的餘氯及重金屬物質 \r\n單片濾心約可使用30天，給予毛孩最純淨的水質'),
(97, 9, 'PETKIT 佩奇｜智能活水機專用清潔組', 220, 15, '上架中', NULL, '2022-05-08 07:08:21', 'PETKIT智能活水機專用'),
(98, 9, 'PETKIT 佩奇｜寵物按摩梳', 330, 8, '上架中', NULL, '2022-02-15 10:09:33', '親膚觸感，給毛孩一份梳適享受 \r\n3D弧形刷頭，高效去除廢毛&雜毛 \r\n乾濕兩用，梳毛同時也能安撫毛孩 \r\n梳理毛髮有益於毛孩的血液循環、新陳代謝'),
(99, 9, 'PETKIT 佩奇｜寵物15°可調式架高碗 (單口/雙口)', 660, 13, '上架中', NULL, '2021-11-25 13:10:45', '親膚觸感，給毛孩一份梳適享受 \r\n3D弧形刷頭，高效去除廢毛&雜毛 \r\n乾濕兩用，梳毛同時也能安撫毛孩 \r\n梳理毛髮有益於毛孩的血液循環、新陳代謝'),
(100, 9, 'PETKIT 佩奇｜多功能遊戲貓抓盤專用貓抓板', 330, 50, '上架中', NULL, '2021-10-01 23:11:33', '多功能遊戲貓抓盤專用，也可單獨使用 \r\n大面積抗抓耐磨抓板，滿足磨爪本能 \r\n高密度蜂窩結構，不易變形，經久耐用'),
(101, 9, 'PETKIT 佩奇｜多功能遊戲貓抓盤', 1380, 42, '上架中', NULL, '2021-08-08 09:12:21', '多功能遊戲貓抓盤專用，也可單獨使用 \r\n大面積抗抓耐磨抓板，滿足磨爪本能 \r\n高密度蜂窩結構，不易變形，經久耐用'),
(102, 9, 'PETKIT 佩奇｜智能寵物空氣清淨器專用濾心 (2入)', 490, 40, '已下架', NULL, '2021-06-14 19:13:09', '濾材加量100%，淨化能力再升級\r\n多層過濾，去除髒污空氣有害物質\r\n單片濾心約可使用30天，給予毛孩最純淨的水質'),
(103, 9, 'PETKIT 佩奇｜智能寵物空氣清淨器', 1180, 91, '上架中', NULL, '2021-04-21 05:13:57', '升級無線馬達，全機零件可拆卸清洗 \r\n水電分離設計，安全不漏電 \r\n304不鏽鋼內缸，可耐高溫，清潔更方便 \r\nAPP智能操控，可遠端切換出水模式、查看濾心壽命 \r\n靜音湧泉設計，吸引毛孩的好奇心，養成喝水好習慣 \r\n1800ml大容量，可供貓咪約8-10天飲水量，短期外出也不怕'),
(104, 9, 'PETKIT 佩奇｜寵物外出淨水瓶專用濾心 (2入)', 180, 11, '上架中', NULL, '2021-01-11 10:26:03', '寵物外出淨水瓶專用濾心 \r\n每盒內含2個椰殼活性碳濾心，可過濾約80L容量的水 \r\n去除氯味，吸附雜質，改善毛孩飲水體驗'),
(105, 9, 'PETKIT 佩奇｜寵物外出飲水瓶 (300/400ml)', 650, 21, '上架中', NULL, '2021-01-02 01:15:33', '榮獲德國紅點設計大獎 \r\n一鍵出水，單手即可操作 \r\n弧形水槽設計，毛孩喝水更輕鬆 \r\n添加BioCleanAct™，降低細菌孳生 \r\n嬰兒用品級Tritan材質，經FDA認證，不含雙酚A'),
(106, 9, 'PETKIT 佩奇｜智能寵物循環活水機W2專用U型過濾棉/四入裝', 80, 50, '已下架', NULL, '2022-08-25 11:06:45', '寵物外出淨水瓶專用濾心 \r\n每盒內含2個椰殼活性碳濾心，可過濾約80L容量的水 \r\n去除氯味，吸附雜質，改善毛孩飲水體驗'),
(107, 9, 'tails&me 尾巴與我｜經典尼龍帶系列 貓用安全項圈 (共8色)', 280, 32, '上架中', NULL, '2023-11-10 02:14:19', 'APUJAN專屬墨點金屬配飾，搭配手感簽名，質感又吸睛 \r\n100%尼龍織材，強韌耐磨，柔軟度極佳 \r\n厚織密實織帶，強韌抗拉超耐用，久握不扎手 \r\n鋅鉤經五倍拉力測試，安全穩定不易斷裂'),
(108, 9, 'tails&me 尾巴與我｜經典尼龍帶系列 雙色牽繩 (共4色)', 290, 11, '已下架', NULL, '2023-11-25 11:13:09', 'APUJAN專屬墨點金屬配飾，搭配手感簽名，質感又吸睛 \r\n100%尼龍織材，強韌耐磨，柔軟度極佳 \r\n厚織密實織帶，強韌抗拉超耐用，久握不扎手 \r\n鋅鉤經五倍拉力測試，安全穩定不易斷裂'),
(109, 9, 'tails&me 尾巴與我｜經典尼龍帶系列 單色項圈 (共14色)', 280, 84, '上架中', NULL, '2023-02-14 02:43:25', 'APUJAN專屬墨點金屬配飾，搭配手感簽名，質感又吸睛 \r\n100%尼龍織材，強韌耐磨，柔軟度極佳 \r\n厚織密實織帶，強韌抗拉超耐用，久握不扎手 \r\n鋅鉤經五倍拉力測試，安全穩定不易斷裂'),
(110, 9, 'tails&me 尾巴與我｜APUJAN尾巴探險記 墨點貓牽繩-灰', 1250, 19, '上架中', NULL, '2022-11-22 22:31:45', 'APUJAN專屬墨點金屬配飾，搭配手感簽名，質感又吸睛 \r\n100%尼龍織材，強韌耐磨，柔軟度極佳 \r\n厚織密實織帶，強韌抗拉超耐用，久握不扎手 \r\n鋅鉤經五倍拉力測試，安全穩定不易斷裂'),
(111, 9, 'tails&me 尾巴與我｜APUJAN尾巴探險記 墨點貓胸背帶-藍', 1250, 15, '上架中', NULL, '2022-06-12 20:13:33', 'APUJAN專屬墨點金屬配飾，搭配手感簽名，質感又吸睛 \r\n100%尼龍織材，強韌耐磨，柔軟度極佳 \r\n厚織密實織帶，強韌抗拉超耐用，久握不扎手 \r\n鋅鉤經五倍拉力測試，安全穩定不易斷裂'),
(112, 9, 'tails&me 尾巴與我｜APUJAN尾巴探險記 墨點貓胸背帶-灰', 1250, 31, '上架中', NULL, '2022-01-05 11:40:09', 'APUJAN專屬墨點金屬配飾，搭配手感簽名，質感又吸睛 \r\n100%尼龍織材，強韌耐磨，柔軟度極佳 \r\n厚織密實織帶，強韌抗拉超耐用，久握不扎手 \r\n鋅鉤經五倍拉力測試，安全穩定不易斷裂'),
(113, 9, 'tails&me 尾巴與我｜APUJAN尾巴探險記 墨點貓安全項圈-藍', 1250, 39, '上架中', NULL, '2021-08-08 09:12:21', 'APUJAN專屬墨點金屬配飾，搭配手感簽名，質感又吸睛 \r\n100%尼龍織材，強韌耐磨，柔軟度極佳 \r\n厚織密實織帶，強韌抗拉超耐用，久握不扎手 \r\n鋅鉤經五倍拉力測試，安全穩定不易斷裂'),
(114, 9, 'tails&me 尾巴與我｜APUJAN尾巴探險記 墨點貓安全項圈-灰', 1250, 76, '上架中', NULL, '2021-04-21 05:13:57', 'APUJAN專屬墨點金屬配飾，搭配手感簽名，質感又吸睛 \r\n100%尼龍織材，強韌耐磨，柔軟度極佳 \r\n厚織密實織帶，強韌抗拉超耐用，久握不扎手 \r\n鋅鉤經五倍拉力測試，安全穩定不易斷裂'),
(115, 9, 'tails&me 尾巴與我｜APUJAN尾巴探險記 墨點犬牽繩-藍', 1250, 89, '上架中', NULL, '2021-01-05 01:36:21', 'APUJAN專屬墨點金屬配飾，搭配手感簽名，質感又吸睛 \r\n100%尼龍織材，強韌耐磨，柔軟度極佳 \r\n厚織密實織帶，強韌抗拉超耐用，久握不扎手 \r\n鋅鉤經五倍拉力測試，安全穩定不易斷裂'),
(116, 9, 'tails&me 尾巴與我｜APUJAN尾巴探險記 墨點犬牽繩-灰', 1250, 85, '上架中', NULL, '2020-08-22 10:25:05', 'APUJAN專屬墨點金屬配飾，搭配手感簽名，質感又吸睛 \r\n100%尼龍織材，強韌耐磨，柔軟度極佳 \r\n厚織密實織帶，強韌抗拉超耐用，久握不扎手 \r\n鋅鉤經五倍拉力測試，安全穩定不易斷裂'),
(117, 9, 'tails&me 尾巴與我｜APUJAN尾巴探險記 墨點犬胸背帶-藍', 1250, 65, '上架中', NULL, '2020-04-17 07:00:05', 'APUJAN專屬墨點金屬配飾，搭配手感簽名，質感又吸睛 \r\n100%尼龍織材，強韌耐磨，柔軟度極佳 \r\n厚織密實織帶，強韌抗拉超耐用，久握不扎手 \r\n鋅鉤經五倍拉力測試，安全穩定不易斷裂'),
(118, 9, 'tails&me 尾巴與我｜APUJAN尾巴探險記 墨點犬胸背帶-灰', 1250, 51, '上架中', NULL, '2019-12-12 03:35:05', 'APUJAN專屬墨點金屬配飾，搭配手感簽名，質感又吸睛 \r\n100%尼龍織材，強韌耐磨，柔軟度極佳 \r\n厚織密實織帶，強韌抗拉超耐用，久握不扎手 \r\n鋅鉤經五倍拉力測試，安全穩定不易斷裂'),
(119, 9, 'tails&me 尾巴與我｜APUJAN尾巴探險記 墨點犬項圈-藍', 1250, 20, '上架中', NULL, '2019-08-03 03:34:17', 'APUJAN專屬墨點金屬配飾，搭配手感簽名，質感又吸睛 \r\n100%尼龍織材，強韌耐磨，柔軟度極佳 \r\n厚織密實織帶，強韌抗拉超耐用，久握不扎手 \r\n鋅鉤經五倍拉力測試，安全穩定不易斷裂'),
(120, 9, 'tails&me 尾巴與我｜APUJAN尾巴探險記 墨點犬項圈-灰', 1250, 24, '上架中', NULL, '2019-04-12 08:21:47', 'APUJAN專屬墨點金屬配飾，搭配手感簽名，質感又吸睛 \r\n100%尼龍織材，強韌耐磨，柔軟度極佳 \r\n厚織密實織帶，強韌抗拉超耐用，久握不扎手 \r\n鋅鉤經五倍拉力測試，安全穩定不易斷裂'),
(121, 9, 'tails&me 尾巴與我｜APUJAN尾巴探險記 墨點寵物地墊', 1250, 39, '已下架', NULL, '2018-12-02 18:43:05', 'APUJAN專屬墨點金屬配飾，搭配手感簽名，質感又吸睛 \r\n100%尼龍織材，強韌耐磨，柔軟度極佳 \r\n厚織密實織帶，強韌抗拉超耐用，久握不扎手 \r\n鋅鉤經五倍拉力測試，安全穩定不易斷裂'),
(122, 10, 'HUNTER 恆特｜療癒羊絨玩偶', 440, 78, '上架中', NULL, '2019-08-09 07:03:45', '【環境友善】特選升級再生材料，可機洗 \r\n【溫潤手感】羊毛混紡內裡，毛孩盡情啃咬 \r\n【無聲設計】自在玩耍，適合聲音敏感毛孩'),
(123, 10, 'HUNTER 恆特｜依偎軟絨玩偶', 660, 54, '上架中', NULL, '2021-01-12 11:54:20', '【極致呵護】特選柔軟燈芯絨，可機洗 \r\n【無聲設計】自在玩耍，適合聲音敏感毛孩 \r\n【溫柔陪伴】安撫毛孩、緩解焦慮情緒'),
(124, 10, 'HUNTER 恆特｜啾啾拼接玩具', 550, 20, '上架中', NULL, '2021-01-06 03:04:38', '【柔軟親膚】拼接多種布料，刺激觸覺感官 \r\n【發聲互動】陪伴毛孩、緩解焦慮情緒 \r\n【多層觸感】每一口都帶來不同感受'),
(125, 10, 'HUNTER 恆特｜長頸兔跳耳玩具', 660, 21, '上架中', NULL, '2020-08-22 10:25:05', '【按壓互動】彈跳耳X啾啾聲，刺激玩耍興致 \r\n【渾厚飽滿】好抓握啃咬，作為拋接遊戲道具 \r\n【磨牙潔齒】立體燈芯絨，幫助清除食物殘留'),
(126, 10, 'tails&me 尾巴與我｜填充玩具 樹懶瑞斯', 650, 92, '上架中', NULL, '2020-04-17 07:00:05', 'APUJAN限定設計寵物玩具 \r\n恐龍造型工藝精巧細緻 \r\n採用自然棉布料耐咬耐抓 \r\n內藏啾啾發聲器增加互動'),
(127, 10, 'tails&me 尾巴與我｜填充玩具 長頸鹿梅森', 650, 56, '上架中', NULL, '2019-08-09 07:03:45', 'APUJAN限定設計寵物玩具 \r\n恐龍造型工藝精巧細緻 \r\n採用自然棉布料耐咬耐抓 \r\n內藏啾啾發聲器增加互動'),
(128, 10, 'tails&me 尾巴與我｜APUJAN尾巴探險記 益智發聲玩具—火箭七號', 650, 32, '上架中', NULL, '2022-06-03 22:10:45', 'APUJAN限定設計寵物玩具 \r\n恐龍造型工藝精巧細緻 \r\n採用自然棉布料耐咬耐抓 \r\n內藏啾啾發聲器增加互動'),
(129, 10, 'tails&me 尾巴與我｜APUJAN尾巴探險記 發聲玩具—失落的國度', 650, 46, '已下架', NULL, '2019-04-14 02:17:54', 'APUJAN限定設計寵物玩具 \r\n恐龍造型工藝精巧細緻 \r\n採用自然棉布料耐咬耐抓 \r\n內藏啾啾發聲器增加互動'),
(130, 10, 'tails&me 尾巴與我｜APUJAN尾巴探險記 發聲玩具—遠古的聲音', 650, 92, '上架中', NULL, '2018-12-03 22:56:55', 'APUJAN限定設計寵物玩具 \r\n恐龍造型工藝精巧細緻 \r\n採用自然棉布料耐咬耐抓 \r\n內藏啾啾發聲器增加互動'),
(131, 10, 'tails&me 尾巴與我｜APUJAN尾巴探險記 貓薄荷玩具—外星來的他', 650, 99, '上架中', NULL, '2020-04-25 13:29:57', 'APUJAN限定設計寵物玩具 \r\n恐龍造型工藝精巧細緻 \r\n採用自然棉布料耐咬耐抓 \r\n內藏啾啾發聲器增加互動'),
(132, 10, 'tails&me 尾巴與我｜APUJAN尾巴探險記 貓薄荷玩具—太空人七號', 650, 32, '上架中', NULL, '2021-04-21 17:48:33', 'APUJAN限定設計寵物玩具 \r\n恐龍造型工藝精巧細緻 \r\n採用自然棉布料耐咬耐抓 \r\n內藏啾啾發聲器增加互動'),
(133, 10, 'tails&me 尾巴與我｜APUJAN尾巴探險記 貓薄荷玩具—奇幻恐龍艾利克', 650, 79, '已下架', NULL, '2021-01-07 04:32:55', 'APUJAN限定設計寵物玩具 \r\n恐龍造型工藝精巧細緻 \r\n採用自然棉布料耐咬耐抓 \r\n內藏啾啾發聲器增加互動'),
(134, 10, 'tails&me 尾巴與我｜寵物玩具 小魚補充包3入組', 360, 74, '上架中', NULL, '2020-08-22 10:25:05', '採用天然棉麻布，觸感舒適，全程製造環保染好安心 \r\n小魚內含台灣認證有機貓薄荷，貓咪咬得開心又安心'),
(135, 10, 'tails&me 尾巴與我｜寵物玩具 追逐玩耍逗貓棒組', 280, 87, '上架中', NULL, '2020-04-17 07:00:05', '採用天然棉麻布，觸感舒適，全程製造環保染好安心 \r\n小魚內含台灣認證有機貓薄荷，貓咪咬得開心又安心'),
(136, 10, 'tails&me 尾巴與我｜寵物玩具 啃咬抱抱組 鯊魚派特', 660, 66, '上架中', NULL, '2019-09-26 02:22:21', '特殊海洋造型 \r\n發聲響紙設計 \r\n100%純棉材質 \r\n趣味互動性玩具，可單獨玩、拼拆一起玩 \r\n小魚內含台灣認證有機貓草薄荷，貓咪玩得開心又安心'),
(137, 10, 'tails&me 尾巴與我｜寵物玩具 啃咬抱抱組 燈籠魚哈恩', 110, 56, '上架中', NULL, '2019-08-01 20:42:21', '特殊海洋造型 \r\n發聲響紙設計 \r\n100%純棉材質 \r\n趣味互動性玩具，可單獨玩、拼拆一起玩 \r\n小魚內含台灣認證有機貓草薄荷，貓咪玩得開心又安心'),
(138, 10, 'tails&me 尾巴與我｜寵物玩具 啃咬抱抱組 章魚列夫', 110, 80, '上架中', NULL, '2019-04-15 20:14:01', '特殊海洋造型 \r\n發聲響紙設計 \r\n100%純棉材質 \r\n趣味互動性玩具，可單獨玩、拼拆一起玩 \r\n小魚內含台灣認證有機貓草薄荷，貓咪玩得開心又安心'),
(139, 10, 'tails&me 尾巴與我｜寵物玩具 啃咬抱抱組 海龜阿里', 110, 86, '上架中', NULL, '2018-12-05 03:10:45', '特殊海洋造型 \r\n發聲響紙設計 \r\n100%純棉材質 \r\n趣味互動性玩具，可單獨玩、拼拆一起玩 \r\n小魚內含台灣認證有機貓草薄荷，貓咪玩得開心又安心'),
(140, 10, 'tails&me 尾巴與我｜寵物玩具 啃咬抱抱組 河豚波比', 110, 89, '上架中', NULL, '2021-01-10 19:56:09', '特殊海洋造型 \r\n發聲響紙設計 \r\n100%純棉材質 \r\n趣味互動性玩具，可單獨玩、拼拆一起玩 \r\n小魚內含台灣認證有機貓草薄荷，貓咪玩得開心又安心'),
(141, 10, 'tails&me 尾巴與我｜寵物玩具 啃咬抱抱組 小丑魚奧利', 110, 54, '上架中', NULL, '2021-04-21 19:54:19', '特殊海洋造型 \r\n發聲響紙設計 \r\n100%純棉材質 \r\n趣味互動性玩具，可單獨玩、拼拆一起玩 \r\n小魚內含台灣認證有機貓草薄荷，貓咪玩得開心又安心'),
(142, 10, 'tails&me 尾巴與我｜填充玩具 麋鹿艾迪', 110, 74, '上架中', NULL, '2021-01-08 06:01:12', '當主人沒有陪伴在毛孩身邊的時候，牠們大多是在睡覺、發呆等消磨時間。如果有玩具的陪伴貓狗，既能排解無聊減少憂鬱，還能增加活動量、促進健康。 \r\n【啾啾發聲器設計】激發毛孩玩耍的興致 \r\n【環保印染布料】貓狗咬得開心又安心 \r\n【80%棉布料】耐咬耐抓不易起棉球 \r\n【療癒可愛動物造型】陪伴毛孩減低孤獨感'),
(143, 10, 'tails&me 尾巴與我｜填充玩具 棕熊珠兒', 110, 98, '上架中', NULL, '2020-08-22 10:25:05', '當主人沒有陪伴在毛孩身邊的時候，牠們大多是在睡覺、發呆等消磨時間。如果有玩具的陪伴貓狗，既能排解無聊減少憂鬱，還能增加活動量、促進健康。 \r\n【啾啾發聲器設計】激發毛孩玩耍的興致 \r\n【環保印染布料】貓狗咬得開心又安心 \r\n【80%棉布料】耐咬耐抓不易起棉球 \r\n【療癒可愛動物造型】陪伴毛孩減低孤獨感'),
(144, 10, 'tails&me 尾巴與我｜填充玩具 浣熊雷米', 110, 66, '上架中', NULL, '2024-12-04 12:19:29', '當主人沒有陪伴在毛孩身邊的時候，牠們大多是在睡覺、發呆等消磨時間。如果有玩具的陪伴貓狗，既能排解無聊減少憂鬱，還能增加活動量、促進健康。 \r\n【啾啾發聲器設計】激發毛孩玩耍的興致 \r\n【環保印染布料】貓狗咬得開心又安心 \r\n【80%棉布料】耐咬耐抓不易起棉球 \r\n【療癒可愛動物造型】陪伴毛孩減低孤獨感'),
(145, 10, 'tails&me 尾巴與我｜填充玩具 狐狸傑米', 110, 64, '已下架', NULL, '2023-11-25 06:46:26', '當主人沒有陪伴在毛孩身邊的時候，牠們大多是在睡覺、發呆等消磨時間。如果有玩具的陪伴貓狗，既能排解無聊減少憂鬱，還能增加活動量、促進健康。 \r\n【啾啾發聲器設計】激發毛孩玩耍的興致 \r\n【環保印染布料】貓狗咬得開心又安心 \r\n【80%棉布料】耐咬耐抓不易起棉球 \r\n【療癒可愛動物造型】陪伴毛孩減低孤獨感'),
(146, 11, 'PETKIT 佩奇｜5合1活性碳混合貓砂 7L (4包/箱)', 320, 10, '上架中', NULL, '2024-02-08 11:26:25', '粉塵少，不易碎，不揚塵，呵護毛孩呼吸道健康 \r\n強效吸水，瞬間凝結，包覆性佳不沾黏 \r\n持久乾爽，不易受潮，拒絕發霉影響品質 \r\n特選材質，無害成分，愛貓舔食也不必擔心 \r\n活性碳+去味因子+木薯粉&澱粉，高效除臭，保持環境清新 \r\n懶人專用，遇水即溶解可直接沖入馬桶'),
(147, 11, 'PETKIT 佩奇｜全自動智能貓砂機專用垃圾袋 (20入/捲)', 170, 10, '上架中', NULL, '2023-02-21 22:55:05', '全自動智能貓砂機專用 \r\n採用可降解HDPE，環保材質愛地球 \r\n貼心抽繩設計，迅速封口阻隔異味，打包貓砂不髒手 \r\n安裝僅需兩步驟，操作簡單，輕鬆上手 \r\n銷售重點'),
(148, 11, 'PETKIT 佩奇｜全自動智能貓砂機MAX專用 磁吸防塵門簾', 450, 20, '上架中', NULL, '2022-12-22 18:20:05', '全自動智能貓砂機MAX專用 \r\n磁吸式設計，及時閉合阻隔 \r\n有效阻隔異味，防止貓砂飛濺 \r\n輕鬆拆卸好清洗 \r\n滿足主子的如廁隱私'),
(149, 11, 'PETKIT 佩奇｜升級版智能寵物活水機專用濾心 (5入/盒)', 1080, 20, '上架中', NULL, '2022-06-24 16:35:17', 'PETKIT智能活水機專用 \r\n濾材加量100%，淨化能力再升級 \r\n多層過濾，去除飲用水中的餘氯及重金屬物質 \r\n單片濾心約可使用30天，給予毛孩最純淨的水質'),
(150, 11, 'tails&me 尾巴與我｜寵物撿便袋/盒裝', 110, 42, '上架中', NULL, '2022-01-19 03:09:57', 'tails&me寵物撿便袋特色: \r\n【生物可分解材質】愛護地球人人有責 \r\n【無添加人工香精】無色無味超環保 \r\n【毛孩便便不沾手】隨手撿便公德心佳 \r\n【體積輕巧方便攜帶】可置入撿便盒內 \r\n【保存期限18個月】'),
(151, 12, 'flexi 飛萊希｜進化系列 外出用帶狀伸縮牽繩', 699, 37, '上架中', NULL, '2021-09-07 20:40:05', '德國頂級工藝，強韌堅固不易斷裂，品質有保障 \r\n多項獨家專利，讓遛狗變得更輕鬆 \r\n繩帶引導結構，收回時自動調整方向，拒絕打結 \r\n牽繩伸縮、固定長度一鍵搞定 \r\n人體工學握把，久握舒適不手痠 \r\n高品質軸心彈簧，滑順伸縮不卡卡'),
(152, 12, 'flexi 飛萊希｜幻彩系列 外出用帶狀伸縮牽繩', 1080, 55, '上架中', NULL, '2021-04-21 07:19:43', '德國頂級工藝，強韌堅固不易斷裂，品質有保障 \r\n多項獨家專利，讓遛狗變得更輕鬆 \r\n繩帶引導結構，收回時自動調整方向，拒絕打結 \r\n牽繩伸縮、固定長度一鍵搞定 \r\n人體工學握把，久握舒適不手痠 \r\n高品質軸心彈簧，滑順伸縮不卡卡'),
(153, 12, 'flexi 飛萊希｜螢光系列 外出用索狀伸縮牽繩', 780, 10, '已下架', NULL, '2021-01-09 07:29:29', '德國頂級工藝，強韌堅固不易斷裂，品質有保障 \r\n多項獨家專利，讓遛狗變得更輕鬆 \r\n繩帶引導結構，收回時自動調整方向，拒絕打結 \r\n牽繩伸縮、固定長度一鍵搞定 \r\n人體工學握把，久握舒適不手痠 \r\n高品質軸心彈簧，滑順伸縮不卡卡'),
(154, 12, 'HUNTER 恆特｜律動減壓系列 反光項圈', 1080, 125, '上架中', NULL, '2020-08-22 10:25:05', '【穩定減震】立體網面襯墊緩衝，彈性透氣 \r\n【夜間安全】3M反光迷彩圖騰，提高能見度 \r\n【手感舒適】輕盈結實，劇烈運動不磨手 \r\n【三段調節】長度自由變換、使用不設限 \r\n【搶眼風格】3M專利反光迷彩滾邊，提高能見度'),
(155, 12, 'HUNTER 恆特｜律動減壓系列 多功能牽繩', 699, 55, '上架中', NULL, '2020-04-17 07:00:05', '【穩定減震】立體網面襯墊緩衝，彈性透氣 \r\n【夜間安全】3M反光迷彩圖騰，提高能見度 \r\n【手感舒適】輕盈結實，劇烈運動不磨手 \r\n【三段調節】長度自由變換、使用不設限 \r\n【搶眼風格】3M專利反光迷彩滾邊，提高能見度'),
(156, 12, 'HUNTER 恆特｜律動減壓系列 快套胸背帶', 1080, 50, '上架中', NULL, '2019-12-12 03:35:05', '【穩定減震】立體網面襯墊緩衝，彈性透氣 \r\n【夜間安全】3M反光迷彩圖騰，提高能見度 \r\n【手感舒適】輕盈結實，劇烈運動不磨手 \r\n【三段調節】長度自由變換、使用不設限 \r\n【搶眼風格】3M專利反光迷彩滾邊，提高能見度'),
(157, 12, 'HUNTER 恆特｜律動減壓系列 胸背帶', 780, 35, '上架中', NULL, '2019-07-31 13:50:25', '【穩定減震】立體網面襯墊緩衝，彈性透氣 \r\n【夜間安全】3M反光迷彩圖騰，提高能見度 \r\n【手感舒適】輕盈結實，劇烈運動不磨手 \r\n【三段調節】長度自由變換、使用不設限 \r\n【搶眼風格】3M專利反光迷彩滾邊，提高能見度'),
(158, 12, 'HUNTER 恆特｜律動減壓系列 項圈', 699, 9, '上架中', NULL, '2019-04-17 14:10:08', '【穩定減震】立體網面襯墊緩衝，彈性透氣 \r\n【夜間安全】3M反光迷彩圖騰，提高能見度 \r\n【手感舒適】輕盈結實，劇烈運動不磨手 \r\n【三段調節】長度自由變換、使用不設限 \r\n【搶眼風格】3M專利反光迷彩滾邊，提高能見度'),
(159, 12, 'HUNTER 恆特｜探索防震系列 反光多功能牽繩', 1750, 51, '上架中', NULL, '2018-12-06 07:24:35', '【穩定減震】立體網面襯墊緩衝，彈性透氣 \r\n【夜間安全】3M反光迷彩圖騰，提高能見度 \r\n【手感舒適】輕盈結實，劇烈運動不磨手 \r\n【三段調節】長度自由變換、使用不設限 \r\n【搶眼風格】3M專利反光迷彩滾邊，提高能見度'),
(160, 12, 'HUNTER 恆特｜探索防震系列 反光胸背帶', 2200, 54, '上架中', NULL, '2021-09-28 02:22:21', '【穩定減震】立體網面襯墊緩衝，彈性透氣 \r\n【夜間安全】3M反光迷彩圖騰，提高能見度 \r\n【犬體工學】Y型結構分散受力，不壓迫肩胛 \r\n【合身服貼】五點調節，完美貼合各種體型 \r\n【柔軟襯墊】配戴行進更舒適，不磨皮毛 \r\n【雙扣D環】可同時鉤扣牽繩，訓練暴衝毛孩 \r\n【搶眼風格】3M專利反光迷彩圖騰，提高能見度 \r\n【耐髒防霉】可輕鬆水洗、易於清潔養護'),
(161, 12, 'HUNTER 恆特｜探索防震系列 反光項圈', 780, 56, '上架中', NULL, '2021-02-25 15:14:45', '【穩定減震】立體網面襯墊緩衝，彈性透氣 \r\n【夜間安全】3M反光迷彩圖騰，提高能見度 \r\n【犬體工學】Y型結構分散受力，不壓迫肩胛 \r\n【合身服貼】五點調節，完美貼合各種體型 \r\n【柔軟襯墊】配戴行進更舒適，不磨皮毛 \r\n【雙扣D環】可同時鉤扣牽繩，訓練暴衝毛孩 \r\n【搶眼風格】3M專利反光迷彩圖騰，提高能見度 \r\n【耐髒防霉】可輕鬆水洗、易於清潔養護'),
(162, 12, 'HUNTER 恆特｜探索防震系列 多功能牽繩', 699, 53, '上架中', NULL, '2021-01-10 08:57:46', '【穩定減震】立體網面襯墊緩衝，彈性透氣 \r\n【夜間安全】3M反光迷彩圖騰，提高能見度 \r\n【犬體工學】Y型結構分散受力，不壓迫肩胛 \r\n【合身服貼】五點調節，完美貼合各種體型 \r\n【柔軟襯墊】配戴行進更舒適，不磨皮毛 \r\n【雙扣D環】可同時鉤扣牽繩，訓練暴衝毛孩 \r\n【搶眼風格】3M專利反光迷彩圖騰，提高能見度 \r\n【耐髒防霉】可輕鬆水洗、易於清潔養護'),
(163, 12, 'HUNTER 恆特｜探索防震系列 胸背帶', 850, 89, '上架中', NULL, '2020-08-22 10:25:05', '【穩定減震】立體網面襯墊緩衝，彈性透氣 \r\n【夜間安全】3M反光迷彩圖騰，提高能見度 \r\n【犬體工學】Y型結構分散受力，不壓迫肩胛 \r\n【合身服貼】五點調節，完美貼合各種體型 \r\n【柔軟襯墊】配戴行進更舒適，不磨皮毛 \r\n【雙扣D環】可同時鉤扣牽繩，訓練暴衝毛孩 \r\n【搶眼風格】3M專利反光迷彩圖騰，提高能見度 \r\n【耐髒防霉】可輕鬆水洗、易於清潔養護'),
(164, 12, 'HUNTER 恆特｜探索防震系列 牽繩', 850, 65, '已下架', NULL, '2020-04-17 07:00:05', '【穩定減震】立體網面襯墊緩衝，彈性透氣 \r\n【夜間安全】3M反光迷彩圖騰，提高能見度 \r\n【犬體工學】Y型結構分散受力，不壓迫肩胛 \r\n【合身服貼】五點調節，完美貼合各種體型 \r\n【柔軟襯墊】配戴行進更舒適，不磨皮毛 \r\n【雙扣D環】可同時鉤扣牽繩，訓練暴衝毛孩 \r\n【搶眼風格】3M專利反光迷彩圖騰，提高能見度 \r\n【耐髒防霉】可輕鬆水洗、易於清潔養護'),
(165, 12, 'HUNTER 恆特｜探索防震系列 項圈', 699, 98, '上架中', NULL, '2019-08-09 07:03:45', '【穩定減震】立體網面襯墊緩衝，彈性透氣 \r\n【夜間安全】3M反光迷彩圖騰，提高能見度 \r\n【犬體工學】Y型結構分散受力，不壓迫肩胛 \r\n【合身服貼】五點調節，完美貼合各種體型 \r\n【柔軟襯墊】配戴行進更舒適，不磨皮毛 \r\n【雙扣D環】可同時鉤扣牽繩，訓練暴衝毛孩 \r\n【搶眼風格】3M專利反光迷彩圖騰，提高能見度 \r\n【耐髒防霉】可輕鬆水洗、易於清潔養護'),
(166, 12, 'HUNTER 恆特｜條紋滾繩系列 多功能牽繩', 1080, 68, '上架中', NULL, '2022-05-30 06:21:17', '【穩定減震】立體網面襯墊緩衝，彈性透氣 \r\n【夜間安全】3M反光迷彩圖騰，提高能見度 \r\n【犬體工學】Y型結構分散受力，不壓迫肩胛 \r\n【合身服貼】五點調節，完美貼合各種體型 \r\n【柔軟襯墊】配戴行進更舒適，不磨皮毛 \r\n【雙扣D環】可同時鉤扣牽繩，訓練暴衝毛孩 \r\n【搶眼風格】3M專利反光迷彩圖騰，提高能見度 \r\n【耐髒防霉】可輕鬆水洗、易於清潔養護'),
(167, 12, 'HUNTER 恆特｜條紋滾繩系列 金屬扣項圈', 1080, 9, '上架中', NULL, '2019-04-19 08:06:15', '【穩定減震】立體網面襯墊緩衝，彈性透氣 \r\n【夜間安全】3M反光迷彩圖騰，提高能見度 \r\n【犬體工學】Y型結構分散受力，不壓迫肩胛 \r\n【合身服貼】五點調節，完美貼合各種體型 \r\n【柔軟襯墊】配戴行進更舒適，不磨皮毛 \r\n【雙扣D環】可同時鉤扣牽繩，訓練暴衝毛孩 \r\n【搶眼風格】3M專利反光迷彩圖騰，提高能見度 \r\n【耐髒防霉】可輕鬆水洗、易於清潔養護'),
(168, 12, 'HUNTER 恆特｜蜂巢羽量系列 多功能牽繩', 1080, 46, '上架中', NULL, '2018-12-07 11:38:25', '【穩定減震】立體網面襯墊緩衝，彈性透氣 \r\n【夜間安全】3M反光迷彩圖騰，提高能見度 \r\n【犬體工學】Y型結構分散受力，不壓迫肩胛 \r\n【合身服貼】五點調節，完美貼合各種體型 \r\n【柔軟襯墊】配戴行進更舒適，不磨皮毛 \r\n【雙扣D環】可同時鉤扣牽繩，訓練暴衝毛孩 \r\n【搶眼風格】3M專利反光迷彩圖騰，提高能見度 \r\n【耐髒防霉】可輕鬆水洗、易於清潔養護'),
(169, 12, 'HUNTER 恆特｜蜂巢羽量系列 胸背帶', 2150, 9, '上架中', NULL, '2022-06-15 08:48:33', '【穩定減震】立體網面襯墊緩衝，彈性透氣 \r\n【夜間安全】3M反光迷彩圖騰，提高能見度 \r\n【犬體工學】Y型結構分散受力，不壓迫肩胛 \r\n【合身服貼】五點調節，完美貼合各種體型 \r\n【柔軟襯墊】配戴行進更舒適，不磨皮毛 \r\n【雙扣D環】可同時鉤扣牽繩，訓練暴衝毛孩 \r\n【搶眼風格】3M專利反光迷彩圖騰，提高能見度 \r\n【耐髒防霉】可輕鬆水洗、易於清潔養護'),
(170, 12, 'HUNTER 恆特｜蜂巢羽量系列 項圈', 699, 6, '上架中', NULL, '2021-04-21 22:00:05', '【穩定減震】立體網面襯墊緩衝，彈性透氣 \r\n【夜間安全】3M反光迷彩圖騰，提高能見度 \r\n【犬體工學】Y型結構分散受力，不壓迫肩胛 \r\n【合身服貼】五點調節，完美貼合各種體型 \r\n【柔軟襯墊】配戴行進更舒適，不磨皮毛 \r\n【雙扣D環】可同時鉤扣牽繩，訓練暴衝毛孩 \r\n【搶眼風格】3M專利反光迷彩圖騰，提高能見度 \r\n【耐髒防霉】可輕鬆水洗、易於清潔養護'),
(171, 12, 'HUNTER 恆特｜蜂巢羽量系列 撿便包', 400, 0, '上架中', NULL, '2021-01-11 10:26:03', '【穩定減震】立體網面襯墊緩衝，彈性透氣 \r\n【夜間安全】3M反光迷彩圖騰，提高能見度 \r\n【犬體工學】Y型結構分散受力，不壓迫肩胛 \r\n【合身服貼】五點調節，完美貼合各種體型 \r\n【柔軟襯墊】配戴行進更舒適，不磨皮毛 \r\n【雙扣D環】可同時鉤扣牽繩，訓練暴衝毛孩 \r\n【搶眼風格】3M專利反光迷彩圖騰，提高能見度 \r\n【耐髒防霉】可輕鬆水洗、易於清潔養護'),
(172, 12, 'PETKIT 佩奇｜寵物外出摺疊後背包 + 一鍵外出飲水瓶', 4230, 36, '已下架', NULL, '2020-08-22 10:25:05', '寵物包界的空間魔術師，一拉一放，背包變帳篷 \r\n包體輕量化，與毛孩一同享受悠閒戶外時光 \r\n全方位通風，包內舒適透氣，毛孩久待不悶熱 \r\n符合人體工學的減壓背帶，降低負重感 \r\n大開口設計，方便毛孩進出不卡卡 \r\n包體可摺疊，輕鬆收納不占空間'),
(173, 12, 'PETKIT 佩奇 | 智能貓用背包2.0', 3880, 84, '上架中', NULL, '2020-04-17 07:00:05', '通風系統2.0，保持包內空氣流通 \r\n無極調控柔光，降低強光刺激，保護毛孩的靈魂之窗 \r\n1.5kg輕量化包體，可容納約8kg的毛孩 \r\n三瓣式設計，更貼合人體曲線，降低負重感 \r\n自鎖式機制，毛孩無法從內部撐開拉鍊 \r\n可拆卸式背包，方便取下清洗收納'),
(174, 12, 'PETKIT 佩奇｜寵物外出摺疊後背包', 3480, 58, '上架中', NULL, '2019-09-26 02:22:21', '寵物包界的空間魔術師，一拉一放，背包變帳篷 \r\n包體輕量化，與毛孩一同享受悠閒戶外時光 \r\n全方位通風，包內舒適透氣，毛孩久待不悶熱 \r\n符合人體工學的減壓背帶，降低負重感 \r\n大開口設計，方便毛孩進出不卡卡 \r\n包體可摺疊，輕鬆收納不占空間'),
(175, 12, 'PETKIT 佩奇｜抽取式外出撿便盒組', 210, 39, '上架中', NULL, '2019-07-30 06:58:29', '抽取式設計，易撕易取\r\n小巧便攜，可固定於寵物牽繩、包包\r\n讓每一次遛寵更從容自在\r\n附贈外出撿便袋一捲'),
(176, 12, 'flexi 飛萊希｜極限系列 外出用帶狀伸縮牽繩 (防暴衝專用)', 1480, 61, '已下架', NULL, '2019-04-21 02:02:22', '德國頂級工藝，強韌堅固不易斷裂，品質有保障 \r\n多項獨家專利，讓遛狗變得更輕鬆 \r\n繩帶引導結構，收回時自動調整方向，拒絕打結 \r\n牽繩伸縮、固定長度一鍵搞定 \r\n人體工學握把，久握舒適不手痠 \r\n高品質軸心彈簧，滑順伸縮不卡卡'),
(177, 12, 'flexi 飛萊希｜時尚豹紋系列 外出用索狀伸縮牽繩', 780, 29, '上架中', NULL, '2018-12-08 15:52:15', '德國頂級工藝，強韌堅固不易斷裂，品質有保障 \r\n多項獨家專利，讓遛狗變得更輕鬆 \r\n繩帶引導結構，收回時自動調整方向，拒絕打結 \r\n牽繩伸縮、固定長度一鍵搞定 \r\n人體工學握把，久握舒適不手痠 \r\n高品質軸心彈簧，滑順伸縮不卡卡'),
(178, 12, 'flexi 飛萊希｜時尚星星系列 外出用索狀伸縮牽繩', 650, 53, '上架中', NULL, '2023-03-02 15:14:45', '德國頂級工藝，強韌堅固不易斷裂，品質有保障 \r\n多項獨家專利，讓遛狗變得更輕鬆 \r\n繩帶引導結構，收回時自動調整方向，拒絕打結 \r\n牽繩伸縮、固定長度一鍵搞定 \r\n人體工學握把，久握舒適不手痠 \r\n高品質軸心彈簧，滑順伸縮不卡卡'),
(179, 12, 'flexi 飛萊希｜伸縮牽繩專屬配件 多功能便利盒 (共2色)', 490, 30, '上架中', NULL, '2021-04-22 00:05:51', '德國頂級工藝，強韌堅固不易斷裂，品質有保障 \r\n多項獨家專利，讓遛狗變得更輕鬆 \r\n繩帶引導結構，收回時自動調整方向，拒絕打結 \r\n牽繩伸縮、固定長度一鍵搞定 \r\n人體工學握把，久握舒適不手痠 \r\n高品質軸心彈簧，滑順伸縮不卡卡'),
(180, 12, 'flexi 飛萊希｜幻彩系列 外出用帶狀伸縮牽繩 (共4色)', 1080, 33, '上架中', '37ce59e3e9dbb9c7d67dea59819a9f738777d656.jpg', '2021-01-12 11:54:20', '德國頂級工藝，強韌堅固不易斷裂，品質有保障 \r\n多項獨家專利，讓遛狗變得更輕鬆 \r\n繩帶引導結構，收回時自動調整方向，拒絕打結 \r\n牽繩伸縮、固定長度一鍵搞定 \r\n人體工學握把，久握舒適不手痠 \r\n高品質軸心彈簧，滑順伸縮不卡卡'),
(181, 12, 'flexi 飛萊希｜炫光系列 外出用帶狀伸縮牽繩 (共3色)', 1080, 61, '上架中', '04bd91dbba0be448ecd5a6dbc0cf78440d1974b0.jpg', '2020-08-22 10:25:05', '德國頂級工藝，強韌堅固不易斷裂，品質有保障 \r\n多項獨家專利，讓遛狗變得更輕鬆 \r\n繩帶引導結構，收回時自動調整方向，拒絕打結 \r\n牽繩伸縮、固定長度一鍵搞定 \r\n人體工學握把，久握舒適不手痠 \r\n高品質軸心彈簧，滑順伸縮不卡卡'),
(182, 12, 'flexi 飛萊希｜炫光系列 外出用索狀伸縮牽繩', 880, 1, '上架中', '7d20474d984bbe855d556178ca91682984c9494b.jpg', '2025-02-17 12:32:45', '德國頂級工藝，強韌堅固不易斷裂，品質有保障 \r\n多項獨家專利，讓遛狗變得更輕鬆 \r\n繩帶引導結構，收回時自動調整方向，拒絕打結 \r\n牽繩伸縮、固定長度一鍵搞定 \r\n人體工學握把，久握舒適不手痠 \r\n高品質軸心彈簧，滑順伸縮不卡卡'),
(183, 12, 'flexi 飛萊希｜進化系列 外出用帶狀伸縮牽繩', 890, 92, '上架中', 'bf903e2fc4209133627a7ff18b2661b467304efc.jpg', '2021-10-01 23:11:33', '德國頂級工藝，強韌堅固不易斷裂，品質有保障 \r\n多項獨家專利，讓遛狗變得更輕鬆 \r\n繩帶引導結構，收回時自動調整方向，拒絕打結 \r\n牽繩伸縮、固定長度一鍵搞定 \r\n人體工學握把，久握舒適不手痠 \r\n高品質軸心彈簧，滑順伸縮不卡卡'),
(184, 12, 'flexi 飛萊希｜進化系列 外出用索狀伸縮牽繩', 690, 40, '上架中', 'a77b2ff77d25287399dfc36aba7e8c0d0af32e1e.jpg', '2021-04-21 07:19:43', '德國頂級工藝，強韌堅固不易斷裂，品質有保障 \r\n多項獨家專利，讓遛狗變得更輕鬆 \r\n繩帶引導結構，收回時自動調整方向，拒絕打結 \r\n牽繩伸縮、固定長度一鍵搞定 \r\n人體工學握把，久握舒適不手痠 \r\n高品質軸心彈簧，滑順伸縮不卡卡'),
(185, 12, 'flexi 飛萊希｜彩點系列 外出用索狀伸縮牽繩', 690, 19, '上架中', '6eaaf4ddbe24e4f1ba739e4f84171d33524f4dbd.jpg', '2021-01-12 11:54:20', '德國頂級工藝，強韌堅固不易斷裂，品質有保障 \r\n多項獨家專利，讓遛狗變得更輕鬆 \r\n繩帶引導結構，收回時自動調整方向，拒絕打結 \r\n牽繩伸縮、固定長度一鍵搞定 \r\n人體工學握把，久握舒適不手痠 \r\n高品質軸心彈簧，滑順伸縮不卡卡'),
(186, 13, 'flexi 飛萊希｜螢光系列 外出用索狀伸縮牽繩', 780, 94, '上架中', 'a957bf21dc62d16042dd79357765de0682e0430b.jpg', '2021-01-02 01:15:33', '德國頂級工藝，強韌堅固不易斷裂，品質有保障 \r\n多項獨家專利，讓遛狗變得更輕鬆 \r\n繩帶引導結構，收回時自動調整方向，拒絕打結 \r\n牽繩伸縮、固定長度一鍵搞定 \r\n人體工學握把，久握舒適不手痠 \r\n高品質軸心彈簧，滑順伸縮不卡卡'),
(187, 12, 'tails&me 尾巴與我｜經典尼龍帶系列 貓用胸背帶 (共7色)', 490, 19, '上架中', '2bc69ee9a54126e826e785388b02cf97f1ecd15c.jpg', '2023-12-10 11:18:33', '百搭簡約色系，毛孩出門也可以美美的 \r\n工字型胸背設計，快速穿脫，分散壓力不壓迫毛孩氣管 \r\n100%尼龍織材，強韌耐磨，柔軟度極佳 \r\n厚織密實織帶，滑順質感，強韌抗拉超耐用 \r\n車工強化零死角，兼具美觀與韌度'),
(188, 8, 'tails&me 尾巴與我｜自然概念革系列 小花配件 (共6色)', 149, 58, '已下架', '8991d061d467e00b74a0f85b5fca01e3b58084fb.jpg', '2024-04-23 11:39:41', '百搭簡約色系，毛孩出門也可以美美的 \r\n工字型胸背設計，快速穿脫，分散壓力不壓迫毛孩氣管 \r\n100%尼龍織材，強韌耐磨，柔軟度極佳 \r\n厚織密實織帶，滑順質感，強韌抗拉超耐用 \r\n車工強化零死角，兼具美觀與韌度'),
(189, 12, 'tails&me 尾巴與我｜經典尼龍帶系列 貓用牽繩 (共7色)', 290, 46, '上架中', '67be6dea2d05c56210aac70c1de59ec4ca885259.jpg', '2023-03-01 19:06:45', '百搭簡約色系，毛孩出門也可以美美的 \r\n工字型胸背設計，快速穿脫，分散壓力不壓迫毛孩氣管 \r\n100%尼龍織材，強韌耐磨，柔軟度極佳 \r\n厚織密實織帶，滑順質感，強韌抗拉超耐用 \r\n車工強化零死角，兼具美觀與韌度'),
(190, 12, 'tails&me 尾巴與我｜經典尼龍帶系列 雙色胸背帶 (共5色)', 1480, 55, '上架中', '7e38f0dec9cc6e529a467e5632db61b4ea440ebd.jpg', '2023-01-21 14:08:25', '百搭簡約色系，毛孩出門也可以美美的 \r\n工字型胸背設計，快速穿脫，分散壓力不壓迫毛孩氣管 \r\n100%尼龍織材，強韌耐磨，柔軟度極佳 \r\n厚織密實織帶，滑順質感，強韌抗拉超耐用 \r\n車工強化零死角，兼具美觀與韌度'),
(191, 12, 'tails&me 尾巴與我｜經典尼龍帶系列 單色胸背帶 (共14色)', 1180, 95, '上架中', '7a5c8f97f31cfc85e7847445befeb38725740c01.jpg', '2022-07-06 12:57:01', '百搭簡約色系，毛孩出門也可以美美的 \r\n工字型胸背設計，快速穿脫，分散壓力不壓迫毛孩氣管 \r\n100%尼龍織材，強韌耐磨，柔軟度極佳 \r\n厚織密實織帶，滑順質感，強韌抗拉超耐用 \r\n車工強化零死角，兼具美觀與韌度'),
(192, 13, 'tails&me 尾巴與我｜經典尼龍帶系列 單色牽繩 (共14色)', 1180, 7, '上架中', 'e937e35dc7b4385d5a1fc69811792445b805d9d4.jpg', '2022-02-01 18:39:45', '百搭簡約色系，毛孩出門也可以美美的 \r\n工字型胸背設計，快速穿脫，分散壓力不壓迫毛孩氣管 \r\n100%尼龍織材，強韌耐磨，柔軟度極佳 \r\n厚織密實織帶，滑順質感，強韌抗拉超耐用 \r\n車工強化零死角，兼具美觀與韌度'),
(193, 12, 'tails&me 尾巴與我｜APUJAN尾巴探險記 墨點貓牽繩-藍', 1080, 75, '上架中', '38d48ed5c7ca3e8fc48486594dfdae9ca3b14ea8.jpg', '2021-10-01 23:11:33', '百搭簡約色系，毛孩出門也可以美美的 \r\n工字型胸背設計，快速穿脫，分散壓力不壓迫毛孩氣管 \r\n100%尼龍織材，強韌耐磨，柔軟度極佳 \r\n厚織密實織帶，滑順質感，強韌抗拉超耐用 \r\n車工強化零死角，兼具美觀與韌度'),
(194, 12, 'tails&me 尾巴與我｜經典尼龍帶系列 單色標準款多功能牽繩 (共8色)', 440, 35, '上架中', '5cd14a0c531b9b9eab72927e0fdbcb6ea72d9719.jpg', '2021-04-21 09:25:29', '百搭簡約色系，毛孩出門也可以美美的 \r\n工字型胸背設計，快速穿脫，分散壓力不壓迫毛孩氣管 \r\n100%尼龍織材，強韌耐磨，柔軟度極佳 \r\n厚織密實織帶，滑順質感，強韌抗拉超耐用 \r\n車工強化零死角，兼具美觀與韌度'),
(195, 12, 'tails&me 尾巴與我｜經典尼龍帶系列 加強款多功能牽繩 (共6色)', 640, 37, '上架中', 'ab954cd0ec555ee48bde605eb4d16c4b845d0b5f.jpg', '2020-12-27 13:50:05', '百搭簡約色系，毛孩出門也可以美美的 \r\n工字型胸背設計，快速穿脫，分散壓力不壓迫毛孩氣管 \r\n100%尼龍織材，強韌耐磨，柔軟度極佳 \r\n厚織密實織帶，滑順質感，強韌抗拉超耐用 \r\n車工強化零死角，兼具美觀與韌度'),
(196, 12, 'tails&me 尾巴與我｜經典尼龍帶系列 雙色一對二牽繩 (共7色)', 330, 73, '上架中', '513947fbaca8802583cbfa1ec71233d1d97216a1.jpg', '2020-08-22 10:25:05', '百搭簡約色系，毛孩出門也可以美美的 \r\n工字型胸背設計，快速穿脫，分散壓力不壓迫毛孩氣管 \r\n100%尼龍織材，強韌耐磨，柔軟度極佳 \r\n厚織密實織帶，滑順質感，強韌抗拉超耐用 \r\n車工強化零死角，兼具美觀與韌度'),
(197, 13, '【超值囤貨組】tails&me 尾巴與我｜寵物撿便袋八入 (3盒裝)', 495, 26, '上架中', 'c788e13a82d7994e10f357425b2ea145caf4a963.jpg', '2020-04-17 07:00:05', '抽取式設計，易撕易取\r\n小巧便攜，可固定於寵物牽繩、包包\r\n讓每一次遛寵更從容自在\r\n附贈外出撿便袋一捲'),
(198, 12, 'tails&me 尾巴與我｜經典尼龍帶系列 單色一對二牽繩 (共10色)', 330, 95, '上架中', 'f6817a5daacced9be22f1b989673ea46dd7eadf7.jpg', '2019-12-12 03:35:05', '百搭簡約色系，毛孩出門也可以美美的 \r\n工字型胸背設計，快速穿脫，分散壓力不壓迫毛孩氣管 \r\n100%尼龍織材，強韌耐磨，柔軟度極佳 \r\n厚織密實織帶，滑順質感，強韌抗拉超耐用 \r\n車工強化零死角，兼具美觀與韌度'),
(199, 12, 'tails&me 尾巴與我｜自然概念革系列 配件-狗', 199, 23, '上架中', '90d6b348e9fde6b4d61045c8faf3d344b100062e.jpg', '2019-07-29 00:06:33', '百搭簡約色系，毛孩出門也可以美美的 \r\n工字型胸背設計，快速穿脫，分散壓力不壓迫毛孩氣管 \r\n100%尼龍織材，強韌耐磨，柔軟度極佳 \r\n厚織密實織帶，滑順質感，強韌抗拉超耐用 \r\n車工強化零死角，兼具美觀與韌度'),
(200, 11, 'tails&me 尾巴與我｜經典尼龍帶系列 雙色項圈 (共5色)', 280, 90, '上架中', '49854e3e2835780b44240ec7d5c699dc0a275c9b.jpg', '2019-04-22 19:58:29', '百搭簡約色系，毛孩出門也可以美美的 \r\n工字型胸背設計，快速穿脫，分散壓力不壓迫毛孩氣管 \r\n100%尼龍織材，強韌耐磨，柔軟度極佳 \r\n厚織密實織帶，滑順質感，強韌抗拉超耐用 \r\n車工強化零死角，兼具美觀與韌度'),
(201, 11, 'tails&me 尾巴與我｜自然概念革系列 項圈', 390, 28, '上架中', '080e7d0df144896234bbe2d2119d9a9efb332b2a.jpg', '2018-11-25 17:20:05', '百搭簡約色系，毛孩出門也可以美美的 \r\n工字型胸背設計，快速穿脫，分散壓力不壓迫毛孩氣管 \r\n100%尼龍織材，強韌耐磨，柔軟度極佳 \r\n厚織密實織帶，滑順質感，強韌抗拉超耐用 \r\n車工強化零死角，兼具美觀與韌度'),
(202, 12, 'tails&me 尾巴與我｜自然概念革系列 牽繩', 390, 62, '上架中', '42589cf62b06e9d10b6d08da0db8c1a655334b64.jpg', '2019-08-09 07:03:45', '百搭簡約色系，毛孩出門也可以美美的 \r\n工字型胸背設計，快速穿脫，分散壓力不壓迫毛孩氣管 \r\n100%尼龍織材，強韌耐磨，柔軟度極佳 \r\n厚織密實織帶，滑順質感，強韌抗拉超耐用 \r\n車工強化零死角，兼具美觀與韌度'),
(203, 12, 'tails&me 尾巴與我｜自然概念革系列 胸背帶', 580, 23, '已下架', '24b9cfd85b5f451aa542835c1456b5a292f5760f.jpg', '2021-01-11 10:26:03', '百搭簡約色系，毛孩出門也可以美美的 \r\n工字型胸背設計，快速穿脫，分散壓力不壓迫毛孩氣管 \r\n100%尼龍織材，強韌耐磨，柔軟度極佳 \r\n厚織密實織帶，滑順質感，強韌抗拉超耐用 \r\n車工強化零死角，兼具美觀與韌度'),
(204, 12, 'tails&me 尾巴與我｜經典尼龍帶系列 雙色標準款多功能牽繩', 550, 50, '上架中', '3ab1ac40db4776448072583b4c4a8c81cb317d8c.jpg', '2020-12-27 13:50:05', '百搭簡約色系，毛孩出門也可以美美的 \r\n工字型胸背設計，快速穿脫，分散壓力不壓迫毛孩氣管 \r\n100%尼龍織材，強韌耐磨，柔軟度極佳 \r\n厚織密實織帶，滑順質感，強韌抗拉超耐用 \r\n車工強化零死角，兼具美觀與韌度');

-- --------------------------------------------------------

--
-- 資料表結構 `product_category`
--

CREATE TABLE `product_category` (
  `category_id` int(11) NOT NULL,
  `categoryName` varchar(5) CHARACTER SET utf8 COLLATE utf8_general_ci NOT NULL,
  `categoryParent` int(11) DEFAULT NULL,
  `categoryDetail` varchar(50) CHARACTER SET utf8 COLLATE utf8_general_ci DEFAULT NULL
) ENGINE=InnoDB DEFAULT CHARSET=utf8mb4 COLLATE=utf8mb4_general_ci;

--
-- 傾印資料表的資料 `product_category`
--

INSERT INTO `product_category` (`category_id`, `categoryName`, `categoryParent`, `categoryDetail`) VALUES
(1, '食', 0, '吃起來'),
(2, '衣', 0, '穿起來'),
(3, '住', 0, '住起來'),
(4, '行', 0, '玩起來'),
(5, '乾飼料', 1, '雞/豬/牛/魚/羊/鴨'),
(6, '罐頭', 1, '雞/豬/牛/魚/羊/鴨'),
(7, '保健食品', 1, 'Wakamoto 若元錠/ B群 / 魚油/ 營養草粉'),
(8, '寵物衣裝', 2, '衣服/造型頭飾'),
(9, '美容護理', 2, '指甲剪/寵物梳子/烘毛箱/電動嚕毛刀'),
(10, '抓板玩具', 3, '跳台/娃娃/'),
(11, '生活用品', 3, '貓砂/鍋碗瓢盆/禮貌帶/尿布/餵食器/貓狗窩'),
(12, '溜繩', 4, '牽引繩/嘴套'),
(13, '寵物外出包', 4, '外出包/推車');

-- --------------------------------------------------------

--
-- 資料表結構 `profile1`
--

CREATE TABLE `profile1` (
  `sid` varchar(6) CHARACTER SET utf8 COLLATE utf8_general_ci DEFAULT NULL,
  `name` varchar(3) CHARACTER SET utf8 COLLATE utf8_general_ci DEFAULT NULL,
  `gender` varchar(1) CHARACTER SET utf8 COLLATE utf8_general_ci DEFAULT NULL,
  `birthday` date DEFAULT NULL,
  `mobile` varchar(11) CHARACTER SET utf8 COLLATE utf8_general_ci DEFAULT NULL,
  `nickname` varchar(2) CHARACTER SET utf8 COLLATE utf8_general_ci DEFAULT NULL,
  `email` varchar(25) CHARACTER SET utf8 COLLATE utf8_general_ci DEFAULT NULL,
  `account` varchar(15) CHARACTER SET utf8 COLLATE utf8_general_ci DEFAULT NULL,
  `password` int(11) DEFAULT NULL,
  `address` varchar(20) CHARACTER SET utf8 COLLATE utf8_general_ci DEFAULT NULL,
  `identification` varchar(10) CHARACTER SET utf8 COLLATE utf8_general_ci DEFAULT NULL
) ENGINE=InnoDB DEFAULT CHARSET=utf8mb4 COLLATE=utf8mb4_general_ci;

--
-- 傾印資料表的資料 `profile1`
--

INSERT INTO `profile1` (`sid`, `name`, `gender`, `birthday`, `mobile`, `nickname`, `email`, `account`, `password`, `address`, `identification`) VALUES
('mem001', '王升嬡', '女', '2017-12-12', '0988492706', NULL, 'stella363@hotmail.com', 'kenneth9002', 5928, '臺南市永康區中正南路35號7樓', 'J287678056'),
('mem002', '張浩雙', '男', '2003-03-14', '0919896718', NULL, 'sinatra6223@gmail.com', 'jeremiah6449', 8312, '彰化縣伸港鄉新興路19號', 'T145473780'),
('mem003', '林棋緹', '女', '2001-11-20', '0919941080', NULL, 'king2739@gmail.com', 'eliana4407', 5005, '高雄市鳥松區球場路文中巷85號2樓之11', 'T235307673'),
('mem004', '梁筱鬱', '女', '2006-08-09', '0968920694', NULL, 'noelle4783@gmail.com', 'jonathan804', 8041, '臺北市大安區和平東路１段64號之8', 'Q299084229'),
('mem005', '鐘志楠', '男', '2019-01-22', '0935799542', NULL, 'pierre1084@yahoo.com', 'harris9654', 2303, '新北市三重區後竹圍街90號', 'J153971751'),
('mem006', '王心鳳', '女', '1977-01-18', '0936716351', '小鳳', 'cynthia3324@yahoo.com', 'caulfield1229', 8670, '苗栗縣竹南鎮獅山79號', 'X231647178'),
('mem007', '沈中芬', '女', '1986-07-30', '0937609060', '阿芬', 'rogers8326@hotmail.com', 'jonathan3852', 5737, '臺南市北區北安路１段50號', 'O274780024'),
('mem008', '汪嫣怡', '女', '1972-01-16', '0935333831', NULL, 'kimberly6702@hotmail.com', 'mcgowan6064', 1244, '宜蘭縣羅東鎮純精路１段89號7樓', 'D249390290'),
('mem009', '呂彥睿', '女', '2013-06-25', '0937173094', NULL, 'keith9499@outlook.com', 'brenda5199', 3202, '宜蘭縣五結鄉大眾路4號之13', 'D220893490'),
('mem010', '古中沐', '女', '1975-07-11', '0925142379', NULL, 'heigl6071@gmail.com', 'raphael4878', 7403, '高雄市三民區十全一路30號之13', 'J220292738'),
('mem011', '蔡智澍', '男', '1996-04-02', '0988814423', NULL, 'morales1840@gmail.com', 'nicholas9169', 8025, '花蓮縣鳳林鎮民權路37號之13', 'U102989520'),
('mem012', '馮淇雪', '女', '1994-03-31', '0933117141', NULL, 'debra7552@gmail.com', 'brookes4874', 2003, '桃園市龍潭區九座寮72號3樓', 'V243203186'),
('mem013', '蕭建雁', '女', '1962-09-09', '0926377477', NULL, 'lily6165@gmail.com', 'greg3604', 5901, '雲林縣斗六市科加一路11號', 'B207037661'),
('mem014', '賴悦春', '女', '1975-09-11', '0926899895', NULL, 'luna6467@hotmail.com', 'evans8482', 6471, '桃園市八德區大車路19號11樓', 'F274568146'),
('mem015', '曹博璟', '男', '1992-06-13', '0920558644', NULL, 'witton4621@gmail.com', 'pierre7189', 8882, '桃園市大溪區栗仔園6號', 'T167233495'),
('mem016', '陳精青', '男', '1996-01-09', '0922422034', NULL, 'culver8414@gmail.com', 'stewart6760', 6182, '南投縣信義鄉民和巷77號', 'Y132906586'),
('mem017', '李庸折', '男', '2009-08-08', '0956016818', NULL, 'whalen8693@gmail.com', 'oliver263', 8930, '高雄市前金區國民街56號之19', 'A120610398'),
('mem018', '朱濮維', '女', '1964-08-07', '0989848311', NULL, 'hotz7310@outlook.com', 'beverly1479', 7407, '宜蘭縣三星鄉大隱十一路39號', 'N235751701'),
('mem019', '莊山星', '男', '1984-07-23', '0963260714', '星星', 'mason6248@gmail.com', 'taylor9605', 1747, '臺中市西屯區大弘六街15號', 'P120793474'),
('mem020', '劉菁韻', '女', '2003-03-29', '0919282690', NULL, 'ferragni3965@gmail.com', 'shields9016', 4560, '高雄市前鎮區翠和街50號', 'P219718056'),
('mem021', '鄧初旻', '女', '1966-09-07', '0931373064', NULL, 'edith5205@hotmail.com', 'james9678', 4927, '臺中市大里區新仁路１段85號之3', 'H261586230'),
('mem022', '鄭曄鋭', '男', '2007-01-25', '0960261514', NULL, 'mickey5109@outlook.com', 'duffy7700', 8109, '嘉義縣水上鄉忠孝街93號5樓', 'X150415032'),
('mem023', '邱嫣鷺', '女', '2013-08-11', '0987653199', NULL, 'kelly9473@gmail.com', 'young5264', 1486, '雲林縣西螺鎮吉興街93號之8', 'Q243829970'),
('mem024', '楊卓齊', '女', '1991-08-02', '0986339306', NULL, 'scott3820@icloud.com', 'peppernell6165', 1806, '臺中市大甲區光明路22號', 'C277141582'),
('mem025', '許星璧', '女', '1964-01-07', '0989914701', NULL, 'dana4991@gmail.com', 'abbadie834', 1459, '臺中市大里區仁化路83號', 'D203567517'),
('mem026', '廖哲朋', '男', '2009-08-30', '0910777894', NULL, 'nathan1092@gmail.com', 'reed6955', 6705, '宜蘭縣冬山鄉八仙三路59號2樓', 'V187121425'),
('mem027', '黃港澍', '男', '1985-10-03', '0923955800', NULL, 'patel9154@gmail.com', 'miranda2397', 5681, '新竹縣竹東鎮東峰路95號', 'X199076122'),
('mem028', '方木鶴', '男', '1985-04-05', '0912267681', NULL, 'logan9960@gmail.com', 'pamela2639', 2966, '宜蘭縣礁溪鄉礁溪路４段36號', 'R183919587'),
('mem029', '吳千楷', '男', '1991-09-25', '0989616958', NULL, 'daxton113@icloud.com', 'barlow8368', 3579, '新竹縣新豐鄉保愛街12號5樓之15', 'Y178036898'),
('mem030', '張修平', '男', '2003-03-20', '0927195884', NULL, 'joshua9536@gmail.com', 'paul7470', 8680, '高雄市鳳山區善士街3號之16', 'W196814542'),
('mem031', '詹樂耿', '男', '1978-12-11', '0936128636', NULL, 'alan3983@gmail.com', 'lautner9348', 3308, '臺中市北區德化街41號', 'H136051142'),
('mem032', '劉沐羽', '女', '1967-09-19', '0936951735', NULL, 'stewart4754@gmail.com', 'caitlin4056', 5303, '桃園市新屋區中興路48號', 'K224148081'),
('mem033', '紀實智', '男', '1970-11-18', '0912801870', NULL, 'fawcett8957@gmail.com', 'ward6135', 7705, '桃園市觀音區五福二街63號', 'G195091676'),
('mem034', '馬文濤', '男', '1993-02-21', '0926596807', NULL, 'jeremy5884@hotmail.com', 'nicole561', 1305, '新竹縣竹北市新港二街20號8樓', 'T106676756'),
('mem035', '李清飄', '女', '1989-12-05', '0926380320', NULL, 'clements9415@gmail.com', 'sigrid2788', 7283, '宜蘭縣頭城鎮烏石港路40號', 'L238243384'),
('mem036', '邱和蓉', '女', '2016-10-26', '0934025922', NULL, 'janna5312@hotmail.com', 'peterson1457', 1441, '桃園市桃園區南豐二街93號', 'B251533016'),
('mem037', '田凱進', '男', '1977-01-29', '0918104601', NULL, 'evan4026@gmail.com', 'chiara8655', 3898, '臺中市南區瑞光街34號', 'V182893793'),
('mem038', '陳思邦', '男', '1977-08-21', '0938351874', NULL, 'rogers7605@hotmail.com', 'doris778', 2233, '苗栗縣銅鑼鄉大同新城37號', 'D100791251'),
('mem039', '詹來梓', '男', '2012-12-10', '0958249271', NULL, 'banks9133@hotmail.com', 'williams6088', 5814, '臺北市中正區師大路100號', 'H182211781'),
('mem040', '鄭平煜', '女', '1992-04-14', '0924518803', NULL, 'arnold8714@gmail.com', 'ramos7777', 3768, '新北市淡水區中山路37號7樓', 'I230348152'),
('mem041', '林杉賢', '男', '1993-06-01', '0952720940', '阿賢', 'philip6972@gmail.com', 'nolan2011', 3689, '彰化縣溪州鄉苗專二路90號11樓', 'K100577944'),
('mem042', '馮元永', '女', '2000-10-14', '0963968126', NULL, 'diane4688@gmail.com', 'bagshawe8943', 6527, '高雄市新興區復橫一路5號', 'D247618295'),
('mem043', '鐘倫慈', '男', '2018-05-07', '0928514782', NULL, 'eugene3211@yahoo.com', 'hart1010', 5421, '雲林縣林內鄉光明路17號', 'T147274025'),
('mem044', '廖尹恩', '女', '2019-08-04', '0934488864', NULL, 'linda9389@gmail.com', 'julie7828', 4343, '嘉義市西區健康十一街72號', 'H280023356'),
('mem045', '曹暢馳', '男', '2013-09-29', '0916596618', NULL, 'nestor9963@yahoo.com', 'jackson8179', 9617, '彰化縣和美鎮仁美路89號', 'P176473690'),
('mem046', '薛眾諺', '男', '1986-01-06', '0924108026', NULL, 'jeremy8755@hotmail.com', 'dennis4205', 8234, '雲林縣斗南鎮中正路10號之17', 'A121864541'),
('mem047', '童峯瀟', '男', '1986-09-19', '0987238946', NULL, 'randolph4701@outlook.com', 'sarita6458', 4942, '臺中市大甲區中山路２段26號11樓', 'E125229097'),
('mem048', '林暉朋', '男', '2011-10-28', '0971062143', NULL, 'price4108@gmail.com', 'mia9317', 6484, '苗栗縣西湖鄉半天寮20號', 'A187835908'),
('mem049', '林叢微', '女', '1982-05-31', '0918678411', NULL, 'janice4174@gmail.com', 'lily2922', 4570, '高雄市鳳山區自強一路3號4樓之15', 'O269991177'),
('mem050', '黃柏江', '男', '1983-08-21', '0954506977', NULL, 'jeffrey8190@gmail.com', 'lopez9773', 6684, '高雄市仁武區高楠七街6號7樓', 'S155370759'),
('mem051', '張璧蕾', '女', '2000-05-20', '0928967368', NULL, 'patel3883@yahoo.com', 'christensen7761', 3485, '臺北市大同區民生西路42號', 'W204145923'),
('mem052', '楊劉碩', '男', '1980-05-30', '0928937035', NULL, 'kipping7644@gmail.com', 'mark1524', 1285, '屏東縣萬丹鄉加智路52號', 'P128173741'),
('mem053', '魏心芊', '女', '2010-12-08', '0938324026', '芊芊', 'cooper1710@gmail.com', 'cody9341', 4060, '屏東縣高樹鄉和平路29號11樓', 'A227250105'),
('mem054', '鄭吉志', '男', '1994-10-08', '0989457529', '阿志', 'adrian9151@hotmail.com', 'jefferson1132', 3813, '臺南市歸仁區中正南路１段15號9樓', 'U193641811'),
('mem055', '蔡筱臻', '女', '1974-08-19', '0929887378', NULL, 'jennifer9920@yahoo.com', 'emily4739', 7923, '新北市中和區錦和路12號', 'W276950012'),
('mem056', '詹俊明', '女', '1971-11-02', '0925339312', NULL, 'debra5918@hotmail.com', 'lia2517', 5949, '高雄市楠梓區美昌街59號', 'V204555418'),
('mem057', '洪媗昕', '女', '2003-07-15', '0939277624', NULL, 'laura4766@hotmail.com', 'mary1798', 2837, '高雄市橋頭區芋林路文明巷20號', 'K228141971'),
('mem058', '傅宛歌', '女', '1988-09-06', '0971345600', NULL, 'gerson5844@hotmail.com', 'gina4255', 6160, '臺南市永康區中山路40號之8', 'J217732778'),
('mem059', '藍緹霞', '女', '1997-03-30', '0939937364', NULL, 'reed8985@outlook.com', 'emma8122', 1751, '臺北市中山區松江路42號', 'R286627355'),
('mem060', '陳嘉拓', '男', '1978-05-21', '0956543820', NULL, 'colton9228@gmail.com', 'mcmahon1355', 3949, '屏東縣屏東市成功巷8號12樓', 'T108420243'),
('mem061', '袁俊珮', '女', '1996-11-24', '0931610049', NULL, 'rodney6565@yahoo.com', 'hopper9988', 5347, '花蓮縣玉里鎮民國路１段56號之17', 'M208842441'),
('mem062', '溫嚴國', '男', '1978-05-10', '0925444552', NULL, 'baker6257@gmail.com', 'julian6216', 5599, '新北市新店區湖興路26號7樓之12', 'J160895766'),
('mem063', '鄭冉銀', '女', '2014-08-21', '0928096354', NULL, 'lori9067@hotmail.com', 'sutton3685', 6609, '桃園市八德區營盤35號', 'J239750994'),
('mem064', '鄭融鋅', '男', '1986-02-28', '0913019524', NULL, 'james1705@outlook.com', 'gerson3679', 8280, '新北市三重區碧華街49號', 'J108170124'),
('mem065', '詹叢益', '女', '2008-05-28', '0939998300', NULL, 'shayla296@gmail.com', 'daisy6327', 9889, '屏東縣恆春鎮東海路75號8樓', 'W268105585'),
('mem066', '陳千尹', '女', '1973-02-05', '0934445568', NULL, 'isabel3101@hotmail.com', 'alexia6958', 7774, '桃園市大園區自立三街92號', 'D208451372'),
('mem067', '蔡志珮', '女', '1997-03-24', '0971226306', NULL, 'peterson8064@outlook.com', 'mark9204', 7515, '臺北市大同區民生西路75號之14', 'C201323132'),
('mem068', '賴娟甯', '女', '1990-01-05', '0931889170', NULL, 'bledel9034@gmail.com', 'gerard2078', 9667, '高雄市小港區中利街64號', 'U204534767'),
('mem069', '曾琦芝', '女', '1984-09-09', '0930703654', NULL, 'lannister4978@gmail.com', 'edwards2379', 3222, '新竹縣湖口鄉八德路１段41號', 'H231032112'),
('mem070', '游柯飛', '女', '1987-11-12', '0982252754', NULL, 'ferragni2671@gmail.com', 'roy2881', 8796, '新竹縣竹東鎮下員山路17號3樓之11', 'A259180589'),
('mem071', '盧梓莘', '女', '1981-11-10', '0915262815', NULL, 'keith4760@gmail.com', 'carlos5925', 4990, '苗栗縣苗栗市玉維一街75號', 'W298354738'),
('mem072', '鍾茜藍', '女', '2014-03-10', '0938501112', NULL, 'nerissa4888@gmail.com', 'jeremy2122', 3469, '臺南市東區崇善六街14號之15', 'C246155225'),
('mem073', '盧恬霞', '女', '1972-01-13', '0961369250', '阿霞', 'blackwood2726@gmail.com', 'miller5305', 1398, '彰化縣二林鎮金山巷52號5樓', 'C240713849'),
('mem074', '邵悟敬', '男', '1961-08-04', '0921509395', NULL, 'lyn1237@outlook.com', 'duncan6395', 1410, '臺北市南港區福德街8號4樓', 'V105282421'),
('mem075', '鍾濤靈', '女', '1965-02-28', '0982414676', NULL, 'luna8671@gmail.com', 'victoria2314', 1501, '宜蘭縣冬山鄉安農三路36號', 'S236681784'),
('mem076', '沈婷艾', '女', '1988-11-01', '0971271536', NULL, 'liya5997@gmail.com', 'hernandez2683', 3878, '雲林縣虎尾鎮林森路１段67號之6', 'E292040186'),
('mem077', '周千飛', '女', '1999-07-03', '0923548245', '飛哥', 'vivian4524@gmail.com', 'anthony8133', 7730, '高雄市仁武區赤和街27號7樓', 'J227856687'),
('mem078', '游倫崇', '男', '2014-03-18', '0989193682', NULL, 'roy4564@icloud.com', 'beverly7896', 1716, '屏東縣南州鄉新興路5號之6', 'E167053039'),
('mem079', '朱瑗鷺', '女', '1987-06-09', '0925527679', '小朱', 'reynes9665@gmail.com', 'carlos703', 7265, '嘉義縣大林鎮忠孝路85號3樓', 'F289944989'),
('mem080', '紀影熹', '女', '2020-10-25', '0958017613', NULL, 'gonzales5491@gmail.com', 'susan4764', 6849, '新北市淡水區自強路20號', 'S220104730'),
('mem081', '蔡智瑞', '女', '1960-05-23', '0923445176', NULL, 'jackson5439@icloud.com', 'sarita110', 4145, '臺中市神岡區神圳路79號', 'I270397871'),
('mem082', '陳晤鋭', '男', '1998-12-29', '0923115507', NULL, 'thomas1557@gmail.com', 'martin8889', 6795, '嘉義市東區光彩街37號', 'I150804748'),
('mem083', '楊豐驥', '男', '2017-09-05', '0926372281', NULL, 'ethan8636@gmail.com', 'kubrick2412', 1793, '宜蘭縣蘇澳鎮德興六路92號', 'K138564699'),
('mem084', '廖恩雅', '男', '1989-05-18', '0954421379', '阿雅', 'isaiah6221@gmail.com', 'foster5813', 1142, '臺中市太平區太平十七街28號10樓', 'T115886368'),
('mem085', '張晴榕', '女', '1981-02-19', '0915134859', NULL, 'mraz6942@outlook.com', 'cox3429', 7121, '高雄市岡山區公園西路２段11號', 'O233811117'),
('mem086', '陳曄汶', '男', '2002-05-10', '0920503072', NULL, 'mcgowan5094@gmail.com', 'velazquez5014', 1493, '高雄市鳳山區信義街81號11樓', 'I137269858'),
('mem087', '翁川振', '男', '1961-03-10', '0926740946', NULL, 'stenson4527@outlook.com', 'kayla8709', 5200, '臺中市北屯區中清路２段61號12樓之12', 'K168852479'),
('mem088', '陳寧祉', '男', '2015-06-07', '0963809263', NULL, 'grecic6260@hotmail.com', 'claire3969', 4691, '臺中市北屯區環中東路２段95號', 'C196912750'),
('mem089', '鐘遠韶', '男', '2001-04-17', '0955798971', NULL, 'kenneth1748@gmail.com', 'ross5909', 4371, '臺中市南區三民西路39號', 'H118020907'),
('mem090', '黃衞遠', '男', '2008-06-25', '0970737696', NULL, 'george4448@yahoo.com', 'nolan6345', 2094, '苗栗縣後龍鎮自強三街40號12樓', 'W152388076'),
('mem091', '林卓星', '男', '1977-08-20', '0928972651', NULL, 'bobby2689@gmail.com', 'glenn8915', 6133, '臺北市中山區龍江路48號4樓', 'Y156276745'),
('mem092', '陳懷進', '男', '2011-10-09', '0987642293', NULL, 'patrick6636@gmail.com', 'frances6906', 5117, '彰化縣溪州鄉圳南路15號', 'U160817065'),
('mem093', '翁婧璧', '女', '2017-09-10', '0953120192', NULL, 'mendoza4625@gmail.com', 'clive4446', 5285, '臺中市西區金山路79號5樓', 'H279766635'),
('mem094', '李亦和', '女', '1987-12-01', '0963352353', NULL, 'nicole9778@gmail.com', 'gomez6252', 9990, '宜蘭縣冬山鄉公園路２段86號12樓', 'Y256217757'),
('mem095', '康俊鑾', '男', '2009-10-26', '0987131134', NULL, 'strong9357@gmail.com', 'gutierrez9757', 1361, '南投縣草屯鎮中正路樹人巷64號之5', 'X161591132'),
('mem096', '鄧倫實', '男', '2005-05-26', '0987507212', NULL, 'martin5944@gmail.com', 'thompson1956', 2190, '桃園市觀音區大同一路26號之4', 'T112496139'),
('mem097', '郭採曉', '女', '1979-12-22', '0932417051', NULL, 'atlas2374@gmail.com', 'adrian6766', 3528, '花蓮縣花蓮市自強街46號', 'X244915103'),
('mem098', '吳益齊', '女', '1993-03-11', '0956471323', NULL, 'alissa9091@hotmail.com', 'kudrow8164', 2039, '雲林縣虎尾鎮定遠新村48號2樓', 'B290314180'),
('mem099', '曹然顏', '男', '1963-07-07', '0953799242', NULL, 'eugene1290@gmail.com', 'dax8301', 8713, '新北市中和區中山路２段64號7樓', 'E197829925'),
('mem100', '石志江', '男', '1984-09-26', '0989085710', NULL, 'richardson8195@gmail.com', 'peters5996', 3584, '新竹市香山區富禮街95號12樓', 'O198252481'),
('mem101', '石貴雷', '男', '1966-02-19', '0960473532', NULL, 'evan3780@outlook.com', 'longoria2155', 1978, '桃園市八德區大義街53號', 'E108394844'),
('mem102', '莊熹菡', '女', '1979-01-29', '0910555321', NULL, 'hammer9310@gmail.com', 'bryan8107', 2955, '臺南市善化區永福路60號12樓之8', 'C297432351'),
('mem103', '鐘濮霞', '女', '1974-08-18', '0922817471', NULL, 'duncan4915@gmail.com', 'gomez1077', 3643, '屏東縣屏東市莒園巷86號', 'A264886418'),
('mem104', '張川星', '男', '2008-05-24', '0952377241', NULL, 'crouch9037@gmail.com', 'leland2714', 2224, '臺南市安平區世平三街45號', 'J119834620'),
('mem105', '曹雨霞', '女', '2001-06-29', '0982577540', NULL, 'hillary9948@yahoo.com', 'beardsley8657', 7189, '臺北市士林區文林路46號', 'Q201286171'),
('mem106', '吳樹清', '男', '1989-04-18', '0931035157', NULL, 'cockburn6507@gmail.com', 'sanders7830', 6108, '花蓮縣壽豐鄉轉播台82號', 'B137334037'),
('mem107', '周哲晉', '男', '1984-01-15', '0987348406', NULL, 'gustavo7560@icloud.com', 'everett1860', 1433, '花蓮縣吉安鄉華興七街88號', 'S142757171'),
('mem108', '羅笑育', '女', '2020-08-17', '0916684822', NULL, 'amanda6850@gmail.com', 'green8355', 6861, '桃園市中壢區文化路42號', 'Z236788024'),
('mem109', '陸善皓', '男', '1988-08-30', '0972764248', NULL, 'nixon2667@hotmail.com', 'rose8737', 2742, '臺南市柳營區福安二街43號', 'E170896093'),
('mem110', '金冉語', '女', '2020-02-23', '0911955502', NULL, 'belinda583@gmail.com', 'gary616', 6391, '臺北市中正區和平西路１段41號11樓', 'J293778281'),
('mem111', '吳易金', '女', '1985-07-19', '0910097786', '阿金', 'blanchard8229@gmail.com', 'stephen7779', 3209, '新北市新莊區後港二路73號', 'I223649108'),
('mem112', '陳巖浚', '男', '1975-05-08', '0937312984', NULL, 'cecil4340@gmail.com', 'carey3435', 5202, '臺南市東山區凹子腳37號', 'J132610673'),
('mem113', '李保德', '男', '2020-03-05', '0933942561', NULL, 'lucas6815@gmail.com', 'blaine2403', 3355, '高雄市前金區市中一路65號之3', 'F194022103'),
('mem114', '孫翰辰', '男', '2013-12-17', '0924560733', NULL, 'william5163@gmail.com', 'beardsley2937', 1189, '花蓮縣花蓮市化道路13號之10', 'U192302128'),
('mem115', '溫初沛', '女', '1970-02-15', '0954400956', NULL, 'vera6875@hotmail.com', 'jensen862', 6012, '臺中市神岡區文昌街100號3樓', 'P257478024'),
('mem116', '姚邦鴻', '男', '1972-04-25', '0928418467', NULL, 'clements6188@hotmail.com', 'gina7357', 2243, '花蓮縣吉安鄉吉太街71號', 'O136944344'),
('mem117', '蔡方益', '男', '1975-02-10', '0927623504', NULL, 'reggie4959@yahoo.com', 'jonathan4225', 6853, '彰化縣和美鎮大佃路78號3樓', 'R129154920'),
('mem118', '劉江舟', '男', '2020-07-31', '0918866678', NULL, 'mcneil1935@yahoo.com', 'thomas4917', 8298, '新北市永和區環河西路２段72號', 'P118545566'),
('mem119', '楊熙穎', '女', '1984-10-22', '0919567490', NULL, 'jillian3659@gmail.com', 'murphy8627', 3817, '高雄市新興區中東街91號之18', 'Y293750702'),
('mem120', '李乾勛', '男', '1984-04-16', '0924126867', NULL, 'dinwiddie9674@gmail.com', 'jarrod7161', 2381, '苗栗縣後龍鎮百三68號11樓', 'G119152354'),
('mem121', '蔡爾珮', '女', '2000-05-04', '0937389585', NULL, 'kelly9486@gmail.com', 'oscar8155', 1497, '高雄市仁武區赤吉街95號', 'Q207301060'),
('mem122', '柯暉眾', '男', '1977-10-18', '0925394871', '柯南', 'kubrick226@gmail.com', 'mallette9820', 3504, '雲林縣斗六市劉厝路19號7樓之17', 'R175883523'),
('mem123', '龔奇鋭', '男', '1986-07-08', '0923210417', NULL, 'nestor9283@yahoo.com', 'hayden8588', 2548, '新北市淡水區水源街２段98號9樓之15', 'T168150913'),
('mem124', '鄒宸璇', '女', '1963-03-15', '0918981858', NULL, 'cecil3234@gmail.com', 'walker5779', 2686, '新竹縣竹北市勝利十三街38號8樓', 'L272150060'),
('mem125', '周舒蓉', '女', '1963-10-24', '0939376837', NULL, 'cecil4349@gmail.com', 'janice5476', 6374, '新北市貢寮區外隆林街82號8樓', 'S227413812'),
('mem126', '鄭煥筑', '女', '2006-06-02', '0925458737', NULL, 'vivian3172@outlook.com', 'haye7907', 5350, '高雄市鳳山區鳳松路7號7樓', 'S238285557'),
('mem127', '陳淇羚', '女', '1975-01-15', '0910330413', NULL, 'briana4841@icloud.com', 'philip2303', 7098, '桃園市龜山區民安街52號', 'S245220842'),
('mem128', '曾叢翊', '女', '1988-03-02', '0970015660', NULL, 'coombs919@yahoo.com', 'finley3981', 2364, '花蓮縣花蓮市國盛四街100號', 'D277508024'),
('mem129', '林晤進', '男', '2006-08-21', '0968433948', NULL, 'louis2801@gmail.com', 'pavel4451', 1772, '彰化縣二水鄉水尾巷78號8樓', 'I178515879'),
('mem130', '陳力羽', '女', '2009-08-31', '0922024226', NULL, 'hannah4694@icloud.com', 'lucy2431', 1683, '臺中市石岡區豐勢路76號', 'Q268440644'),
('mem131', '陳芝鳴', '男', '2007-03-13', '0923417761', NULL, 'kenny543@outlook.com', 'chavez6149', 5833, '臺南市永康區東橋十街57號', 'R187289688'),
('mem132', '張韜鬆', '男', '1960-12-30', '0924776105', NULL, 'brandon2090@outlook.com', 'andrew8448', 2496, '雲林縣水林鄉下庄路29號', 'O108708847'),
('mem133', '趙俞馳', '男', '1971-01-29', '0929668447', NULL, 'ernest3757@hotmail.com', 'carlisle2834', 2060, '彰化縣伸港鄉慶安北路77號', 'R195330283'),
('mem134', '張欣羚', '女', '1972-02-02', '0927676423', NULL, 'isabel8251@yahoo.com', 'gunter1837', 6350, '桃園市楊梅區文德路50號8樓', 'G271428539'),
('mem135', '楊丞宜', '女', '1960-01-25', '0929690983', NULL, 'selina8003@hotmail.com', 'lewis5678', 1645, '高雄市三民區復興一路52號', 'S296201499'),
('mem136', '李寧洪', '男', '2002-09-15', '0925872241', NULL, 'kenneth9722@yahoo.com', 'austin3228', 7279, '桃園市新屋區福洲三街10號', 'O120951137'),
('mem137', '袁初盧', '女', '2011-05-12', '0953490894', NULL, 'beverly1524@gmail.com', 'charles9855', 1382, '臺中市南屯區工業區二十六路28號', 'A265941105'),
('mem138', '胡淼茂', '男', '2015-10-27', '0955400736', NULL, 'green6059@gmail.com', 'whalen4372', 3364, '彰化縣秀水鄉宋厝巷60號7樓', 'B109512736'),
('mem139', '姜嬈嬌', '女', '1993-01-21', '0911922533', NULL, 'atlas3583@hotmail.com', 'vanessa7664', 1633, '苗栗縣卓蘭鎮溪洲街61號', 'Z263666888'),
('mem140', '鐘琉連', '女', '1985-11-28', '0925995521', NULL, 'jillian8022@gmail.com', 'pavel6948', 6084, '桃園市中壢區忠孝路6號11樓', 'C274284151'),
('mem141', '馮利捷', '女', '2020-03-11', '0938531056', NULL, 'lily122@gmail.com', 'gutierrez5111', 5449, '高雄市楠梓區智昌街35號8樓', 'T210670282'),
('mem142', '林于婧', '女', '1992-06-18', '0989000896', NULL, 'lee1897@gmail.com', 'doris5968', 1259, '臺南市歸仁區保吉路13號', 'Q282927997'),
('mem143', '黃祐翰', '男', '2018-12-03', '0924643301', NULL, 'wilson1280@gmail.com', 'rodney8748', 1905, '臺中市西區五權七街43號', 'Z178909405'),
('mem144', '姚彰智', '男', '1966-04-18', '0927726030', NULL, 'alfredo7590@gmail.com', 'rebecca6116', 2706, '雲林縣斗六市中興路60號2樓之17', 'B162175475'),
('mem145', '張可超', '男', '1977-04-03', '0958141271', '阿超', 'wood5548@outlook.com', 'irene2671', 7039, '新北市永和區永亨路76號', 'F154057202'),
('mem146', '蘇晶熙', '女', '1960-01-05', '0982750244', NULL, 'lizzie9509@outlook.com', 'calder2528', 3153, '新竹縣竹北市溪州路5號之2', 'K285101099'),
('mem147', '李展福', '男', '1996-04-25', '0982681413', NULL, 'dylan282@gmail.com', 'graham6634', 5573, '彰化縣鹿港鎮吉安路47號之14', 'M112039236'),
('mem148', '張奕羣', '男', '1981-10-11', '0912390800', NULL, 'edwards5793@gmail.com', 'thomas5898', 5824, '高雄市前鎮區台鋁四巷84號6樓', 'X134395679'),
('mem149', '郭才禧', '男', '2015-10-11', '0935167162', NULL, 'eduardo9788@gmail.com', 'betty4849', 2334, '高雄市鳳山區南進六街91號10樓', 'L161863116'),
('mem150', '葉玉舟', '男', '2008-08-22', '0914524425', NULL, 'nicole7440@gmail.com', 'liya391', 1723, '桃園市龜山區幸福三十三街95號', 'H166104290'),
('mem151', '石凡菁', '女', '1996-11-03', '0968884868', NULL, 'camille8572@gmail.com', 'jefferson5168', 2557, '高雄市田寮區崇德路65號', 'A234446808'),
('mem152', '陸安影', '女', '1986-11-21', '0989050441', NULL, 'janice3654@outlook.com', 'jesse7796', 3942, '雲林縣西螺鎮福安街10號12樓', 'M279638951'),
('mem153', '楊潞雨', '女', '1998-08-04', '0952437436', NULL, 'sharon6058@gmail.com', 'longoria7141', 2824, '高雄市三民區鼎金二橫巷68號4樓之6', 'D278961927'),
('mem154', '蔡奕爾', '女', '1975-10-29', '0929470059', NULL, 'donovan234@gmail.com', 'paula7763', 2783, '南投縣竹山鎮水尾巷66號', 'C297932310'),
('mem155', '連苑雄', '男', '2009-08-14', '0961432746', NULL, 'arthur2080@gmail.com', 'harrison9339', 1364, '新北市八里區文心街50號', 'H164161171'),
('mem156', '石卓璇', '女', '2011-06-26', '0911372937', NULL, 'samantha6342@yahoo.com', 'bledel3130', 2221, '新竹縣竹東鎮長安路48號4樓', 'V273997253'),
('mem157', '程宇曉', '女', '1964-12-19', '0971320774', NULL, 'sinatra8427@gmail.com', 'graham7949', 3845, '新竹市東區田美二街15號5樓', 'F261429701'),
('mem158', '張棟馨', '男', '2006-07-29', '0955301832', NULL, 'spielberg5062@yahoo.com', 'walton3046', 2010, '雲林縣斗南鎮新崙中路69號', 'W145452025'),
('mem159', '陳耿運', '男', '1969-08-19', '0933286738', NULL, 'graham7387@yahoo.com', 'randolph6308', 8277, '新竹縣關西鎮拱子溝47號5樓', 'Q187785371'),
('mem160', '吳培熙', '女', '1990-08-20', '0971643850', NULL, 'haley2805@icloud.com', 'cheryl434', 2379, '宜蘭縣蘇澳鎮水道巷76號', 'J217321775'),
('mem161', '張呈眉', '女', '2000-02-01', '0954491904', NULL, 'jillian2052@gmail.com', 'selina142', 3916, '花蓮縣吉安鄉太昌路67號', 'R233697672'),
('mem162', '龔家茜', '女', '1967-05-23', '0912422160', '小茜', 'taylor2115@hotmail.com', 'joan6152', 3483, '臺南市新市區仁愛街16號', 'F271037180'),
('mem163', '古瞻鈞', '男', '2013-09-26', '0919682985', NULL, 'trenton8033@hotmail.com', 'jeffries8756', 1506, '臺北市中山區新生北路１段73號4樓之20', 'Z105247023'),
('mem164', '連庭連', '女', '2002-07-03', '0929992923', NULL, 'stella234@icloud.com', 'vicky8074', 6003, '彰化縣埔心鄉聖天路52號之13', 'O277885080'),
('mem165', '張恆芝', '男', '1985-06-04', '0963555918', NULL, 'devin377@outlook.com', 'brian9417', 6865, '雲林縣斗六市鎮北路20號7樓', 'H103683447'),
('mem166', '馮曉豔', '女', '1986-06-14', '0970931969', NULL, 'gaddis398@gmail.com', 'reed9245', 1373, '臺南市新市區豐華71號2樓', 'T265576739'),
('mem167', '蔣睿遠', '男', '2006-04-03', '0954225465', NULL, 'collins881@yahoo.com', 'arnold6951', 6180, '臺北市信義區吳興街88號之18', 'Q119177036'),
('mem168', '藍濮茹', '女', '1993-06-17', '0914722266', '茹茹', 'velazquez5465@outlook.com', 'vives8885', 5406, '新北市林口區寶斗厝坑91號', 'X286061075'),
('mem169', '陸亭姝', '女', '1987-08-12', '0930548017', NULL, 'lakshmi3519@gmail.com', 'judy2976', 2210, '花蓮縣壽豐鄉芳寮82號3樓', 'Y241526883'),
('mem170', '紀琉真', '女', '2005-01-13', '0963835396', NULL, 'linda1290@yahoo.com', 'breslin3541', 3122, '新竹縣芎林鄉文山路92號之2', 'I256988281'),
('mem171', '陳瑋軒', '男', '1978-09-04', '0924543882', NULL, 'peppernell4205@yahoo.com', 'pitcher4602', 3313, '宜蘭縣羅東鎮博愛路43號', 'J147968524'),
('mem172', '洪明棟', '男', '1989-05-06', '0968605879', NULL, 'gerson4924@gmail.com', 'leonard9576', 6310, '屏東縣屏東市環東街30號', 'I130845921'),
('mem173', '陳聖莎', '女', '1960-09-21', '0922659317', NULL, 'abkarian3811@gmail.com', 'blaine5796', 1103, '苗栗縣三灣鄉浮橋86號之9', 'N271822274'),
('mem174', '邵明流', '男', '1995-08-21', '0925415529', NULL, 'carlisle3336@gmail.com', 'jimenez6690', 2229, '臺東縣卑南鄉文泰路52號5樓之9', 'Z113506353'),
('mem175', '金瀟良', '男', '1997-08-05', '0937138900', NULL, 'sean6758@gmail.com', 'caitlin2414', 1357, '臺東縣臺東市仁七街38號', 'C110687790'),
('mem176', '金楠進', '男', '1987-11-22', '0932041598', NULL, 'eugene4423@gmail.com', 'catherine7268', 1547, '南投縣集集鎮湳底巷59號7樓', 'R103094554'),
('mem177', '李妍政', '女', '1966-05-17', '0938842340', NULL, 'jones7659@gmail.com', 'chris8394', 1131, '宜蘭縣三星鄉安農北路３段43號10樓', 'Z297029022'),
('mem178', '吳嬡瑩', '女', '1972-09-12', '0910792132', NULL, 'edith1881@yahoo.com', 'lena471', 3263, '臺南市永康區永大一路80號之2', 'B294472709'),
('mem179', '葉凝懿', '女', '1968-08-14', '0935651409', NULL, 'kudrow6174@hotmail.com', 'rebecca2614', 5266, '花蓮縣吉安鄉廣賢路１段34號', 'A261236578'),
('mem180', '高亭甯', '女', '1971-03-20', '0927607918', NULL, 'price4818@hotmail.com', 'percy2063', 6311, '雲林縣臺西鄉光華18號', 'E282382908'),
('mem181', '陳思言', '女', '2011-04-20', '0938142855', NULL, 'debra2113@hotmail.com', 'mikayla4509', 5417, '臺中市豐原區文昌西街19號', 'K297906086'),
('mem182', '古依緹', '女', '1962-12-04', '0939370907', NULL, 'bella5582@icloud.com', 'larry1957', 1026, '臺北市松山區敦化北路21號12樓', 'Q284854755'),
('mem183', '梁真霞', '女', '1994-01-12', '0939475995', NULL, 'murphy7717@icloud.com', 'bolton6282', 2597, '臺南市柳營區果毅後91號', 'A217587266'),
('mem184', '曾塵靖', '男', '2012-09-08', '0917256197', NULL, 'daniel616@icloud.com', 'lia984', 2370, '臺中市西屯區中清路２段59號', 'C164506773'),
('mem185', '古愛晶', '女', '1971-12-05', '0935725042', NULL, 'carol7847@gmail.com', 'hillary7006', 1702, '臺北市大安區大安路１段2號', 'S257514224'),
('mem186', '汪娟致', '女', '1980-01-30', '0918210127', NULL, 'bates4220@hotmail.com', 'patel9349', 2569, '桃園市楊梅區民有路１段78號10樓之8', 'E200819515'),
('mem187', '楊棋飛', '女', '1971-05-04', '0926519529', '阿飛', 'mitchell7531@gmail.com', 'abigail3078', 2106, '雲林縣虎尾鎮光復路45號之16', 'Z211582900'),
('mem188', '劉採金', '女', '1998-06-16', '0986904171', NULL, 'spielberg2986@hotmail.com', 'kayla6544', 1593, '彰化縣北斗鎮中寮二路46號3樓', 'C283576519'),
('mem189', '莊劉可', '男', '1962-08-05', '0913833582', NULL, 'russell7398@gmail.com', 'farmiga917', 3970, '高雄市六龜區民生路30號', 'D125915980'),
('mem190', '張劉鑫', '男', '2018-03-25', '0937564082', NULL, 'jimenez3753@gmail.com', 'leslie6457', 3826, '新北市鶯歌區二甲路佳美巷78號', 'S103080739'),
('mem191', '梁棟江', '男', '1996-05-02', '0910219225', NULL, 'chet259@hotmail.com', 'mike588', 5457, '雲林縣林內鄉中正路91號', 'S166830300'),
('mem192', '方力珈', '女', '2015-04-01', '0935746220', NULL, 'myers8267@gmail.com', 'caleb3475', 2020, '高雄市三民區大德街5號12樓', 'U257200683'),
('mem193', '邱峯文', '男', '1998-12-19', '0936502190', NULL, 'alvarez8110@gmail.com', 'stewart4329', 1224, '花蓮縣鳳林鎮大進街48號', 'W150101848'),
('mem194', '黃傑禹', '男', '1966-11-03', '0932646305', NULL, 'tyler7485@icloud.com', 'miguel6715', 3050, '桃園市龍潭區休閒街94號', 'D152261368'),
('mem195', '鄧子瑾', '男', '1974-01-20', '0937073660', NULL, 'nicole986@gmail.com', 'brooke7379', 3039, '臺中市東勢區忠孝街23號10樓', 'Y183723513'),
('mem196', '翁茂融', '男', '1989-05-14', '0925743750', NULL, 'mcqueen9326@hotmail.com', 'aletta1022', 5035, '高雄市橋頭區樹和路17號', 'R105775427'),
('mem197', '顏先英', '女', '1968-07-27', '0989673400', NULL, 'tara6039@gmail.com', 'dan8454', 2433, '雲林縣斗六市大學路３段23號', 'J240012843'),
('mem198', '賴昭莉', '女', '1972-10-29', '0912647977', '莉莉', 'garrix6299@hotmail.com', 'wonka5858', 5053, '彰化縣彰化市中山路１段18號', 'U248906341'),
('mem199', '戴倩淑', '女', '1969-09-10', '0917302168', NULL, 'samantha1469@gmail.com', 'jose3647', 5345, '彰化縣員林市員林大道３段100號8樓', 'R208280605'),
('mem200', '楊柯茜', '女', '1966-02-12', '0911088959', NULL, 'asher1441@gmail.com', 'eric9667', 7435, '宜蘭縣五結鄉三吉中路47號', 'F284744881');

-- --------------------------------------------------------

--
-- 資料表結構 `shopping_cart`
--

CREATE TABLE `shopping_cart` (
  `shoppingCart_id` varchar(11) CHARACTER SET utf8 COLLATE utf8_general_ci DEFAULT NULL,
  `product_id` varchar(10) CHARACTER SET utf8 COLLATE utf8_general_ci DEFAULT NULL,
  `expetedAmount` int(11) DEFAULT NULL
) ENGINE=InnoDB DEFAULT CHARSET=utf8mb4 COLLATE=utf8mb4_general_ci;

--
-- 傾印資料表的資料 `shopping_cart`
--

INSERT INTO `shopping_cart` (`shoppingCart_id`, `product_id`, `expetedAmount`) VALUES
('SHCART00001', 'PD00023', 9),
('SHCART00001', 'PD00032', 9),
('SHCART00001', 'PD00052', 7),
('SHCART00001', 'PD00061', 9),
('SHCART00001', 'PD00031', 10),
('SHCART00002', 'PD00013', 1),
('SHCART00002', 'PD00084', 10),
('SHCART00002', 'PD00063', 3),
('SHCART00002', 'PD00122', 10),
('SHCART00002', 'PD00202', 6),
('SHCART00002', 'PD00015', 6),
('SHCART00002', 'PD00021', 6),
('SHCART00003', 'PD00125', 4),
('SHCART00003', 'PD00134', 2),
('SHCART00003', 'PD00143', 10),
('SHCART00003', 'PD00154', 7),
('SHCART00003', 'PD00010', 6),
('SHCART00003', 'PD00019', 9),
('SHCART00004', 'PD00137', 8),
('SHCART00004', 'PD00119', 8),
('SHCART00004', 'PD00069', 6),
('SHCART00004', 'PD00051', 4),
('SHCART00004', 'PD00031', 6),
('SHCART00004', 'PD00013', 2),
('SHCART00005', 'PD00068', 4),
('SHCART00005', 'PD00136', 1),
('SHCART00005', 'PD00174', 7),
('SHCART00005', 'PD00012', 3),
('SHCART00005', 'PD00050', 1),
('SHCART00005', 'PD00118', 10),
('SHCART00006', 'PD00020', 5),
('SHCART00006', 'PD00029', 10),
('SHCART00006', 'PD00049', 5),
('SHCART00006', 'PD00058', 6),
('SHCART00006', 'PD00067', 4),
('SHCART00007', 'PD00011', 5),
('SHCART00007', 'PD00020', 10),
('SHCART00007', 'PD00029', 1),
('SHCART00007', 'PD00049', 9),
('SHCART00007', 'PD00058', 10),
('SHCART00007', 'PD00067', 3),
('SHCART00008', 'PD00117', 2),
('SHCART00008', 'PD00126', 4),
('SHCART00008', 'PD00135', 8),
('SHCART00009', 'PD00131', 5),
('SHCART00009', 'PD00024', 5),
('SHCART00009', 'PD00081', 4),
('SHCART00009', 'PD00085', 7),
('SHCART00010', 'PD00037', 1),
('SHCART00010', 'PD00048', 10),
('SHCART00010', 'PD00057', 1),
('SHCART00010', 'PD00066', 5),
('SHCART00010', 'PD00075', 9),
('SHCART00010', 'PD00116', 10),
('SHCART00010', 'PD00125', 6),
('SHCART00010', 'PD00134', 9),
('SHCART00010', 'PD00143', 2),
('SHCART00010', 'PD00154', 10),
('SHCART00010', 'PD00163', 7),
('SHCART00011', 'PD00023', 5),
('SHCART00011', 'PD00032', 5),
('SHCART00011', 'PD00052', 1),
('SHCART00011', 'PD00061', 6),
('SHCART00011', 'PD00031', 9),
('SHCART00012', 'PD00013', 2),
('SHCART00012', 'PD00084', 1),
('SHCART00012', 'PD00063', 8),
('SHCART00012', 'PD00122', 1),
('SHCART00012', 'PD00202', 10),
('SHCART00012', 'PD00015', 8),
('SHCART00012', 'PD00021', 4),
('SHCART00013', 'PD00125', 2),
('SHCART00013', 'PD00134', 3),
('SHCART00013', 'PD00143', 5),
('SHCART00013', 'PD00154', 8),
('SHCART00013', 'PD00010', 6),
('SHCART00013', 'PD00019', 5),
('SHCART00014', 'PD00137', 9),
('SHCART00014', 'PD00119', 8),
('SHCART00014', 'PD00069', 2),
('SHCART00014', 'PD00051', 1),
('SHCART00014', 'PD00031', 5),
('SHCART00014', 'PD00013', 7),
('SHCART00015', 'PD00068', 3),
('SHCART00015', 'PD00136', 8),
('SHCART00015', 'PD00174', 4),
('SHCART00015', 'PD00012', 10),
('SHCART00015', 'PD00050', 7),
('SHCART00015', 'PD00118', 1),
('SHCART00016', 'PD00020', 3),
('SHCART00016', 'PD00029', 10),
('SHCART00016', 'PD00049', 3),
('SHCART00016', 'PD00058', 10),
('SHCART00016', 'PD00067', 2),
('SHCART00017', 'PD00011', 3),
('SHCART00017', 'PD00020', 4),
('SHCART00017', 'PD00029', 5),
('SHCART00017', 'PD00049', 4),
('SHCART00017', 'PD00058', 5),
('SHCART00017', 'PD00067', 3),
('SHCART00018', 'PD00117', 5),
('SHCART00018', 'PD00126', 10),
('SHCART00018', 'PD00135', 6),
('SHCART00019', 'PD00131', 10),
('SHCART00019', 'PD00024', 10),
('SHCART00019', 'PD00081', 5),
('SHCART00019', 'PD00085', 5),
('SHCART00020', 'PD00037', 9),
('SHCART00020', 'PD00048', 1),
('SHCART00020', 'PD00057', 1),
('SHCART00020', 'PD00066', 2),
('SHCART00020', 'PD00075', 1),
('SHCART00020', 'PD00116', 3),
('SHCART00020', 'PD00125', 8),
('SHCART00020', 'PD00134', 5),
('SHCART00020', 'PD00143', 9),
('SHCART00020', 'PD00154', 3),
('SHCART00020', 'PD00163', 8);

--
-- 已傾印資料表的索引
--

--
-- 資料表索引 `act`
--
ALTER TABLE `act`
  ADD PRIMARY KEY (`Act_Id`);

--
-- 資料表索引 `basiclist`
--
ALTER TABLE `basiclist`
  ADD PRIMARY KEY (`Pet_Id`);

--
-- 資料表索引 `diary_content`
--
ALTER TABLE `diary_content`
  ADD PRIMARY KEY (`sid`);

--
-- 資料表索引 `forum_article_1024v3`
--
ALTER TABLE `forum_article_1024v3`
  ADD PRIMARY KEY (`justnumber`);

--
-- 資料表索引 `product`
--
ALTER TABLE `product`
  ADD PRIMARY KEY (`product_id`);

--
-- 資料表索引 `product_category`
--
ALTER TABLE `product_category`
  ADD PRIMARY KEY (`category_id`);

--
-- 在傾印的資料表使用自動遞增(AUTO_INCREMENT)
--

--
-- 使用資料表自動遞增(AUTO_INCREMENT) `act`
--
ALTER TABLE `act`
  MODIFY `Act_Id` int(11) NOT NULL AUTO_INCREMENT, AUTO_INCREMENT=37;

--
-- 使用資料表自動遞增(AUTO_INCREMENT) `basiclist`
--
ALTER TABLE `basiclist`
  MODIFY `Pet_Id` int(11) NOT NULL AUTO_INCREMENT, AUTO_INCREMENT=51;

--
-- 使用資料表自動遞增(AUTO_INCREMENT) `diary_content`
--
ALTER TABLE `diary_content`
  MODIFY `sid` int(11) NOT NULL AUTO_INCREMENT, AUTO_INCREMENT=381;

--
-- 使用資料表自動遞增(AUTO_INCREMENT) `forum_article_1024v3`
--
ALTER TABLE `forum_article_1024v3`
  MODIFY `justnumber` int(11) NOT NULL AUTO_INCREMENT, AUTO_INCREMENT=456;

--
-- 使用資料表自動遞增(AUTO_INCREMENT) `product`
--
ALTER TABLE `product`
  MODIFY `product_id` int(11) NOT NULL AUTO_INCREMENT, AUTO_INCREMENT=250;

--
-- 使用資料表自動遞增(AUTO_INCREMENT) `product_category`
--
ALTER TABLE `product_category`
  MODIFY `category_id` int(11) NOT NULL AUTO_INCREMENT, AUTO_INCREMENT=14;
COMMIT;

/*!40101 SET CHARACTER_SET_CLIENT=@OLD_CHARACTER_SET_CLIENT */;
/*!40101 SET CHARACTER_SET_RESULTS=@OLD_CHARACTER_SET_RESULTS */;
/*!40101 SET COLLATION_CONNECTION=@OLD_COLLATION_CONNECTION */;
